"","T_MAPCODE","RoD","B1i_rod","B2i_rod","B1i_inv","B2i_inv","B1iii_sp","B2iii_sp","B1_fin","B2_fin","B1_source","B2_source"
"1","AT15",0,"LC","LC","LC","LC","LC","LC","LC","LC","B1i_rod, B1i_inv, B1iii_sp","B2i_rod, B2i_inv, B2iii_sp"
"2","AT16",0,"LC","LC","LC","LC","LC","LC","LC","LC","B1i_rod, B1i_inv, B1iii_sp","B2i_rod, B2i_inv, B2iii_sp"
"3","AT17",0.1,"LC","LC","LC","LC","LC","LC","LC","LC","B1i_rod, B1i_inv, B1iii_sp","B2i_rod, B2i_inv, B2iii_sp"
"4","AT18",0.1,"LC","LC","LC","LC","LC","LC","LC","LC","B1i_rod, B1i_inv, B1iii_sp","B2i_rod, B2i_inv, B2iii_sp"
"5","AT19",0,"LC","LC","LC","LC","LC","LC","LC","LC","B1i_rod, B1i_inv, B1iii_sp","B2i_rod, B2i_inv, B2iii_sp"
"6","AT20",0.3,"LC","LC","LC","LC","LC","LC","LC","LC","B1i_rod, B1i_inv, B1iii_sp","B2i_rod, B2i_inv, B2iii_sp"
"7","AT21",0.1,"LC","LC","LC","LC","LC","LC","LC","LC","B1i_rod, B1i_inv, B1iii_sp","B2i_rod, B2i_inv, B2iii_sp"
"8","AT22",0.5,"CR","EN","LC","LC","LC","LC","CR","EN","B1i_rod","B2i_rod"
"9","AT23",0,"LC","LC","LC","LC","LC","LC","LC","LC","B1i_rod, B1i_inv, B1iii_sp","B2i_rod, B2i_inv, B2iii_sp"
"10","AT24",0,"LC","LC","LC","LC","LC","LC","LC","LC","B1i_rod, B1i_inv, B1iii_sp","B2i_rod, B2i_inv, B2iii_sp"
"11","AT25",0,"LC","LC","LC","LC","LC","LC","LC","LC","B1i_rod, B1i_inv, B1iii_sp","B2i_rod, B2i_inv, B2iii_sp"
"12","AT26",0.2,"LC","LC","LC","LC","LC","LC","LC","LC","B1i_rod, B1i_inv, B1iii_sp","B2i_rod, B2i_inv, B2iii_sp"
"13","AT27",0,"LC","LC","LC","LC","LC","LC","LC","LC","B1i_rod, B1i_inv, B1iii_sp","B2i_rod, B2i_inv, B2iii_sp"
"14","AT28",0,"LC","LC","LC","LC","LC","LC","LC","LC","B1i_rod, B1i_inv, B1iii_sp","B2i_rod, B2i_inv, B2iii_sp"
"15","AT29",0,"LC","LC","LC","LC","LC","LC","LC","LC","B1i_rod, B1i_inv, B1iii_sp","B2i_rod, B2i_inv, B2iii_sp"
"16","AT30",0,"LC","LC","LC","LC","LC","LC","LC","LC","B1i_rod, B1i_inv, B1iii_sp","B2i_rod, B2i_inv, B2iii_sp"
"17","AT31",0,"LC","LC","LC","LC","LC","LC","LC","LC","B1i_rod, B1i_inv, B1iii_sp","B2i_rod, B2i_inv, B2iii_sp"
"18","AT32",0,"LC","LC","LC","LC","LC","LC","LC","LC","B1i_rod, B1i_inv, B1iii_sp","B2i_rod, B2i_inv, B2iii_sp"
"19","AT33",0,"LC","LC","LC","LC","LC","LC","LC","LC","B1i_rod, B1i_inv, B1iii_sp","B2i_rod, B2i_inv, B2iii_sp"
"20","AT34",0,"LC","LC","LC","LC","LC","LC","LC","LC","B1i_rod, B1i_inv, B1iii_sp","B2i_rod, B2i_inv, B2iii_sp"
"21","AT35",0.2,"LC","LC","LC","LC","LC","LC","LC","LC","B1i_rod, B1i_inv, B1iii_sp","B2i_rod, B2i_inv, B2iii_sp"
"22","AT36",0.4,"CR","EN","LC","LC","LC","LC","CR","EN","B1i_rod","B2i_rod"
"23","AT37",0.4,"CR","EN","LC","LC","LC","LC","CR","EN","B1i_rod","B2i_rod"
"24","AT38",0.2,"LC","LC","LC","LC","LC","LC","LC","LC","B1i_rod, B1i_inv, B1iii_sp","B2i_rod, B2i_inv, B2iii_sp"
"25","AT39",0.1,"LC","LC","LC","LC","LC","LC","LC","LC","B1i_rod, B1i_inv, B1iii_sp","B2i_rod, B2i_inv, B2iii_sp"
"26","AT40",0.2,"LC","LC","LC","LC","EN","VU","EN","VU","B1iii_sp","B2iii_sp"
"27","AT41",0.2,"LC","LC","LC","LC","LC","LC","LC","LC","B1i_rod, B1i_inv, B1iii_sp","B2i_rod, B2i_inv, B2iii_sp"
"28","AT42",0.2,"LC","LC","LC","LC","LC","LC","LC","LC","B1i_rod, B1i_inv, B1iii_sp","B2i_rod, B2i_inv, B2iii_sp"
"29","AT43",0.1,"LC","LC","LC","LC","LC","LC","LC","LC","B1i_rod, B1i_inv, B1iii_sp","B2i_rod, B2i_inv, B2iii_sp"
"30","AT44",0.9,"CR","EN","LC","LC","LC","LC","CR","EN","B1i_rod","B2i_rod"
"31","AT45",0.1,"LC","LC","LC","LC","LC","LC","LC","LC","B1i_rod, B1i_inv, B1iii_sp","B2i_rod, B2i_inv, B2iii_sp"
"32","AT46",0,"LC","LC","LC","LC","LC","LC","LC","LC","B1i_rod, B1i_inv, B1iii_sp","B2i_rod, B2i_inv, B2iii_sp"
"33","AT47",0,"LC","LC","LC","LC","LC","LC","LC","LC","B1i_rod, B1i_inv, B1iii_sp","B2i_rod, B2i_inv, B2iii_sp"
"34","AT48",0.2,"LC","LC","CR","EN","LC","LC","CR","EN","B1i_inv","B2i_inv"
"35","AT49",0,"LC","LC","LC","LC","LC","LC","LC","LC","B1i_rod, B1i_inv, B1iii_sp","B2i_rod, B2i_inv, B2iii_sp"
"36","AT50",0.1,"LC","LC","LC","LC","LC","LC","LC","LC","B1i_rod, B1i_inv, B1iii_sp","B2i_rod, B2i_inv, B2iii_sp"
"37","AT51",0.2,"LC","LC","LC","LC","LC","LC","LC","LC","B1i_rod, B1i_inv, B1iii_sp","B2i_rod, B2i_inv, B2iii_sp"
"38","AT52",0.2,"LC","LC","LC","LC","LC","LC","LC","LC","B1i_rod, B1i_inv, B1iii_sp","B2i_rod, B2i_inv, B2iii_sp"
"39","AT53",0.5,"CR","EN","LC","LC","LC","LC","CR","EN","B1i_rod","B2i_rod"
"40","AT54",0,"LC","LC","LC","LC","LC","LC","LC","LC","B1i_rod, B1i_inv, B1iii_sp","B2i_rod, B2i_inv, B2iii_sp"
"41","AT55",0,"LC","LC","LC","LC","LC","LC","LC","LC","B1i_rod, B1i_inv, B1iii_sp","B2i_rod, B2i_inv, B2iii_sp"
"42","AT56",0.2,"LC","LC","LC","LC","LC","LC","LC","LC","B1i_rod, B1i_inv, B1iii_sp","B2i_rod, B2i_inv, B2iii_sp"
"43","AT57",0.2,"LC","LC","LC","LC","EN","EN","EN","EN","B1iii_sp","B2iii_sp"
"44","AT58",0,"LC","LC","LC","LC","LC","LC","LC","LC","B1i_rod, B1i_inv, B1iii_sp","B2i_rod, B2i_inv, B2iii_sp"
"45","AZa1",0,"LC","LC","LC","LC","LC","LC","LC","LC","B1i_rod, B1i_inv, B1iii_sp","B2i_rod, B2i_inv, B2iii_sp"
"46","AZa2",0.8,"EN","VU","EN","VU","LC","LC","EN","VU","B1i_rod, B1i_inv","B2i_rod, B2i_inv"
"47","AZa3",0.3,"LC","LC","LC","LC","LC","LC","LC","LC","B1i_rod, B1i_inv, B1iii_sp","B2i_rod, B2i_inv, B2iii_sp"
"48","AZa4",0.3,"LC","LC","LC","LC","LC","LC","LC","LC","B1i_rod, B1i_inv, B1iii_sp","B2i_rod, B2i_inv, B2iii_sp"
"49","AZa5",0.2,"LC","LC","LC","LC","LC","LC","LC","LC","B1i_rod, B1i_inv, B1iii_sp","B2i_rod, B2i_inv, B2iii_sp"
"50","AZa6",0.5,"EN","LC","LC","LC","LC","LC","EN","LC","B1i_rod","B2i_rod, B2i_inv, B2iii_sp"
"51","AZa7",0.3,"LC","LC","LC","LC","LC","LC","LC","LC","B1i_rod, B1i_inv, B1iii_sp","B2i_rod, B2i_inv, B2iii_sp"
"52","AZd1",1.5,"CR","CR","LC","LC","LC","LC","CR","CR","B1i_rod","B2i_rod"
"53","AZd2",0.4,"EN","CR","LC","LC","LC","LC","EN","CR","B1i_rod","B2i_rod"
"54","AZd3",0,"LC","LC","LC","LC","LC","LC","LC","LC","B1i_rod, B1i_inv, B1iii_sp","B2i_rod, B2i_inv, B2iii_sp"
"55","AZd4",0.1,"LC","LC","LC","LC","LC","LC","LC","LC","B1i_rod, B1i_inv, B1iii_sp","B2i_rod, B2i_inv, B2iii_sp"
"56","AZi1",0.1,"LC","LC","LC","LC","LC","LC","LC","LC","B1i_rod, B1i_inv, B1iii_sp","B2i_rod, B2i_inv, B2iii_sp"
"57","AZi3",0,"LC","LC","LC","LC","LC","LC","LC","LC","B1i_rod, B1i_inv, B1iii_sp","B2i_rod, B2i_inv, B2iii_sp"
"58","AZi5",0,"LC","LC","LC","LC","LC","LC","LC","LC","B1i_rod, B1i_inv, B1iii_sp","B2i_rod, B2i_inv, B2iii_sp"
"59","AZi6",0.1,"LC","LC","LC","LC","LC","LC","LC","LC","B1i_rod, B1i_inv, B1iii_sp","B2i_rod, B2i_inv, B2iii_sp"
"60","AZi7",0,"LC","LC","LC","LC","LC","LC","LC","LC","B1i_rod, B1i_inv, B1iii_sp","B2i_rod, B2i_inv, B2iii_sp"
"61","AZi8",0.7,"EN","VU","LC","LC","LC","LC","EN","VU","B1i_rod","B2i_rod"
"62","AZs3",0,"LC","LC","LC","LC","LC","LC","LC","LC","B1i_rod, B1i_inv, B1iii_sp","B2i_rod, B2i_inv, B2iii_sp"
"63","Dg1",0,"LC","LC","LC","LC","LC","LC","LC","LC","B1i_rod, B1i_inv, B1iii_sp","B2i_rod, B2i_inv, B2iii_sp"
"64","Dg10",0,"LC","LC","LC","LC","LC","LC","LC","LC","B1i_rod, B1i_inv, B1iii_sp","B2i_rod, B2i_inv, B2iii_sp"
"65","Dg2",0,"LC","LC","LC","LC","LC","LC","LC","LC","B1i_rod, B1i_inv, B1iii_sp","B2i_rod, B2i_inv, B2iii_sp"
"66","Dg3",0.1,"LC","LC","LC","LC","LC","LC","LC","LC","B1i_rod, B1i_inv, B1iii_sp","B2i_rod, B2i_inv, B2iii_sp"
"67","Dg4",0,"LC","LC","LC","LC","LC","LC","LC","LC","B1i_rod, B1i_inv, B1iii_sp","B2i_rod, B2i_inv, B2iii_sp"
"68","Dg5",0,"LC","LC","LC","LC","LC","LC","LC","LC","B1i_rod, B1i_inv, B1iii_sp","B2i_rod, B2i_inv, B2iii_sp"
"69","Dg6",0,"LC","LC","LC","LC","LC","LC","LC","LC","B1i_rod, B1i_inv, B1iii_sp","B2i_rod, B2i_inv, B2iii_sp"
"70","Dg7",0,"LC","LC","LC","LC","LC","LC","LC","LC","B1i_rod, B1i_inv, B1iii_sp","B2i_rod, B2i_inv, B2iii_sp"
"71","Dg8",0,"LC","LC","LC","LC","LC","LC","LC","LC","B1i_rod, B1i_inv, B1iii_sp","B2i_rod, B2i_inv, B2iii_sp"
"72","Dg9",0,"LC","LC","LC","LC","LC","LC","LC","LC","B1i_rod, B1i_inv, B1iii_sp","B2i_rod, B2i_inv, B2iii_sp"
"73","Dn1",1.2,"CR","CR","LC","LC","LC","LC","CR","CR","B1i_rod","B2i_rod"
"74","Dn2",0.6,"CR","CR","LC","LC","LC","LC","CR","CR","B1i_rod","B2i_rod"
"75","Dn3",0.1,"LC","LC","LC","LC","LC","LC","LC","LC","B1i_rod, B1i_inv, B1iii_sp","B2i_rod, B2i_inv, B2iii_sp"
"76","Dn4",0.1,"LC","LC","LC","LC","CR","EN","CR","EN","B1iii_sp","B2iii_sp"
"77","Dn5",0.1,"LC","LC","LC","LC","LC","LC","LC","LC","B1i_rod, B1i_inv, B1iii_sp","B2i_rod, B2i_inv, B2iii_sp"
"78","FOa1",0.3,"LC","LC","LC","LC","LC","LC","LC","LC","B1i_rod, B1i_inv, B1iii_sp","B2i_rod, B2i_inv, B2iii_sp"
"79","FOa2",0.2,"LC","LC","LC","LC","LC","LC","LC","LC","B1i_rod, B1i_inv, B1iii_sp","B2i_rod, B2i_inv, B2iii_sp"
"80","FOa3",0.2,"LC","LC","LC","LC","LC","LC","LC","LC","B1i_rod, B1i_inv, B1iii_sp","B2i_rod, B2i_inv, B2iii_sp"
"81","FOz1",0,"LC","LC","LC","LC","LC","LC","LC","LC","B1i_rod, B1i_inv, B1iii_sp","B2i_rod, B2i_inv, B2iii_sp"
"82","FOz2",0.1,"LC","LC","LC","LC","LC","LC","LC","LC","B1i_rod, B1i_inv, B1iii_sp","B2i_rod, B2i_inv, B2iii_sp"
"83","FOz3",0,"LC","LC","LC","LC","LC","LC","LC","LC","B1i_rod, B1i_inv, B1iii_sp","B2i_rod, B2i_inv, B2iii_sp"
"84","FOz4",0,"LC","LC","LC","LC","LC","LC","LC","LC","B1i_rod, B1i_inv, B1iii_sp","B2i_rod, B2i_inv, B2iii_sp"
"85","FOz5",0,"LC","LC","LC","LC","LC","LC","LC","LC","B1i_rod, B1i_inv, B1iii_sp","B2i_rod, B2i_inv, B2iii_sp"
"86","FOz6",0.1,"LC","LC","LC","LC","LC","LC","LC","LC","B1i_rod, B1i_inv, B1iii_sp","B2i_rod, B2i_inv, B2iii_sp"
"87","FOz7",0.3,"LC","LC","LC","LC","LC","LC","LC","LC","B1i_rod, B1i_inv, B1iii_sp","B2i_rod, B2i_inv, B2iii_sp"
"88","FOz8",0.1,"LC","LC","LC","LC","LC","LC","LC","LC","B1i_rod, B1i_inv, B1iii_sp","B2i_rod, B2i_inv, B2iii_sp"
"89","FOz9",0,"LC","LC","LC","LC","LC","LC","LC","LC","B1i_rod, B1i_inv, B1iii_sp","B2i_rod, B2i_inv, B2iii_sp"
"90","FFa1",0.8,"CR","EN","LC","LC","LC","LC","CR","EN","B1i_rod","B2i_rod"
"91","FFa2",0.9,"EN","EN","LC","LC","EN","EN","EN","EN","B1i_rod, B1iii_sp","B2i_rod, B2iii_sp"
"92","FFa3",0.9,"EN","VU","LC","LC","EN","VU","EN","VU","B1i_rod, B1iii_sp","B2i_rod, B2iii_sp"
"93","FFa4",1.9,"CR","EN","LC","LC","CR","EN","CR","EN","B1i_rod, B1iii_sp","B2i_rod, B2iii_sp"
"94","FFb1",0.1,"LC","LC","LC","LC","LC","LC","LC","LC","B1i_rod, B1i_inv, B1iii_sp","B2i_rod, B2i_inv, B2iii_sp"
"95","FFb2",0,"LC","LC","LC","LC","EN","VU","EN","VU","B1iii_sp","B2iii_sp"
"96","FFb3",0,"LC","LC","LC","LC","LC","LC","LC","LC","B1i_rod, B1i_inv, B1iii_sp","B2i_rod, B2i_inv, B2iii_sp"
"97","FFb4",0.1,"LC","LC","LC","LC","LC","LC","LC","LC","B1i_rod, B1i_inv, B1iii_sp","B2i_rod, B2i_inv, B2iii_sp"
"98","FFb5",0.1,"LC","LC","LC","LC","LC","LC","LC","LC","B1i_rod, B1i_inv, B1iii_sp","B2i_rod, B2i_inv, B2iii_sp"
"99","FFb6",0.5,"EN","EN","LC","LC","LC","LC","EN","EN","B1i_rod","B2i_rod"
"100","FFc1",0.6,"EN","VU","LC","LC","EN","VU","EN","VU","B1i_rod, B1iii_sp","B2i_rod, B2iii_sp"
"101","FFd1",0.1,"LC","LC","LC","LC","LC","LC","LC","LC","B1i_rod, B1i_inv, B1iii_sp","B2i_rod, B2i_inv, B2iii_sp"
"102","FFd10",0.7,"CR","EN","LC","LC","LC","LC","CR","EN","B1i_rod","B2i_rod"
"103","FFd11",0.2,"LC","LC","CR","EN","LC","LC","CR","EN","B1i_inv","B2i_inv"
"104","FFd2",0.8,"EN","VU","LC","LC","LC","LC","EN","VU","B1i_rod","B2i_rod"
"105","FFd3",0.3,"LC","LC","LC","LC","EN","VU","EN","VU","B1iii_sp","B2iii_sp"
"106","FFd4",0.4,"EN","VU","EN","VU","EN","VU","EN","VU","B1i_rod, B1i_inv, B1iii_sp","B2i_rod, B2i_inv, B2iii_sp"
"107","FFd5",1.5,"CR","EN","CR","EN","CR","EN","CR","EN","B1i_rod, B1i_inv, B1iii_sp","B2i_rod, B2i_inv, B2iii_sp"
"108","FFd6",0.5,"CR","EN","LC","LC","CR","EN","CR","EN","B1i_rod, B1iii_sp","B2i_rod, B2iii_sp"
"109","FFd7",0.3,"LC","LC","LC","LC","CR","EN","CR","EN","B1iii_sp","B2iii_sp"
"110","FFd8",0.2,"LC","LC","LC","LC","CR","EN","CR","EN","B1iii_sp","B2iii_sp"
"111","FFd9",0.3,"LC","LC","LC","LC","EN","VU","EN","VU","B1iii_sp","B2iii_sp"
"112","FFf1",0.5,"EN","VU","LC","LC","EN","VU","EN","VU","B1i_rod, B1iii_sp","B2i_rod, B2iii_sp"
"113","FFf2",0.3,"LC","LC","LC","LC","CR","EN","CR","EN","B1iii_sp","B2iii_sp"
"114","FFg1",0,"LC","LC","LC","LC","LC","LC","LC","LC","B1i_rod, B1i_inv, B1iii_sp","B2i_rod, B2i_inv, B2iii_sp"
"115","FFg2",0.4,"EN","VU","LC","LC","EN","VU","EN","VU","B1i_rod, B1iii_sp","B2i_rod, B2iii_sp"
"116","FFg3",0.5,"CR","EN","LC","LC","CR","EN","CR","EN","B1i_rod, B1iii_sp","B2i_rod, B2iii_sp"
"117","FFg4",0.1,"LC","LC","LC","LC","LC","LC","LC","LC","B1i_rod, B1i_inv, B1iii_sp","B2i_rod, B2i_inv, B2iii_sp"
"118","FFg5",0.8,"CR","EN","CR","EN","LC","LC","CR","EN","B1i_rod, B1i_inv","B2i_rod, B2i_inv"
"119","FFh1",0.4,"CR","EN","LC","LC","LC","LC","CR","EN","B1i_rod","B2i_rod"
"120","FFh10",0,"LC","LC","LC","LC","LC","LC","LC","LC","B1i_rod, B1i_inv, B1iii_sp","B2i_rod, B2i_inv, B2iii_sp"
"121","FFh11",0.4,"CR","CR","LC","LC","LC","LC","CR","CR","B1i_rod","B2i_rod"
"122","FFh2",0,"LC","LC","LC","LC","LC","LC","LC","LC","B1i_rod, B1i_inv, B1iii_sp","B2i_rod, B2i_inv, B2iii_sp"
"123","FFh3",0.1,"LC","LC","LC","LC","LC","LC","LC","LC","B1i_rod, B1i_inv, B1iii_sp","B2i_rod, B2i_inv, B2iii_sp"
"124","FFh4",0.4,"EN","VU","LC","LC","EN","VU","EN","VU","B1i_rod, B1iii_sp","B2i_rod, B2iii_sp"
"125","FFh5",0.4,"EN","EN","LC","LC","EN","EN","EN","EN","B1i_rod, B1iii_sp","B2i_rod, B2iii_sp"
"126","FFh6",1,"CR","EN","LC","LC","CR","EN","CR","EN","B1i_rod, B1iii_sp","B2i_rod, B2iii_sp"
"127","FFh7",0.3,"LC","LC","LC","LC","CR","EN","CR","EN","B1iii_sp","B2iii_sp"
"128","FFh8",0.1,"LC","LC","LC","LC","LC","LC","LC","LC","B1i_rod, B1i_inv, B1iii_sp","B2i_rod, B2i_inv, B2iii_sp"
"129","FFh9",0.6,"EN","VU","EN","VU","LC","LC","EN","VU","B1i_rod, B1i_inv","B2i_rod, B2i_inv"
"130","FFl1",0.1,"LC","LC","CR","EN","CR","EN","CR","EN","B1i_inv, B1iii_sp","B2i_inv, B2iii_sp"
"131","FFl2",0,"LC","LC","LC","LC","LC","LC","LC","LC","B1i_rod, B1i_inv, B1iii_sp","B2i_rod, B2i_inv, B2iii_sp"
"132","FFl3",0.1,"LC","LC","LC","LC","LC","LC","LC","LC","B1i_rod, B1i_inv, B1iii_sp","B2i_rod, B2i_inv, B2iii_sp"
"133","FFq1",0,"LC","LC","LC","LC","LC","LC","LC","LC","B1i_rod, B1i_inv, B1iii_sp","B2i_rod, B2i_inv, B2iii_sp"
"134","FFq2",0,"LC","LC","LC","LC","LC","LC","LC","LC","B1i_rod, B1i_inv, B1iii_sp","B2i_rod, B2i_inv, B2iii_sp"
"135","FFq3",0,"LC","LC","LC","LC","LC","LC","LC","LC","B1i_rod, B1i_inv, B1iii_sp","B2i_rod, B2i_inv, B2iii_sp"
"136","FFq4",0,"LC","LC","LC","LC","LC","LC","LC","LC","B1i_rod, B1i_inv, B1iii_sp","B2i_rod, B2i_inv, B2iii_sp"
"137","FFq5",0,"LC","LC","LC","LC","LC","LC","LC","LC","B1i_rod, B1i_inv, B1iii_sp","B2i_rod, B2i_inv, B2iii_sp"
"138","FFq6",0,"LC","LC","LC","LC","LC","LC","LC","LC","B1i_rod, B1i_inv, B1iii_sp","B2i_rod, B2i_inv, B2iii_sp"
"139","FFs1",0.2,"LC","LC","LC","LC","LC","LC","LC","LC","B1i_rod, B1i_inv, B1iii_sp","B2i_rod, B2i_inv, B2iii_sp"
"140","FFs10",0,"LC","LC","LC","LC","LC","LC","LC","LC","B1i_rod, B1i_inv, B1iii_sp","B2i_rod, B2i_inv, B2iii_sp"
"141","FFs11",0.1,"LC","LC","LC","LC","CR","VU","CR","VU","B1iii_sp","B2iii_sp"
"142","FFs12",0.1,"LC","LC","LC","LC","EN","VU","EN","VU","B1iii_sp","B2iii_sp"
"143","FFs13",0,"LC","LC","LC","LC","LC","LC","LC","LC","B1i_rod, B1i_inv, B1iii_sp","B2i_rod, B2i_inv, B2iii_sp"
"144","FFs14",0.1,"LC","LC","LC","LC","CR","EN","CR","EN","B1iii_sp","B2iii_sp"
"145","FFs15",0.1,"LC","LC","LC","LC","LC","LC","LC","LC","B1i_rod, B1i_inv, B1iii_sp","B2i_rod, B2i_inv, B2iii_sp"
"146","FFs16",0,"LC","LC","LC","LC","LC","LC","LC","LC","B1i_rod, B1i_inv, B1iii_sp","B2i_rod, B2i_inv, B2iii_sp"
"147","FFs17",0,"LC","LC","LC","LC","CR","EN","CR","EN","B1iii_sp","B2iii_sp"
"148","FFs18",0.1,"LC","LC","LC","LC","LC","LC","LC","LC","B1i_rod, B1i_inv, B1iii_sp","B2i_rod, B2i_inv, B2iii_sp"
"149","FFs19",0.2,"LC","LC","LC","LC","LC","LC","LC","LC","B1i_rod, B1i_inv, B1iii_sp","B2i_rod, B2i_inv, B2iii_sp"
"150","FFs2",0.3,"LC","LC","LC","LC","LC","LC","LC","LC","B1i_rod, B1i_inv, B1iii_sp","B2i_rod, B2i_inv, B2iii_sp"
"151","FFs20",0.2,"LC","LC","LC","LC","LC","LC","LC","LC","B1i_rod, B1i_inv, B1iii_sp","B2i_rod, B2i_inv, B2iii_sp"
"152","FFs21",0,"LC","LC","LC","LC","LC","LC","LC","LC","B1i_rod, B1i_inv, B1iii_sp","B2i_rod, B2i_inv, B2iii_sp"
"153","FFs22",0,"LC","LC","LC","LC","LC","LC","LC","LC","B1i_rod, B1i_inv, B1iii_sp","B2i_rod, B2i_inv, B2iii_sp"
"154","FFs23",0,"LC","LC","LC","LC","LC","LC","LC","LC","B1i_rod, B1i_inv, B1iii_sp","B2i_rod, B2i_inv, B2iii_sp"
"155","FFs24",0,"LC","LC","LC","LC","LC","LC","LC","LC","B1i_rod, B1i_inv, B1iii_sp","B2i_rod, B2i_inv, B2iii_sp"
"156","FFs25",0,"LC","LC","LC","LC","LC","LC","LC","LC","B1i_rod, B1i_inv, B1iii_sp","B2i_rod, B2i_inv, B2iii_sp"
"157","FFs26",0,"LC","LC","LC","LC","LC","LC","LC","LC","B1i_rod, B1i_inv, B1iii_sp","B2i_rod, B2i_inv, B2iii_sp"
"158","FFs27",0.1,"LC","LC","LC","LC","LC","LC","LC","LC","B1i_rod, B1i_inv, B1iii_sp","B2i_rod, B2i_inv, B2iii_sp"
"159","FFs28",0,"LC","LC","LC","LC","LC","LC","LC","LC","B1i_rod, B1i_inv, B1iii_sp","B2i_rod, B2i_inv, B2iii_sp"
"160","FFs29",0.6,"CR","EN","LC","LC","CR","EN","CR","EN","B1i_rod, B1iii_sp","B2i_rod, B2iii_sp"
"161","FFs3",0,"LC","LC","LC","LC","LC","LC","LC","LC","B1i_rod, B1i_inv, B1iii_sp","B2i_rod, B2i_inv, B2iii_sp"
"162","FFs30",0,"LC","LC","LC","LC","LC","LC","LC","LC","B1i_rod, B1i_inv, B1iii_sp","B2i_rod, B2i_inv, B2iii_sp"
"163","FFs31",0,"LC","LC","LC","LC","LC","LC","LC","LC","B1i_rod, B1i_inv, B1iii_sp","B2i_rod, B2i_inv, B2iii_sp"
"164","FFs32",0.4,"CR","EN","LC","LC","LC","LC","CR","EN","B1i_rod","B2i_rod"
"165","FFs4",0.1,"LC","LC","LC","LC","LC","LC","LC","LC","B1i_rod, B1i_inv, B1iii_sp","B2i_rod, B2i_inv, B2iii_sp"
"166","FFs5",0,"LC","LC","LC","LC","LC","LC","LC","LC","B1i_rod, B1i_inv, B1iii_sp","B2i_rod, B2i_inv, B2iii_sp"
"167","FFs6",0.1,"LC","LC","LC","LC","CR","EN","CR","EN","B1iii_sp","B2iii_sp"
"168","FFs7",0,"LC","LC","LC","LC","LC","LC","LC","LC","B1i_rod, B1i_inv, B1iii_sp","B2i_rod, B2i_inv, B2iii_sp"
"169","FFs8",0,"LC","LC","LC","LC","LC","LC","LC","LC","B1i_rod, B1i_inv, B1iii_sp","B2i_rod, B2i_inv, B2iii_sp"
"170","FFs9",0,"LC","LC","LC","LC","CR","EN","CR","EN","B1iii_sp","B2iii_sp"
"171","FFt1",0,"LC","LC","LC","LC","LC","LC","LC","LC","B1i_rod, B1i_inv, B1iii_sp","B2i_rod, B2i_inv, B2iii_sp"
"172","FFt2",0,"LC","LC","LC","LC","LC","LC","LC","LC","B1i_rod, B1i_inv, B1iii_sp","B2i_rod, B2i_inv, B2iii_sp"
"173","FRa1",0.8,"EN","VU","LC","LC","LC","LC","EN","VU","B1i_rod","B2i_rod"
"174","FRa2",0.3,"LC","LC","LC","LC","CR","EN","CR","EN","B1iii_sp","B2iii_sp"
"175","FRc1",1.2,"EN","CR","LC","LC","EN","CR","EN","CR","B1i_rod, B1iii_sp","B2i_rod, B2iii_sp"
"176","FRc2",1,"EN","EN","LC","LC","EN","EN","EN","EN","B1i_rod, B1iii_sp","B2i_rod, B2iii_sp"
"177","FRd1",0.1,"LC","LC","LC","LC","LC","LC","LC","LC","B1i_rod, B1i_inv, B1iii_sp","B2i_rod, B2i_inv, B2iii_sp"
"178","FRd2",0,"LC","LC","LC","LC","LC","LC","LC","LC","B1i_rod, B1i_inv, B1iii_sp","B2i_rod, B2i_inv, B2iii_sp"
"179","FRg1",0.1,"LC","LC","LC","LC","LC","LC","LC","LC","B1i_rod, B1i_inv, B1iii_sp","B2i_rod, B2i_inv, B2iii_sp"
"180","FRg2",1.1,"EN","VU","LC","LC","EN","VU","EN","VU","B1i_rod, B1iii_sp","B2i_rod, B2iii_sp"
"181","FRg3",0,"LC","LC","LC","LC","LC","LC","LC","LC","B1i_rod, B1i_inv, B1iii_sp","B2i_rod, B2i_inv, B2iii_sp"
"182","FRl1",0.1,"LC","LC","LC","LC","LC","LC","LC","LC","B1i_rod, B1i_inv, B1iii_sp","B2i_rod, B2i_inv, B2iii_sp"
"183","FRs1",0.1,"LC","LC","LC","LC","LC","LC","LC","LC","B1i_rod, B1i_inv, B1iii_sp","B2i_rod, B2i_inv, B2iii_sp"
"184","FRs10",1.2,"CR","CR","LC","LC","CR","CR","CR","CR","B1i_rod, B1iii_sp","B2i_rod, B2iii_sp"
"185","FRs11",1.1,"CR","VU","LC","LC","CR","VU","CR","VU","B1i_rod, B1iii_sp","B2i_rod, B2iii_sp"
"186","FRs12",1.2,"EN","VU","LC","LC","EN","VU","EN","VU","B1i_rod, B1iii_sp","B2i_rod, B2iii_sp"
"187","FRs13",1.1,"EN","VU","LC","LC","EN","VU","EN","VU","B1i_rod, B1iii_sp","B2i_rod, B2iii_sp"
"188","FRs14",0.6,"CR","VU","LC","LC","LC","LC","CR","VU","B1i_rod","B2i_rod"
"189","FRs15",0,"LC","LC","LC","LC","LC","LC","LC","LC","B1i_rod, B1i_inv, B1iii_sp","B2i_rod, B2i_inv, B2iii_sp"
"190","FRs16",0.1,"LC","LC","LC","LC","LC","LC","LC","LC","B1i_rod, B1i_inv, B1iii_sp","B2i_rod, B2i_inv, B2iii_sp"
"191","FRs17",0.7,"EN","VU","LC","LC","LC","LC","EN","VU","B1i_rod","B2i_rod"
"192","FRs18",0,"LC","LC","LC","LC","LC","LC","LC","LC","B1i_rod, B1i_inv, B1iii_sp","B2i_rod, B2i_inv, B2iii_sp"
"193","FRs19",0.4,"EN","EN","LC","LC","LC","LC","EN","EN","B1i_rod","B2i_rod"
"194","FRs2",0.4,"CR","EN","LC","LC","LC","LC","CR","EN","B1i_rod","B2i_rod"
"195","FRs20",0.9,"CR","EN","LC","LC","LC","LC","CR","EN","B1i_rod","B2i_rod"
"196","FRs3",0,"LC","LC","LC","LC","LC","LC","LC","LC","B1i_rod, B1i_inv, B1iii_sp","B2i_rod, B2i_inv, B2iii_sp"
"197","FRs4",0.5,"CR","EN","LC","LC","LC","LC","CR","EN","B1i_rod","B2i_rod"
"198","FRs5",0,"LC","LC","LC","LC","LC","LC","LC","LC","B1i_rod, B1i_inv, B1iii_sp","B2i_rod, B2i_inv, B2iii_sp"
"199","FRs6",0.1,"LC","LC","LC","LC","LC","LC","LC","LC","B1i_rod, B1i_inv, B1iii_sp","B2i_rod, B2i_inv, B2iii_sp"
"200","FRs7",0.1,"LC","LC","LC","LC","LC","LC","LC","LC","B1i_rod, B1i_inv, B1iii_sp","B2i_rod, B2i_inv, B2iii_sp"
"201","FRs8",0.3,"LC","LC","LC","LC","EN","VU","EN","VU","B1iii_sp","B2iii_sp"
"202","FRs9",1.2,"EN","LC","LC","LC","EN","LC","EN","LC","B1i_rod, B1iii_sp","B2i_rod, B2i_inv, B2iii_sp"
"203","FS1",0.4,"CR","EN","LC","LC","LC","LC","CR","EN","B1i_rod","B2i_rod"
"204","FS10",0.1,"LC","LC","EN","VU","LC","LC","EN","VU","B1i_inv","B2i_inv"
"205","FS11",0,"LC","LC","CR","EN","LC","LC","CR","EN","B1i_inv","B2i_inv"
"206","FS12",0.2,"LC","LC","EN","EN","LC","LC","EN","EN","B1i_inv","B2i_inv"
"207","FS13",0.1,"LC","LC","LC","LC","LC","LC","LC","LC","B1i_rod, B1i_inv, B1iii_sp","B2i_rod, B2i_inv, B2iii_sp"
"208","FS14",0.2,"LC","LC","CR","EN","LC","LC","CR","EN","B1i_inv","B2i_inv"
"209","FS2",0.6,"CR","EN","LC","LC","CR","EN","CR","EN","B1i_rod, B1iii_sp","B2i_rod, B2iii_sp"
"210","FS3",0.5,"EN","VU","LC","LC","EN","VU","EN","VU","B1i_rod, B1iii_sp","B2i_rod, B2iii_sp"
"211","FS4",0.1,"LC","LC","LC","LC","LC","LC","LC","LC","B1i_rod, B1i_inv, B1iii_sp","B2i_rod, B2i_inv, B2iii_sp"
"212","FS5",0.1,"LC","LC","LC","LC","EN","VU","EN","VU","B1iii_sp","B2iii_sp"
"213","FS6",1,"EN","EN","EN","EN","EN","EN","EN","EN","B1i_rod, B1i_inv, B1iii_sp","B2i_rod, B2i_inv, B2iii_sp"
"214","FS7",0.2,"LC","LC","EN","EN","EN","EN","EN","EN","B1i_inv, B1iii_sp","B2i_inv, B2iii_sp"
"215","FS9",0.5,"CR","CR","CR","CR","LC","LC","CR","CR","B1i_rod, B1i_inv","B2i_rod, B2i_inv"
"216","Gd1",0.1,"LC","LC","LC","LC","LC","LC","LC","LC","B1i_rod, B1i_inv, B1iii_sp","B2i_rod, B2i_inv, B2iii_sp"
"217","Gd10",0,"LC","LC","LC","LC","LC","LC","LC","LC","B1i_rod, B1i_inv, B1iii_sp","B2i_rod, B2i_inv, B2iii_sp"
"218","Gd2",0.1,"LC","LC","LC","LC","LC","LC","LC","LC","B1i_rod, B1i_inv, B1iii_sp","B2i_rod, B2i_inv, B2iii_sp"
"219","Gd3",0.1,"LC","LC","LC","LC","LC","LC","LC","LC","B1i_rod, B1i_inv, B1iii_sp","B2i_rod, B2i_inv, B2iii_sp"
"220","Gd4",0.1,"LC","LC","LC","LC","LC","LC","LC","LC","B1i_rod, B1i_inv, B1iii_sp","B2i_rod, B2i_inv, B2iii_sp"
"221","Gd5",0,"LC","LC","LC","LC","LC","LC","LC","LC","B1i_rod, B1i_inv, B1iii_sp","B2i_rod, B2i_inv, B2iii_sp"
"222","Gd6",0,"LC","LC","LC","LC","LC","LC","LC","LC","B1i_rod, B1i_inv, B1iii_sp","B2i_rod, B2i_inv, B2iii_sp"
"223","Gd7",0,"LC","LC","LC","LC","LC","LC","LC","LC","B1i_rod, B1i_inv, B1iii_sp","B2i_rod, B2i_inv, B2iii_sp"
"224","Gd8",0,"LC","LC","LC","LC","LC","LC","LC","LC","B1i_rod, B1i_inv, B1iii_sp","B2i_rod, B2i_inv, B2iii_sp"
"225","Gd9",0,"LC","LC","LC","LC","LC","LC","LC","LC","B1i_rod, B1i_inv, B1iii_sp","B2i_rod, B2i_inv, B2iii_sp"
"226","Gh1",0,"LC","LC","LC","LC","LC","LC","LC","LC","B1i_rod, B1i_inv, B1iii_sp","B2i_rod, B2i_inv, B2iii_sp"
"227","Gh10",0.6,"LC","LC","LC","LC","LC","LC","LC","LC","B1i_rod, B1i_inv, B1iii_sp","B2i_rod, B2i_inv, B2iii_sp"
"228","Gh11",0.4,"CR","EN","LC","LC","LC","LC","CR","EN","B1i_rod","B2i_rod"
"229","Gh12",0.3,"LC","LC","LC","LC","LC","LC","LC","LC","B1i_rod, B1i_inv, B1iii_sp","B2i_rod, B2i_inv, B2iii_sp"
"230","Gh13",0.2,"LC","LC","LC","LC","LC","LC","LC","LC","B1i_rod, B1i_inv, B1iii_sp","B2i_rod, B2i_inv, B2iii_sp"
"231","Gh14",0.4,"VU","LC","LC","LC","LC","LC","VU","LC","B1i_rod","B2i_rod, B2i_inv, B2iii_sp"
"232","Gh15",0.3,"LC","LC","LC","LC","LC","LC","LC","LC","B1i_rod, B1i_inv, B1iii_sp","B2i_rod, B2i_inv, B2iii_sp"
"233","Gh2",0.1,"LC","LC","LC","LC","LC","LC","LC","LC","B1i_rod, B1i_inv, B1iii_sp","B2i_rod, B2i_inv, B2iii_sp"
"234","Gh3",0.1,"LC","LC","LC","LC","LC","LC","LC","LC","B1i_rod, B1i_inv, B1iii_sp","B2i_rod, B2i_inv, B2iii_sp"
"235","Gh4",0,"LC","LC","LC","LC","LC","LC","LC","LC","B1i_rod, B1i_inv, B1iii_sp","B2i_rod, B2i_inv, B2iii_sp"
"236","Gh5",0.3,"LC","LC","LC","LC","LC","LC","LC","LC","B1i_rod, B1i_inv, B1iii_sp","B2i_rod, B2i_inv, B2iii_sp"
"237","Gh6",0.2,"LC","LC","LC","LC","LC","LC","LC","LC","B1i_rod, B1i_inv, B1iii_sp","B2i_rod, B2i_inv, B2iii_sp"
"238","Gh7",0.1,"LC","LC","LC","LC","LC","LC","LC","LC","B1i_rod, B1i_inv, B1iii_sp","B2i_rod, B2i_inv, B2iii_sp"
"239","Gh8",0.2,"LC","LC","LC","LC","LC","LC","LC","LC","B1i_rod, B1i_inv, B1iii_sp","B2i_rod, B2i_inv, B2iii_sp"
"240","Gh9",0.1,"LC","LC","LC","LC","LC","LC","LC","LC","B1i_rod, B1i_inv, B1iii_sp","B2i_rod, B2i_inv, B2iii_sp"
"241","Gm1",0.2,"LC","LC","LC","LC","LC","LC","LC","LC","B1i_rod, B1i_inv, B1iii_sp","B2i_rod, B2i_inv, B2iii_sp"
"242","Gm10",1.3,"CR","EN","LC","LC","LC","LC","CR","EN","B1i_rod","B2i_rod"
"243","Gm11",0.5,"LC","LC","LC","LC","LC","LC","LC","LC","B1i_rod, B1i_inv, B1iii_sp","B2i_rod, B2i_inv, B2iii_sp"
"244","Gm12",0.7,"VU","LC","LC","LC","LC","LC","VU","LC","B1i_rod","B2i_rod, B2i_inv, B2iii_sp"
"245","Gm13",0.3,"LC","LC","LC","LC","LC","LC","LC","LC","B1i_rod, B1i_inv, B1iii_sp","B2i_rod, B2i_inv, B2iii_sp"
"246","Gm14",0.2,"LC","LC","LC","LC","LC","LC","LC","LC","B1i_rod, B1i_inv, B1iii_sp","B2i_rod, B2i_inv, B2iii_sp"
"247","Gm15",0.8,"EN","LC","LC","LC","LC","LC","EN","LC","B1i_rod","B2i_rod, B2i_inv, B2iii_sp"
"248","Gm16",0.3,"LC","LC","LC","LC","LC","LC","LC","LC","B1i_rod, B1i_inv, B1iii_sp","B2i_rod, B2i_inv, B2iii_sp"
"249","Gm17",0.2,"LC","LC","LC","LC","LC","LC","LC","LC","B1i_rod, B1i_inv, B1iii_sp","B2i_rod, B2i_inv, B2iii_sp"
"250","Gm19",0.2,"LC","LC","LC","LC","LC","LC","LC","LC","B1i_rod, B1i_inv, B1iii_sp","B2i_rod, B2i_inv, B2iii_sp"
"251","Gm2",0,"LC","LC","LC","LC","LC","LC","LC","LC","B1i_rod, B1i_inv, B1iii_sp","B2i_rod, B2i_inv, B2iii_sp"
"252","Gm20",0.2,"LC","LC","LC","LC","LC","LC","LC","LC","B1i_rod, B1i_inv, B1iii_sp","B2i_rod, B2i_inv, B2iii_sp"
"253","Gm21",0.1,"LC","LC","LC","LC","LC","LC","LC","LC","B1i_rod, B1i_inv, B1iii_sp","B2i_rod, B2i_inv, B2iii_sp"
"254","Gm22",0.3,"LC","LC","LC","LC","LC","LC","LC","LC","B1i_rod, B1i_inv, B1iii_sp","B2i_rod, B2i_inv, B2iii_sp"
"255","Gm23",0.1,"LC","LC","LC","LC","LC","LC","LC","LC","B1i_rod, B1i_inv, B1iii_sp","B2i_rod, B2i_inv, B2iii_sp"
"256","Gm24",0,"LC","LC","LC","LC","LC","LC","LC","LC","B1i_rod, B1i_inv, B1iii_sp","B2i_rod, B2i_inv, B2iii_sp"
"257","Gm25",0.6,"CR","EN","LC","LC","LC","LC","CR","EN","B1i_rod","B2i_rod"
"258","Gm26",0,"LC","LC","LC","LC","LC","LC","LC","LC","B1i_rod, B1i_inv, B1iii_sp","B2i_rod, B2i_inv, B2iii_sp"
"259","Gm27",0,"LC","LC","LC","LC","LC","LC","LC","LC","B1i_rod, B1i_inv, B1iii_sp","B2i_rod, B2i_inv, B2iii_sp"
"260","Gm28",0,"LC","LC","LC","LC","LC","LC","LC","LC","B1i_rod, B1i_inv, B1iii_sp","B2i_rod, B2i_inv, B2iii_sp"
"261","Gm29",0,"LC","LC","LC","LC","LC","LC","LC","LC","B1i_rod, B1i_inv, B1iii_sp","B2i_rod, B2i_inv, B2iii_sp"
"262","Gm3",0.4,"VU","LC","LC","LC","LC","LC","VU","LC","B1i_rod","B2i_rod, B2i_inv, B2iii_sp"
"263","Gm30",0.3,"LC","LC","LC","LC","LC","LC","LC","LC","B1i_rod, B1i_inv, B1iii_sp","B2i_rod, B2i_inv, B2iii_sp"
"264","Gm31",0.2,"LC","LC","LC","LC","LC","LC","LC","LC","B1i_rod, B1i_inv, B1iii_sp","B2i_rod, B2i_inv, B2iii_sp"
"265","Gm4",0.3,"LC","LC","LC","LC","LC","LC","LC","LC","B1i_rod, B1i_inv, B1iii_sp","B2i_rod, B2i_inv, B2iii_sp"
"266","Gm5",0.1,"LC","LC","LC","LC","LC","LC","LC","LC","B1i_rod, B1i_inv, B1iii_sp","B2i_rod, B2i_inv, B2iii_sp"
"267","Gm6",0.3,"LC","LC","LC","LC","LC","LC","LC","LC","B1i_rod, B1i_inv, B1iii_sp","B2i_rod, B2i_inv, B2iii_sp"
"268","Gm7",0.1,"LC","LC","LC","LC","LC","LC","LC","LC","B1i_rod, B1i_inv, B1iii_sp","B2i_rod, B2i_inv, B2iii_sp"
"269","Gm8",0.5,"VU","LC","LC","LC","LC","LC","VU","LC","B1i_rod","B2i_rod, B2i_inv, B2iii_sp"
"270","Gm9",0.7,"EN","VU","LC","LC","LC","LC","EN","VU","B1i_rod","B2i_rod"
"271","Gs1",0.5,"EN","VU","LC","LC","LC","LC","EN","VU","B1i_rod","B2i_rod"
"272","Gs10",0.3,"LC","LC","LC","LC","LC","LC","LC","LC","B1i_rod, B1i_inv, B1iii_sp","B2i_rod, B2i_inv, B2iii_sp"
"273","Gs11",0.5,"EN","VU","LC","LC","LC","LC","EN","VU","B1i_rod","B2i_rod"
"274","Gs12",0.3,"LC","LC","LC","LC","LC","LC","LC","LC","B1i_rod, B1i_inv, B1iii_sp","B2i_rod, B2i_inv, B2iii_sp"
"275","Gs13",0.6,"CR","EN","LC","LC","LC","LC","CR","EN","B1i_rod","B2i_rod"
"276","Gs14",0.4,"EN","LC","LC","LC","LC","LC","EN","LC","B1i_rod","B2i_rod, B2i_inv, B2iii_sp"
"277","Gs15",0.2,"LC","LC","LC","LC","LC","LC","LC","LC","B1i_rod, B1i_inv, B1iii_sp","B2i_rod, B2i_inv, B2iii_sp"
"278","Gs16",0.1,"LC","LC","LC","LC","LC","LC","LC","LC","B1i_rod, B1i_inv, B1iii_sp","B2i_rod, B2i_inv, B2iii_sp"
"279","Gs17",0,"LC","LC","LC","LC","LC","LC","LC","LC","B1i_rod, B1i_inv, B1iii_sp","B2i_rod, B2i_inv, B2iii_sp"
"280","Gs18",0,"LC","LC","LC","LC","LC","LC","LC","LC","B1i_rod, B1i_inv, B1iii_sp","B2i_rod, B2i_inv, B2iii_sp"
"281","Gs19",0.4,"VU","LC","LC","LC","LC","LC","VU","LC","B1i_rod","B2i_rod, B2i_inv, B2iii_sp"
"282","Gs2",0.1,"LC","LC","LC","LC","LC","LC","LC","LC","B1i_rod, B1i_inv, B1iii_sp","B2i_rod, B2i_inv, B2iii_sp"
"283","Gs20",0.5,"VU","LC","LC","LC","LC","LC","VU","LC","B1i_rod","B2i_rod, B2i_inv, B2iii_sp"
"284","Gs3",0.1,"LC","LC","LC","LC","LC","LC","LC","LC","B1i_rod, B1i_inv, B1iii_sp","B2i_rod, B2i_inv, B2iii_sp"
"285","Gs4",0.4,"VU","LC","LC","LC","LC","LC","VU","LC","B1i_rod","B2i_rod, B2i_inv, B2iii_sp"
"286","Gs6",0.3,"LC","LC","LC","LC","LC","LC","LC","LC","B1i_rod, B1i_inv, B1iii_sp","B2i_rod, B2i_inv, B2iii_sp"
"287","Gs7",0.4,"EN","LC","LC","LC","LC","LC","EN","LC","B1i_rod","B2i_rod, B2i_inv, B2iii_sp"
"288","Gs8",0.5,"EN","LC","LC","LC","LC","LC","EN","LC","B1i_rod","B2i_rod, B2i_inv, B2iii_sp"
"289","Gs9",0.7,"VU","LC","LC","LC","LC","LC","VU","LC","B1i_rod","B2i_rod, B2i_inv, B2iii_sp"
"290","CB1",0.6,"EN","LC","LC","LC","LC","LC","EN","LC","B1i_rod","B2i_rod, B2i_inv, B2iii_sp"
"291","CB2",0.6,"EN","VU","LC","LC","LC","LC","EN","VU","B1i_rod","B2i_rod"
"292","CB3",1.3,"EN","LC","LC","LC","LC","LC","EN","LC","B1i_rod","B2i_rod, B2i_inv, B2iii_sp"
"293","CB4",0.3,"LC","LC","LC","LC","LC","LC","LC","LC","B1i_rod, B1i_inv, B1iii_sp","B2i_rod, B2i_inv, B2iii_sp"
"294","CB5",0.4,"EN","VU","LC","LC","LC","LC","EN","VU","B1i_rod","B2i_rod"
"295","CB6",0.5,"EN","VU","EN","VU","LC","LC","EN","VU","B1i_rod, B1i_inv","B2i_rod, B2i_inv"
"296","NKb1",0,"LC","LC","LC","LC","LC","LC","LC","LC","B1i_rod, B1i_inv, B1iii_sp","B2i_rod, B2i_inv, B2iii_sp"
"297","NKb2",0,"LC","LC","LC","LC","LC","LC","LC","LC","B1i_rod, B1i_inv, B1iii_sp","B2i_rod, B2i_inv, B2iii_sp"
"298","NKb3",0,"LC","LC","LC","LC","LC","LC","LC","LC","B1i_rod, B1i_inv, B1iii_sp","B2i_rod, B2i_inv, B2iii_sp"
"299","NKb4",0,"LC","LC","LC","LC","LC","LC","LC","LC","B1i_rod, B1i_inv, B1iii_sp","B2i_rod, B2i_inv, B2iii_sp"
"300","NKb5",0,"LC","LC","LC","LC","LC","LC","LC","LC","B1i_rod, B1i_inv, B1iii_sp","B2i_rod, B2i_inv, B2iii_sp"
"301","NKb6",0,"LC","LC","LC","LC","LC","LC","LC","LC","B1i_rod, B1i_inv, B1iii_sp","B2i_rod, B2i_inv, B2iii_sp"
"302","NKl1",0,"LC","LC","LC","LC","LC","LC","LC","LC","B1i_rod, B1i_inv, B1iii_sp","B2i_rod, B2i_inv, B2iii_sp"
"303","NKl2",0,"LC","LC","LC","LC","LC","LC","LC","LC","B1i_rod, B1i_inv, B1iii_sp","B2i_rod, B2i_inv, B2iii_sp"
"304","NKl4",0.1,"LC","LC","LC","LC","LC","LC","LC","LC","B1i_rod, B1i_inv, B1iii_sp","B2i_rod, B2i_inv, B2iii_sp"
"305","NKu1",0,"LC","LC","LC","LC","LC","LC","LC","LC","B1i_rod, B1i_inv, B1iii_sp","B2i_rod, B2i_inv, B2iii_sp"
"306","NKu2",0,"LC","LC","LC","LC","LC","LC","LC","LC","B1i_rod, B1i_inv, B1iii_sp","B2i_rod, B2i_inv, B2iii_sp"
"307","NKu3",0,"LC","LC","LC","LC","LC","LC","LC","LC","B1i_rod, B1i_inv, B1iii_sp","B2i_rod, B2i_inv, B2iii_sp"
"308","NKu4",0,"LC","LC","LC","LC","LC","LC","LC","LC","B1i_rod, B1i_inv, B1iii_sp","B2i_rod, B2i_inv, B2iii_sp"
"309","SVcb1",0.2,"LC","LC","LC","LC","LC","LC","LC","LC","B1i_rod, B1i_inv, B1iii_sp","B2i_rod, B2i_inv, B2iii_sp"
"310","SVcb10",0.4,"EN","LC","LC","LC","LC","LC","EN","LC","B1i_rod","B2i_rod, B2i_inv, B2iii_sp"
"311","SVcb11",0.2,"LC","LC","LC","LC","LC","LC","LC","LC","B1i_rod, B1i_inv, B1iii_sp","B2i_rod, B2i_inv, B2iii_sp"
"312","SVcb12",0.3,"LC","LC","LC","LC","LC","LC","LC","LC","B1i_rod, B1i_inv, B1iii_sp","B2i_rod, B2i_inv, B2iii_sp"
"313","SVcb13",0.1,"LC","LC","LC","LC","LC","LC","LC","LC","B1i_rod, B1i_inv, B1iii_sp","B2i_rod, B2i_inv, B2iii_sp"
"314","SVcb14",0.1,"LC","LC","LC","LC","LC","LC","LC","LC","B1i_rod, B1i_inv, B1iii_sp","B2i_rod, B2i_inv, B2iii_sp"
"315","SVcb15",0.4,"EN","LC","LC","LC","LC","LC","EN","LC","B1i_rod","B2i_rod, B2i_inv, B2iii_sp"
"316","SVcb16",0.1,"LC","LC","LC","LC","LC","LC","LC","LC","B1i_rod, B1i_inv, B1iii_sp","B2i_rod, B2i_inv, B2iii_sp"
"317","SVcb17",0,"LC","LC","LC","LC","LC","LC","LC","LC","B1i_rod, B1i_inv, B1iii_sp","B2i_rod, B2i_inv, B2iii_sp"
"318","SVcb18",0.2,"LC","LC","LC","LC","LC","LC","LC","LC","B1i_rod, B1i_inv, B1iii_sp","B2i_rod, B2i_inv, B2iii_sp"
"319","SVcb19",0.1,"LC","LC","LC","LC","LC","LC","LC","LC","B1i_rod, B1i_inv, B1iii_sp","B2i_rod, B2i_inv, B2iii_sp"
"320","SVcb2",0,"LC","LC","LC","LC","LC","LC","LC","LC","B1i_rod, B1i_inv, B1iii_sp","B2i_rod, B2i_inv, B2iii_sp"
"321","SVcb20",0.4,"EN","LC","LC","LC","LC","LC","EN","LC","B1i_rod","B2i_rod, B2i_inv, B2iii_sp"
"322","SVcb21",0.2,"LC","LC","LC","LC","LC","LC","LC","LC","B1i_rod, B1i_inv, B1iii_sp","B2i_rod, B2i_inv, B2iii_sp"
"323","SVcb22",0.3,"LC","LC","LC","LC","LC","LC","LC","LC","B1i_rod, B1i_inv, B1iii_sp","B2i_rod, B2i_inv, B2iii_sp"
"324","SVcb23",0.4,"EN","LC","LC","LC","LC","LC","EN","LC","B1i_rod","B2i_rod, B2i_inv, B2iii_sp"
"325","SVcb24",0.1,"LC","LC","LC","LC","LC","LC","LC","LC","B1i_rod, B1i_inv, B1iii_sp","B2i_rod, B2i_inv, B2iii_sp"
"326","SVcb25",0.1,"LC","LC","LC","LC","LC","LC","LC","LC","B1i_rod, B1i_inv, B1iii_sp","B2i_rod, B2i_inv, B2iii_sp"
"327","SVcb26",0.1,"LC","LC","LC","LC","LC","LC","LC","LC","B1i_rod, B1i_inv, B1iii_sp","B2i_rod, B2i_inv, B2iii_sp"
"328","SVcb27",0.8,"EN","VU","LC","LC","LC","LC","EN","VU","B1i_rod","B2i_rod"
"329","SVcb28",0.3,"LC","LC","LC","LC","LC","LC","LC","LC","B1i_rod, B1i_inv, B1iii_sp","B2i_rod, B2i_inv, B2iii_sp"
"330","SVcb29",0,"LC","LC","LC","LC","LC","LC","LC","LC","B1i_rod, B1i_inv, B1iii_sp","B2i_rod, B2i_inv, B2iii_sp"
"331","SVcb3",0.2,"LC","LC","LC","LC","LC","LC","LC","LC","B1i_rod, B1i_inv, B1iii_sp","B2i_rod, B2i_inv, B2iii_sp"
"332","SVcb4",0.1,"LC","LC","LC","LC","LC","LC","LC","LC","B1i_rod, B1i_inv, B1iii_sp","B2i_rod, B2i_inv, B2iii_sp"
"333","SVcb5",0,"LC","LC","LC","LC","LC","LC","LC","LC","B1i_rod, B1i_inv, B1iii_sp","B2i_rod, B2i_inv, B2iii_sp"
"334","SVcb6",0.9,"EN","VU","LC","LC","LC","LC","EN","VU","B1i_rod","B2i_rod"
"335","SVcb7",0.4,"EN","VU","LC","LC","LC","LC","EN","VU","B1i_rod","B2i_rod"
"336","SVcb8",0.6,"EN","LC","LC","LC","LC","LC","EN","LC","B1i_rod","B2i_rod, B2i_inv, B2iii_sp"
"337","SVcb9",0.1,"LC","LC","LC","LC","LC","LC","LC","LC","B1i_rod, B1i_inv, B1iii_sp","B2i_rod, B2i_inv, B2iii_sp"
"338","SVk1",0.1,"LC","LC","LC","LC","LC","LC","LC","LC","B1i_rod, B1i_inv, B1iii_sp","B2i_rod, B2i_inv, B2iii_sp"
"339","SVk10",0,"LC","LC","LC","LC","LC","LC","LC","LC","B1i_rod, B1i_inv, B1iii_sp","B2i_rod, B2i_inv, B2iii_sp"
"340","SVk11",0,"LC","LC","LC","LC","LC","LC","LC","LC","B1i_rod, B1i_inv, B1iii_sp","B2i_rod, B2i_inv, B2iii_sp"
"341","SVk12",0,"LC","LC","LC","LC","LC","LC","LC","LC","B1i_rod, B1i_inv, B1iii_sp","B2i_rod, B2i_inv, B2iii_sp"
"342","SVk13",0,"LC","LC","LC","LC","LC","LC","LC","LC","B1i_rod, B1i_inv, B1iii_sp","B2i_rod, B2i_inv, B2iii_sp"
"343","SVk14",0.1,"LC","LC","LC","LC","LC","LC","LC","LC","B1i_rod, B1i_inv, B1iii_sp","B2i_rod, B2i_inv, B2iii_sp"
"344","SVk15",0,"LC","LC","LC","LC","LC","LC","LC","LC","B1i_rod, B1i_inv, B1iii_sp","B2i_rod, B2i_inv, B2iii_sp"
"345","SVk16",0,"LC","LC","LC","LC","LC","LC","LC","LC","B1i_rod, B1i_inv, B1iii_sp","B2i_rod, B2i_inv, B2iii_sp"
"346","SVk17",0.2,"LC","LC","LC","LC","LC","LC","LC","LC","B1i_rod, B1i_inv, B1iii_sp","B2i_rod, B2i_inv, B2iii_sp"
"347","SVk18",0,"LC","LC","LC","LC","LC","LC","LC","LC","B1i_rod, B1i_inv, B1iii_sp","B2i_rod, B2i_inv, B2iii_sp"
"348","SVk2",0.1,"LC","LC","LC","LC","LC","LC","LC","LC","B1i_rod, B1i_inv, B1iii_sp","B2i_rod, B2i_inv, B2iii_sp"
"349","SVk3",0.3,"LC","LC","LC","LC","LC","LC","LC","LC","B1i_rod, B1i_inv, B1iii_sp","B2i_rod, B2i_inv, B2iii_sp"
"350","SVk4",0.2,"LC","LC","LC","LC","LC","LC","LC","LC","B1i_rod, B1i_inv, B1iii_sp","B2i_rod, B2i_inv, B2iii_sp"
"351","SVk5",0,"LC","LC","LC","LC","LC","LC","LC","LC","B1i_rod, B1i_inv, B1iii_sp","B2i_rod, B2i_inv, B2iii_sp"
"352","SVk6",0.1,"LC","LC","LC","LC","LC","LC","LC","LC","B1i_rod, B1i_inv, B1iii_sp","B2i_rod, B2i_inv, B2iii_sp"
"353","SVk7",0,"LC","LC","LC","LC","LC","LC","LC","LC","B1i_rod, B1i_inv, B1iii_sp","B2i_rod, B2i_inv, B2iii_sp"
"354","SVk8",0,"LC","LC","LC","LC","LC","LC","LC","LC","B1i_rod, B1i_inv, B1iii_sp","B2i_rod, B2i_inv, B2iii_sp"
"355","SVk9",0.1,"LC","LC","LC","LC","LC","LC","LC","LC","B1i_rod, B1i_inv, B1iii_sp","B2i_rod, B2i_inv, B2iii_sp"
"356","SVkd1",0,"LC","LC","LC","LC","LC","LC","LC","LC","B1i_rod, B1i_inv, B1iii_sp","B2i_rod, B2i_inv, B2iii_sp"
"357","SVkd2",0,"LC","LC","LC","LC","LC","LC","LC","LC","B1i_rod, B1i_inv, B1iii_sp","B2i_rod, B2i_inv, B2iii_sp"
"358","SVkd3",0,"LC","LC","LC","LC","LC","LC","LC","LC","B1i_rod, B1i_inv, B1iii_sp","B2i_rod, B2i_inv, B2iii_sp"
"359","SVkd4",0,"LC","LC","LC","LC","LC","LC","LC","LC","B1i_rod, B1i_inv, B1iii_sp","B2i_rod, B2i_inv, B2iii_sp"
"360","SVl1",0.2,"LC","LC","LC","LC","LC","LC","LC","LC","B1i_rod, B1i_inv, B1iii_sp","B2i_rod, B2i_inv, B2iii_sp"
"361","SVl10",0.3,"LC","LC","LC","LC","LC","LC","LC","LC","B1i_rod, B1i_inv, B1iii_sp","B2i_rod, B2i_inv, B2iii_sp"
"362","SVl11",0.1,"LC","LC","LC","LC","LC","LC","LC","LC","B1i_rod, B1i_inv, B1iii_sp","B2i_rod, B2i_inv, B2iii_sp"
"363","SVl12",0.1,"LC","LC","LC","LC","LC","LC","LC","LC","B1i_rod, B1i_inv, B1iii_sp","B2i_rod, B2i_inv, B2iii_sp"
"364","SVl13",0.2,"LC","LC","LC","LC","LC","LC","LC","LC","B1i_rod, B1i_inv, B1iii_sp","B2i_rod, B2i_inv, B2iii_sp"
"365","SVl14",0.1,"LC","LC","LC","LC","LC","LC","LC","LC","B1i_rod, B1i_inv, B1iii_sp","B2i_rod, B2i_inv, B2iii_sp"
"366","SVl15",0,"LC","LC","LC","LC","LC","LC","LC","LC","B1i_rod, B1i_inv, B1iii_sp","B2i_rod, B2i_inv, B2iii_sp"
"367","SVl16",0.1,"LC","LC","LC","LC","LC","LC","LC","LC","B1i_rod, B1i_inv, B1iii_sp","B2i_rod, B2i_inv, B2iii_sp"
"368","SVl17",0.8,"EN","EN","LC","LC","LC","LC","EN","EN","B1i_rod","B2i_rod"
"369","SVl18",0.2,"LC","LC","LC","LC","LC","LC","LC","LC","B1i_rod, B1i_inv, B1iii_sp","B2i_rod, B2i_inv, B2iii_sp"
"370","SVl19",0.5,"CR","EN","LC","LC","LC","LC","CR","EN","B1i_rod","B2i_rod"
"371","SVl2",0,"LC","LC","LC","LC","LC","LC","LC","LC","B1i_rod, B1i_inv, B1iii_sp","B2i_rod, B2i_inv, B2iii_sp"
"372","SVl20",0.8,"EN","VU","LC","LC","LC","LC","EN","VU","B1i_rod","B2i_rod"
"373","SVl21",0.2,"LC","LC","LC","LC","LC","LC","LC","LC","B1i_rod, B1i_inv, B1iii_sp","B2i_rod, B2i_inv, B2iii_sp"
"374","SVl22",0.2,"LC","LC","LC","LC","LC","LC","LC","LC","B1i_rod, B1i_inv, B1iii_sp","B2i_rod, B2i_inv, B2iii_sp"
"375","SVl23",0.2,"LC","LC","LC","LC","LC","LC","LC","LC","B1i_rod, B1i_inv, B1iii_sp","B2i_rod, B2i_inv, B2iii_sp"
"376","SVl24",0.7,"CR","EN","LC","LC","LC","LC","CR","EN","B1i_rod","B2i_rod"
"377","SVl25",0.3,"LC","LC","LC","LC","LC","LC","LC","LC","B1i_rod, B1i_inv, B1iii_sp","B2i_rod, B2i_inv, B2iii_sp"
"378","SVl26",0.5,"CR","VU","LC","LC","LC","LC","CR","VU","B1i_rod","B2i_rod"
"379","SVl27",0.1,"LC","LC","LC","LC","LC","LC","LC","LC","B1i_rod, B1i_inv, B1iii_sp","B2i_rod, B2i_inv, B2iii_sp"
"380","SVl3",0.2,"LC","LC","LC","LC","LC","LC","LC","LC","B1i_rod, B1i_inv, B1iii_sp","B2i_rod, B2i_inv, B2iii_sp"
"381","SVl4",0.1,"LC","LC","LC","LC","LC","LC","LC","LC","B1i_rod, B1i_inv, B1iii_sp","B2i_rod, B2i_inv, B2iii_sp"
"382","SVl5",0.1,"LC","LC","LC","LC","LC","LC","LC","LC","B1i_rod, B1i_inv, B1iii_sp","B2i_rod, B2i_inv, B2iii_sp"
"383","SVl6",0,"LC","LC","LC","LC","LC","LC","LC","LC","B1i_rod, B1i_inv, B1iii_sp","B2i_rod, B2i_inv, B2iii_sp"
"384","SVl7",0.1,"LC","LC","LC","LC","LC","LC","LC","LC","B1i_rod, B1i_inv, B1iii_sp","B2i_rod, B2i_inv, B2iii_sp"
"385","SVl8",0.4,"EN","LC","LC","LC","LC","LC","EN","LC","B1i_rod","B2i_rod, B2i_inv, B2iii_sp"
"386","SVl9",0.5,"EN","LC","LC","LC","LC","LC","EN","LC","B1i_rod","B2i_rod, B2i_inv, B2iii_sp"
"387","SVmp1",0.1,"LC","LC","LC","LC","LC","LC","LC","LC","B1i_rod, B1i_inv, B1iii_sp","B2i_rod, B2i_inv, B2iii_sp"
"388","SVmp2",0,"LC","LC","LC","LC","LC","LC","LC","LC","B1i_rod, B1i_inv, B1iii_sp","B2i_rod, B2i_inv, B2iii_sp"
"389","SVmp3",0,"LC","LC","LC","LC","LC","LC","LC","LC","B1i_rod, B1i_inv, B1iii_sp","B2i_rod, B2i_inv, B2iii_sp"
"390","SVmp4",0,"LC","LC","LC","LC","LC","LC","LC","LC","B1i_rod, B1i_inv, B1iii_sp","B2i_rod, B2i_inv, B2iii_sp"
"391","SVmp5",0.1,"LC","LC","LC","LC","LC","LC","LC","LC","B1i_rod, B1i_inv, B1iii_sp","B2i_rod, B2i_inv, B2iii_sp"
"392","SVmp6",0.2,"LC","LC","LC","LC","LC","LC","LC","LC","B1i_rod, B1i_inv, B1iii_sp","B2i_rod, B2i_inv, B2iii_sp"
"393","SVmp7",0.1,"LC","LC","LC","LC","LC","LC","LC","LC","B1i_rod, B1i_inv, B1iii_sp","B2i_rod, B2i_inv, B2iii_sp"
"394","SVmp8",0,"LC","LC","LC","LC","LC","LC","LC","LC","B1i_rod, B1i_inv, B1iii_sp","B2i_rod, B2i_inv, B2iii_sp"
"395","SVs1",0.2,"LC","LC","LC","LC","LC","LC","LC","LC","B1i_rod, B1i_inv, B1iii_sp","B2i_rod, B2i_inv, B2iii_sp"
"396","SVs2",0.2,"LC","LC","LC","LC","LC","LC","LC","LC","B1i_rod, B1i_inv, B1iii_sp","B2i_rod, B2i_inv, B2iii_sp"
"397","SVs3",0.3,"LC","LC","LC","LC","LC","LC","LC","LC","B1i_rod, B1i_inv, B1iii_sp","B2i_rod, B2i_inv, B2iii_sp"
"398","SVs4",0.4,"EN","VU","LC","LC","LC","LC","EN","VU","B1i_rod","B2i_rod"
"399","SVs5",1,"EN","LC","LC","LC","LC","LC","EN","LC","B1i_rod","B2i_rod, B2i_inv, B2iii_sp"
"400","SVs6",0.1,"LC","LC","LC","LC","LC","LC","LC","LC","B1i_rod, B1i_inv, B1iii_sp","B2i_rod, B2i_inv, B2iii_sp"
"401","SVs7",0.3,"LC","LC","LC","LC","LC","LC","LC","LC","B1i_rod, B1i_inv, B1iii_sp","B2i_rod, B2i_inv, B2iii_sp"
"402","SVs8",0.4,"EN","LC","LC","LC","LC","LC","EN","LC","B1i_rod","B2i_rod, B2i_inv, B2iii_sp"
"403","SKk1",0,"LC","LC","LC","LC","LC","LC","LC","LC","B1i_rod, B1i_inv, B1iii_sp","B2i_rod, B2i_inv, B2iii_sp"
"404","SKk2",0,"LC","LC","LC","LC","LC","LC","LC","LC","B1i_rod, B1i_inv, B1iii_sp","B2i_rod, B2i_inv, B2iii_sp"
"405","SKk3",0,"LC","LC","LC","LC","LC","LC","LC","LC","B1i_rod, B1i_inv, B1iii_sp","B2i_rod, B2i_inv, B2iii_sp"
"406","SKk4",0,"LC","LC","LC","LC","LC","LC","LC","LC","B1i_rod, B1i_inv, B1iii_sp","B2i_rod, B2i_inv, B2iii_sp"
"407","SKk5",0.1,"LC","LC","LC","LC","LC","LC","LC","LC","B1i_rod, B1i_inv, B1iii_sp","B2i_rod, B2i_inv, B2iii_sp"
"408","SKk6",0.1,"LC","LC","LC","LC","LC","LC","LC","LC","B1i_rod, B1i_inv, B1iii_sp","B2i_rod, B2i_inv, B2iii_sp"
"409","SKk7",0.3,"LC","LC","LC","LC","LC","LC","LC","LC","B1i_rod, B1i_inv, B1iii_sp","B2i_rod, B2i_inv, B2iii_sp"
"410","SKk8",0.9,"CR","CR","LC","LC","LC","LC","CR","CR","B1i_rod","B2i_rod"
"411","SKk9",0,"LC","LC","LC","LC","LC","LC","LC","LC","B1i_rod, B1i_inv, B1iii_sp","B2i_rod, B2i_inv, B2iii_sp"
"412","SKn1",0,"LC","LC","LC","LC","LC","LC","LC","LC","B1i_rod, B1i_inv, B1iii_sp","B2i_rod, B2i_inv, B2iii_sp"
"413","SKn2",0,"LC","LC","LC","LC","LC","LC","LC","LC","B1i_rod, B1i_inv, B1iii_sp","B2i_rod, B2i_inv, B2iii_sp"
"414","SKn3",0,"LC","LC","LC","LC","LC","LC","LC","LC","B1i_rod, B1i_inv, B1iii_sp","B2i_rod, B2i_inv, B2iii_sp"
"415","SKn4",0,"LC","LC","LC","LC","LC","LC","LC","LC","B1i_rod, B1i_inv, B1iii_sp","B2i_rod, B2i_inv, B2iii_sp"
"416","SKn5",0,"LC","LC","LC","LC","LC","LC","LC","LC","B1i_rod, B1i_inv, B1iii_sp","B2i_rod, B2i_inv, B2iii_sp"
"417","SKn6",0,"LC","LC","LC","LC","LC","LC","LC","LC","B1i_rod, B1i_inv, B1iii_sp","B2i_rod, B2i_inv, B2iii_sp"
"418","SKn7",0,"LC","LC","LC","LC","LC","LC","LC","LC","B1i_rod, B1i_inv, B1iii_sp","B2i_rod, B2i_inv, B2iii_sp"
"419","SKr1",0,"LC","LC","LC","LC","LC","LC","LC","LC","B1i_rod, B1i_inv, B1iii_sp","B2i_rod, B2i_inv, B2iii_sp"
"420","SKr10",0,"LC","LC","LC","LC","LC","LC","LC","LC","B1i_rod, B1i_inv, B1iii_sp","B2i_rod, B2i_inv, B2iii_sp"
"421","SKr11",0,"LC","LC","LC","LC","LC","LC","LC","LC","B1i_rod, B1i_inv, B1iii_sp","B2i_rod, B2i_inv, B2iii_sp"
"422","SKr12",0,"LC","LC","LC","LC","LC","LC","LC","LC","B1i_rod, B1i_inv, B1iii_sp","B2i_rod, B2i_inv, B2iii_sp"
"423","SKr13",0,"LC","LC","LC","LC","LC","LC","LC","LC","B1i_rod, B1i_inv, B1iii_sp","B2i_rod, B2i_inv, B2iii_sp"
"424","SKr14",0,"LC","LC","LC","LC","LC","LC","LC","LC","B1i_rod, B1i_inv, B1iii_sp","B2i_rod, B2i_inv, B2iii_sp"
"425","SKr15",0,"LC","LC","LC","LC","LC","LC","LC","LC","B1i_rod, B1i_inv, B1iii_sp","B2i_rod, B2i_inv, B2iii_sp"
"426","SKr16",0,"LC","LC","LC","LC","LC","LC","LC","LC","B1i_rod, B1i_inv, B1iii_sp","B2i_rod, B2i_inv, B2iii_sp"
"427","SKr17",0,"LC","LC","LC","LC","LC","LC","LC","LC","B1i_rod, B1i_inv, B1iii_sp","B2i_rod, B2i_inv, B2iii_sp"
"428","SKr18",0,"LC","LC","LC","LC","LC","LC","LC","LC","B1i_rod, B1i_inv, B1iii_sp","B2i_rod, B2i_inv, B2iii_sp"
"429","SKr19",0,"LC","LC","LC","LC","LC","LC","LC","LC","B1i_rod, B1i_inv, B1iii_sp","B2i_rod, B2i_inv, B2iii_sp"
"430","SKr2",0,"LC","LC","LC","LC","LC","LC","LC","LC","B1i_rod, B1i_inv, B1iii_sp","B2i_rod, B2i_inv, B2iii_sp"
"431","SKr3",0,"LC","LC","LC","LC","LC","LC","LC","LC","B1i_rod, B1i_inv, B1iii_sp","B2i_rod, B2i_inv, B2iii_sp"
"432","SKr4",0,"LC","LC","LC","LC","LC","LC","LC","LC","B1i_rod, B1i_inv, B1iii_sp","B2i_rod, B2i_inv, B2iii_sp"
"433","SKr5",0,"LC","LC","LC","LC","LC","LC","LC","LC","B1i_rod, B1i_inv, B1iii_sp","B2i_rod, B2i_inv, B2iii_sp"
"434","SKr6",0,"LC","LC","LC","LC","LC","LC","LC","LC","B1i_rod, B1i_inv, B1iii_sp","B2i_rod, B2i_inv, B2iii_sp"
"435","SKr7",0,"LC","LC","LC","LC","LC","LC","LC","LC","B1i_rod, B1i_inv, B1iii_sp","B2i_rod, B2i_inv, B2iii_sp"
"436","SKr8",0,"LC","LC","LC","LC","LC","LC","LC","LC","B1i_rod, B1i_inv, B1iii_sp","B2i_rod, B2i_inv, B2iii_sp"
"437","SKr9",0,"LC","LC","LC","LC","LC","LC","LC","LC","B1i_rod, B1i_inv, B1iii_sp","B2i_rod, B2i_inv, B2iii_sp"
"438","SKs1",0.4,"CR","EN","LC","LC","LC","LC","CR","EN","B1i_rod","B2i_rod"
"439","SKs10",0,"LC","LC","LC","LC","LC","LC","LC","LC","B1i_rod, B1i_inv, B1iii_sp","B2i_rod, B2i_inv, B2iii_sp"
"440","SKs11",0,"LC","LC","LC","LC","LC","LC","LC","LC","B1i_rod, B1i_inv, B1iii_sp","B2i_rod, B2i_inv, B2iii_sp"
"441","SKs12",0,"LC","LC","LC","LC","LC","LC","LC","LC","B1i_rod, B1i_inv, B1iii_sp","B2i_rod, B2i_inv, B2iii_sp"
"442","SKs13",0.5,"CR","EN","LC","LC","LC","LC","CR","EN","B1i_rod","B2i_rod"
"443","SKs14",0.1,"LC","LC","LC","LC","LC","LC","LC","LC","B1i_rod, B1i_inv, B1iii_sp","B2i_rod, B2i_inv, B2iii_sp"
"444","SKs2",0,"LC","LC","LC","LC","LC","LC","LC","LC","B1i_rod, B1i_inv, B1iii_sp","B2i_rod, B2i_inv, B2iii_sp"
"445","SKs3",0.1,"LC","LC","LC","LC","LC","LC","LC","LC","B1i_rod, B1i_inv, B1iii_sp","B2i_rod, B2i_inv, B2iii_sp"
"446","SKs4",0,"LC","LC","LC","LC","LC","LC","LC","LC","B1i_rod, B1i_inv, B1iii_sp","B2i_rod, B2i_inv, B2iii_sp"
"447","SKs5",0,"LC","LC","LC","LC","LC","LC","LC","LC","B1i_rod, B1i_inv, B1iii_sp","B2i_rod, B2i_inv, B2iii_sp"
"448","SKs6",0,"LC","LC","LC","LC","LC","LC","LC","LC","B1i_rod, B1i_inv, B1iii_sp","B2i_rod, B2i_inv, B2iii_sp"
"449","SKs7",0.1,"LC","LC","LC","LC","LC","LC","LC","LC","B1i_rod, B1i_inv, B1iii_sp","B2i_rod, B2i_inv, B2iii_sp"
"450","SKs8",0.1,"LC","LC","LC","LC","LC","LC","LC","LC","B1i_rod, B1i_inv, B1iii_sp","B2i_rod, B2i_inv, B2iii_sp"
"451","SKs9",0.1,"LC","LC","LC","LC","LC","LC","LC","LC","B1i_rod, B1i_inv, B1iii_sp","B2i_rod, B2i_inv, B2iii_sp"
"452","SKt1",0,"LC","LC","LC","LC","LC","LC","LC","LC","B1i_rod, B1i_inv, B1iii_sp","B2i_rod, B2i_inv, B2iii_sp"
"453","SKt2",0,"LC","LC","LC","LC","LC","LC","LC","LC","B1i_rod, B1i_inv, B1iii_sp","B2i_rod, B2i_inv, B2iii_sp"
"454","SKt3",0,"LC","LC","LC","LC","LC","LC","LC","LC","B1i_rod, B1i_inv, B1iii_sp","B2i_rod, B2i_inv, B2iii_sp"
"455","SKv1",0.1,"LC","LC","LC","LC","LC","LC","LC","LC","B1i_rod, B1i_inv, B1iii_sp","B2i_rod, B2i_inv, B2iii_sp"
"456","SKv10",0.1,"LC","LC","LC","LC","LC","LC","LC","LC","B1i_rod, B1i_inv, B1iii_sp","B2i_rod, B2i_inv, B2iii_sp"
"457","SKv11",0.1,"LC","LC","LC","LC","LC","LC","LC","LC","B1i_rod, B1i_inv, B1iii_sp","B2i_rod, B2i_inv, B2iii_sp"
"458","SKv13",0,"LC","LC","LC","LC","LC","LC","LC","LC","B1i_rod, B1i_inv, B1iii_sp","B2i_rod, B2i_inv, B2iii_sp"
"459","SKv14",0,"LC","LC","LC","LC","LC","LC","LC","LC","B1i_rod, B1i_inv, B1iii_sp","B2i_rod, B2i_inv, B2iii_sp"
"460","SKv2",0,"LC","LC","LC","LC","LC","LC","LC","LC","B1i_rod, B1i_inv, B1iii_sp","B2i_rod, B2i_inv, B2iii_sp"
"461","SKv3",0,"LC","LC","LC","LC","LC","LC","LC","LC","B1i_rod, B1i_inv, B1iii_sp","B2i_rod, B2i_inv, B2iii_sp"
"462","SKv4",0,"LC","LC","LC","LC","LC","LC","LC","LC","B1i_rod, B1i_inv, B1iii_sp","B2i_rod, B2i_inv, B2iii_sp"
"463","SKv5",0,"LC","LC","LC","LC","LC","LC","LC","LC","B1i_rod, B1i_inv, B1iii_sp","B2i_rod, B2i_inv, B2iii_sp"
"464","SKv6",0,"LC","LC","LC","LC","LC","LC","LC","LC","B1i_rod, B1i_inv, B1iii_sp","B2i_rod, B2i_inv, B2iii_sp"
"465","SKv7",0.2,"LC","LC","LC","LC","LC","LC","LC","LC","B1i_rod, B1i_inv, B1iii_sp","B2i_rod, B2i_inv, B2iii_sp"
"466","SKv8",0,"LC","LC","LC","LC","LC","LC","LC","LC","B1i_rod, B1i_inv, B1iii_sp","B2i_rod, B2i_inv, B2iii_sp"
