"","T_MAPCODE","D3_fin","D3_source","D3_prcdeg","prpinv_max","D3_inv"
"1","AT15","LC","D3_step; D3_inv",0,0.0281856354804183,"LC"
"2","AT16","LC","D3_step; D3_inv",0,0.0192554256051035,"LC"
"3","AT17","LC","D3_step; D3_inv",3,0.0825571314630509,"LC"
"4","AT18","LC","D3_step; D3_inv",16,0.0793810519349182,"LC"
"5","AT19","LC","D3_step; D3_inv",19,0.0150706367820578,"LC"
"6","AT20","LC","D3_nmb; D3_inv",17,0.0522558195344373,"LC"
"7","AT21","LC","D3_step; D3_inv",0,0.142048056980819,"LC"
"8","AT22","LC","D3_step; D3_inv",5,0.0991679365519152,"LC"
"9","AT23","LC","D3_step; D3_inv",0,0.0000447294538980974,"LC"
"10","AT24","LC","D3_step; D3_inv",0,0.00472955371389826,"LC"
"11","AT25","LC","D3_step; D3_inv",0,0.00230132422386963,"LC"
"12","AT26","LC","D3_step; D3_inv",0,0.264002121031352,"LC"
"13","AT27","LC","D3_step; D3_inv",33,0.00532898469809895,"LC"
"14","AT28","LC","D3_step; D3_inv",19,0.0395511279056453,"LC"
"15","AT29","LC","D3_step; D3_inv",43,0.000875977793285906,"LC"
"16","AT30","LC","D3_step; D3_inv",12,0.00538599411250715,"LC"
"17","AT31","LC","D3_step; D3_inv",2,0.061045880987269,"LC"
"18","AT32","LC","D3_step; D3_inv",38,0.00771700482562029,"LC"
"19","AT33","LC","D3_step; D3_inv",25,0.00132542704532233,"LC"
"20","AT34","LC","D3_lk; D3_inv",7,0.00650939545010329,"LC"
"21","AT35","LC","D3_step; D3_inv",0,0.0352446882619296,"LC"
"22","AT36","LC","D3_step; D3_inv",1,0.295359557054737,"LC"
"23","AT37","LC","D3_step; D3_inv",1,0.09982737695897,"LC"
"24","AT38","LC","D3_step; D3_inv",0,0.0776350926114649,"LC"
"25","AT39","LC","D3_step; D3_inv",0,0.0244478855583822,"LC"
"26","AT40","LC","D3_step; D3_inv",0,0.155642110717679,"LC"
"27","AT41","LC","D3_step; D3_inv",1,0.080276871209089,"LC"
"28","AT42","LC","D3_step; D3_inv",0,0.0270015310146452,"LC"
"29","AT43","LC","D3_lk; D3_inv",9,0.00396599714135259,"LC"
"30","AT44","LC","D3_nmb; D3_inv",3,0.0395603839684326,"LC"
"31","AT45","LC","D3_step; D3_inv",0,0.0231120311901851,"LC"
"32","AT46","LC","D3_step; D3_inv",0,0.000300687160730692,"LC"
"33","AT47","LC","D3_step; D3_inv",2,0.00232329925647202,"LC"
"34","AT48","LC","D3_nmb; D3_inv",4,0.450561105788969,"LC"
"35","AT49","VU","D3_step; D3_inv",71,0.00224488898907367,"LC"
"36","AT50","LC","D3_step; D3_inv",5,0.0511327744865382,"LC"
"37","AT51","LC","D3_step; D3_inv",20,0.069590727660086,"LC"
"38","AT52","LC","D3_step; D3_inv",0,0.0606449394211946,"LC"
"39","AT53","LC","D3_step; D3_inv",0,0.166215497655532,"LC"
"40","AT54","LC","D3_step; D3_inv",0,0.0866288226233537,"LC"
"41","AT55","LC","D3_lk; D3_inv",13,0.000826863517357661,"LC"
"42","AT56","LC","D3_step; D3_inv",0,0.0873563040777836,"LC"
"43","AT57","LC","D3_step; D3_inv",2,0.195512067148392,"LC"
"44","AT58","LC","D3_step; D3_inv",0,0.000330257770331471,"LC"
"45","AZa1","LC","D3_inv",0,0.0291420150878659,"LC"
"46","AZa2","LC","D3_inv",0,0.318271809827463,"LC"
"47","AZa3","LC","D3_inv",0,0.112114197123979,"LC"
"48","AZa4","LC","D3_inv",0,0.104955668509647,"LC"
"49","AZa5","LC","D3_inv",0,0.0137779068928459,"LC"
"50","AZa6","LC","D3_step; D3_inv",0,0.0480901277350316,"LC"
"51","AZa7","LC","D3_inv",0,0.0144315961889974,"LC"
"52","AZd1","LC","",0,NA,NA
"53","AZd2","LC","",0,NA,NA
"54","AZd3","LC","D3_inv",0,0.00114860708159013,"LC"
"55","AZd4","LC","D3_inv",0,0.000319756376094404,"LC"
"56","AZi1","LC","D3_inv",0,0.0429351012342354,"LC"
"57","AZi3","LC","D3_inv",0,0.00123032477941796,"LC"
"58","AZi5","LC","D3_inv",0,0.011713134131909,"LC"
"59","AZi6","LC","D3_inv",0,0.00650605312909208,"LC"
"60","AZi7","LC","D3_inv",0,0.00566589146645927,"LC"
"61","AZi8","LC","D3_inv",0,0.0654699137770334,"LC"
"62","AZs3","LC","D3_inv",0,0.163180755095222,"LC"
"63","CB1","LC","D3_inv",0,0.0350187616810082,"LC"
"64","CB2","LC","D3_inv",0,0.0271655816857482,"LC"
"65","CB3","LC","D3_inv",0,0.294099483277159,"LC"
"66","CB4","LC","D3_inv",0,0.0607614776324837,"LC"
"67","CB5","LC","D3_inv",0,0.0817865710474213,"LC"
"68","CB6","LC","D3_inv",0,0.358185147816147,"LC"
"69","Dg1","LC","D3_inv",0,0,"LC"
"70","Dg10","LC","D3_inv",0,0.000161974429918136,"LC"
"71","Dg2","LC","D3_inv",0,0,"LC"
"72","Dg3","LC","D3_inv",0,0,"LC"
"73","Dg4","LC","",0,NA,NA
"74","Dg5","LC","D3_inv",0,0,"LC"
"75","Dg6","LC","",0,NA,NA
"76","Dg7","LC","D3_inv",0,0,"LC"
"77","Dg8","LC","D3_inv",0,0,"LC"
"78","Dg9","LC","D3_inv",0,0.0000867924578689381,"LC"
"79","Dn1","LC","D3_inv",0,0,"LC"
"80","Dn2","LC","",0,NA,NA
"81","Dn3","LC","D3_inv",0,0,"LC"
"82","Dn4","LC","D3_inv",0,0,"LC"
"83","Dn5","LC","D3_inv",0,0,"LC"
"84","FFa1","LC","D3_inv",0,0.0251346227918464,"LC"
"85","FFa2","LC","D3_inv",0,0.165440253805905,"LC"
"86","FFa3","LC","D3_inv",0,0.149086566676107,"LC"
"87","FFa4","LC","D3_coct; D3_inv",21,0.193869582194455,"LC"
"88","FFb1","LC","D3_inv",0,0.00616671029783305,"LC"
"89","FFb2","LC","D3_inv",0,0.109039458125466,"LC"
"90","FFb3","LC","D3_step; D3_inv",0,0.00809667290301187,"LC"
"91","FFb4","LC","D3_inv",0,0.111882316378328,"LC"
"92","FFb5","LC","D3_step; D3_inv",0,0.0216810539146115,"LC"
"93","FFb6","LC","D3_step; D3_inv",0,0.21983053163865,"LC"
"94","FFc1","LC","D3_inv",0,0.224280701609923,"LC"
"95","FFd1","LC","D3_inv",0,0.00193625013011948,"LC"
"96","FFd10","LC","D3_step; D3_inv",0,0.230937667920473,"LC"
"97","FFd11","LC","D3_step; D3_inv",0,0.580371483601805,"LC"
"98","FFd2","LC","D3_inv",0,0.0247607653606103,"LC"
"99","FFd3","LC","D3_inv",0,0.0747608322648649,"LC"
"100","FFd4","LC","D3_inv",0,0.364765267014061,"LC"
"101","FFd5","LC","D3_coct; D3_inv",44,0.345090360767898,"LC"
"102","FFd6","LC","D3_inv",0,0.189263042429712,"LC"
"103","FFd7","LC","D3_inv",0,0.164401196502839,"LC"
"104","FFd8","LC","D3_inv",0,0.0510741791649777,"LC"
"105","FFd9","LC","D3_inv",0,0.0988637981216249,"LC"
"106","FFf1","LC","D3_inv",0,0.258979594633485,"LC"
"107","FFf2","LC","D3_inv",0,0.214554087530966,"LC"
"108","FFg1","LC","D3_inv",0,0.00032488628979857,"LC"
"109","FFg2","LC","D3_inv",0,0.187548467774474,"LC"
"110","FFg3","LC","D3_coct; D3_inv",13,0.165513308472057,"LC"
"111","FFg4","LC","D3_inv",0,0.142984491736473,"LC"
"112","FFg5","LC","D3_step; D3_inv",0,0.351528045115321,"LC"
"113","FFh1","LC","D3_inv",0,0.0208838448367099,"LC"
"114","FFh10","LC","D3_step; D3_inv",0,0.0352381952909245,"LC"
"115","FFh11","LC","D3_coct; D3_inv",0,0.158008496683312,"LC"
"116","FFh2","LC","",0,NA,NA
"117","FFh3","LC","D3_step; D3_inv",0,0.0210472762902527,"LC"
"118","FFh4","LC","D3_inv",0,0.123238073909055,"LC"
"119","FFh5","LC","D3_inv",0,0.241944764096663,"LC"
"120","FFh6","LC","D3_inv",0,0.270352267985933,"LC"
"121","FFh7","LC","D3_inv",0,0.126691232048375,"LC"
"122","FFh8","LC","D3_inv",0,0.0208884876546629,"LC"
"123","FFh9","LC","D3_step; D3_inv",0,0.40052542019668,"LC"
"124","FFl1","LC","D3_inv",0,0.336300224818258,"LC"
"125","FFl2","LC","D3_inv",0,0.182478993679664,"LC"
"126","FFl3","LC","D3_inv",0,0.136855032196572,"LC"
"127","FFq1","LC","",0,NA,NA
"128","FFq2","LC","D3_inv",0,0.00043625291391721,"LC"
"129","FFq3","LC","D3_inv",0,0.000216673974479198,"LC"
"130","FFq4","LC","D3_inv",0,0.00467910925002847,"LC"
"131","FFq5","LC","D3_step; D3_inv",1,0.000442165658896363,"LC"
"132","FFq6","LC","D3_step; D3_inv",0,0.047876226117079,"LC"
"133","FFs1","LC","D3_inv",0,0.0168745315544896,"LC"
"134","FFs10","LC","D3_inv",0,0.0622141983276723,"LC"
"135","FFs11","LC","D3_inv",0,0.0468411027038468,"LC"
"136","FFs12","LC","D3_inv",0,0.123548573910526,"LC"
"137","FFs13","LC","D3_inv",0,0.0246922492109446,"LC"
"138","FFs14","LC","D3_inv",0,0.138762168828346,"LC"
"139","FFs15","LC","D3_inv",0,0.0218404054562177,"LC"
"140","FFs16","LC","D3_inv",0,0.0987277041400753,"LC"
"141","FFs17","LC","D3_inv",0,0.0765454255404004,"LC"
"142","FFs18","LC","D3_step; D3_inv",0,0.0647758264050894,"LC"
"143","FFs19","LC","D3_step; D3_inv",0,0.180514896209862,"LC"
"144","FFs2","LC","D3_inv",0,0.0162503279027659,"LC"
"145","FFs20","LC","D3_step; D3_inv",0,0.193448144416358,"LC"
"146","FFs21","LC","D3_lk; D3_inv",3,0.00219470077235859,"LC"
"147","FFs22","LC","D3_lk; D3_inv",1,0.00289534813719975,"LC"
"148","FFs23","LC","D3_inv",0,0.000523337446283453,"LC"
"149","FFs24","LC","D3_inv",0,0.00361947233984676,"LC"
"150","FFs25","LC","D3_lk; D3_inv",0,0.00253365616496809,"LC"
"151","FFs26","LC","D3_lk; D3_inv",0,0.0191999554137465,"LC"
"152","FFs27","LC","D3_step; D3_inv",0,0.0101490944517183,"LC"
"153","FFs28","LC","D3_step; D3_inv",0,0.0175794769955046,"LC"
"154","FFs29","LC","D3_nmb; D3_inv",31,0.140651816660237,"LC"
"155","FFs3","LC","D3_inv",0,0.0208802606538334,"LC"
"156","FFs30","LC","D3_inv",0,0.0000293486729063724,"LC"
"157","FFs31","LC","D3_step; D3_inv",0,0.000124040165386887,"LC"
"158","FFs32","LC","D3_inv",0,0.00547990363317385,"LC"
"159","FFs4","LC","D3_inv",0,0.00743958550292132,"LC"
"160","FFs5","LC","D3_inv",0,0.00958605884206536,"LC"
"161","FFs6","LC","D3_inv",0,0.0280038628994405,"LC"
"162","FFs7","LC","D3_inv",0,0.00735577073364759,"LC"
"163","FFs8","LC","D3_inv",0,0.0134223915351423,"LC"
"164","FFs9","LC","D3_coct; D3_inv",1,0.0405488104842677,"LC"
"165","FFt1","LC","D3_step; D3_inv",0,0.00801962694849366,"LC"
"166","FFt2","LC","D3_step; D3_inv",0,0.0213536537813349,"LC"
"167","FOa1","LC","D3_inv",0,0.00468306839918211,"LC"
"168","FOa2","LC","D3_inv",0,0.00380956563266785,"LC"
"169","FOa3","LC","D3_inv",0,0.00136200019457146,"LC"
"170","FOz1","LC","D3_step; D3_inv",0,0.0323711033640614,"LC"
"171","FOz2","LC","D3_inv",0,0.0280362765649531,"LC"
"172","FOz3","LC","D3_inv",0,0.0385190860825428,"LC"
"173","FOz4","LC","D3_inv",0,0.0432909303368795,"LC"
"174","FOz5","LC","D3_inv",0,0.0138661895795585,"LC"
"175","FOz6","LC","D3_inv",0,0.0146141756907893,"LC"
"176","FOz7","LC","D3_inv",0,0.00360812850374911,"LC"
"177","FOz8","LC","D3_inv",0,0.000548629000692746,"LC"
"178","FOz9","LC","",0,NA,NA
"179","FRa1","LC","D3_inv",0,0.102381329168358,"LC"
"180","FRa2","LC","D3_inv",0,0.150000547447253,"LC"
"181","FRc1","LC","D3_inv",0,0.102890173410405,"LC"
"182","FRc2","LC","D3_inv",0,0.0938197515266372,"LC"
"183","FRd1","LC","D3_inv",0,0.0027479547510211,"LC"
"184","FRd2","LC","D3_inv",0,0.00072949111096331,"LC"
"185","FRg1","LC","D3_inv",0,0.00102061806731332,"LC"
"186","FRg2","LC","D3_inv",0,0.18064563085345,"LC"
"187","FRg3","LC","D3_inv",0,0.108175987086634,"LC"
"188","FRl1","LC","D3_lk; D3_inv",21,0.0190671561417506,"LC"
"189","FRs1","LC","D3_inv",0,0.0139517991659117,"LC"
"190","FRs10","LC","D3_coct; D3_inv",7,0.0875378004138151,"LC"
"191","FRs11","LC","D3_inv",0,0.175503694236886,"LC"
"192","FRs12","LC","D3_inv",0,0.139532316974715,"LC"
"193","FRs13","LC","D3_inv",0,0.112314639576675,"LC"
"194","FRs14","LC","D3_step; D3_inv",0,0.176418456005478,"LC"
"195","FRs15","LC","D3_step; D3_inv",0,0.00231112153918348,"LC"
"196","FRs16","LC","D3_step; D3_inv",0,0.00554062758577716,"LC"
"197","FRs17","LC","D3_step; D3_inv",0,0.191890763112291,"LC"
"198","FRs18","LC","D3_step; D3_inv",0,0.000301660650306211,"LC"
"199","FRs19","LC","D3_step; D3_inv",0,0.0623821290287817,"LC"
"200","FRs2","LC","D3_inv",0,0.0063945776435138,"LC"
"201","FRs20","LC","D3_inv",0,0.0299024236701291,"LC"
"202","FRs3","LC","D3_inv",0,0.000431602611519788,"LC"
"203","FRs4","LC","D3_inv",0,0.0233022863263228,"LC"
"204","FRs5","LC","D3_inv",0,0.000496690288087039,"LC"
"205","FRs6","LC","D3_inv",0,0.00128862732791599,"LC"
"206","FRs7","LC","D3_inv",0,0.00755368852306927,"LC"
"207","FRs8","LC","D3_inv",0,0.0268725145227462,"LC"
"208","FRs9","LC","D3_inv",0,0.129303040324319,"LC"
"209","FS1","LC","D3_inv",0,0.00758465087874058,"LC"
"210","FS10","LC","D3_inv",0,0.322533726950796,"LC"
"211","FS11","LC","D3_inv",0,0.391023626039343,"LC"
"212","FS12","LC","D3_step; D3_inv",0,0.373151778336469,"LC"
"213","FS13","LC","D3_step; D3_inv",2,0.166786173615142,"LC"
"214","FS14","LC","D3_step; D3_inv",3,0.564783286472536,"LC"
"215","FS2","LC","D3_inv",0,0.00708517018200765,"LC"
"216","FS3","LC","D3_inv",0,0.0338201611159393,"LC"
"217","FS4","LC","D3_inv",0,0.00161519576172632,"LC"
"218","FS5","LC","D3_inv",0,0.0420299193722338,"LC"
"219","FS6","LC","D3_coct; D3_inv",20,0.378594001498206,"LC"
"220","FS7","LC","D3_inv",0,0.411619744604585,"LC"
"221","FS9","LC","D3_step; D3_inv",0,0.511763373353613,"LC"
"222","Gd1","LC","D3_inv",0,0.0840047780028378,"LC"
"223","Gd10","LC","D3_inv",0,0.00000101696737423382,"LC"
"224","Gd2","LC","D3_inv",0,0.0267472295651947,"LC"
"225","Gd3","LC","D3_inv",0,0.00536745277184466,"LC"
"226","Gd4","LC","D3_inv",0,0.0206711576188615,"LC"
"227","Gd5","LC","D3_inv",0,0.0104980517749062,"LC"
"228","Gd6","LC","D3_inv",0,0.0138484100317437,"LC"
"229","Gd7","LC","D3_inv",0,0.00107762559791726,"LC"
"230","Gd8","LC","D3_inv",0,0.000281620311972569,"LC"
"231","Gd9","LC","",0,NA,NA
"232","Gh1","LC","D3_inv",0,0.00395162115944922,"LC"
"233","Gh10","LC","D3_inv",0,0.0100815066279094,"LC"
"234","Gh11","LC","D3_inv",0,0.0266502562764467,"LC"
"235","Gh12","LC","D3_inv",0,0.00352012040041822,"LC"
"236","Gh13","LC","D3_inv",0,0.00500865255888976,"LC"
"237","Gh14","LC","D3_inv",0,0.00344975743195873,"LC"
"238","Gh15","LC","D3_inv",0,0.00303661898608756,"LC"
"239","Gh2","LC","D3_inv",0,0.00493566603649093,"LC"
"240","Gh3","LC","D3_inv",0,0.00113660221680322,"LC"
"241","Gh4","LC","D3_inv",0,0.00171265926440242,"LC"
"242","Gh5","LC","D3_inv",0,0.00105961852180888,"LC"
"243","Gh6","LC","D3_inv",0,0.00372979568464821,"LC"
"244","Gh7","LC","D3_inv",0,0.00318688745252091,"LC"
"245","Gh8","LC","D3_inv",0,0.0156780199241503,"LC"
"246","Gh9","LC","D3_inv",0,0.0000793669158144647,"LC"
"247","Gm1","LC","D3_inv",0,0.00590088235260662,"LC"
"248","Gm10","LC","D3_inv",0,0.0601540215525337,"LC"
"249","Gm11","LC","D3_inv",0,0.0267181252326953,"LC"
"250","Gm12","LC","D3_inv",0,0.0269354442467744,"LC"
"251","Gm13","LC","D3_inv",0,0.00479847333787464,"LC"
"252","Gm14","LC","D3_inv",0,0.0239478333096732,"LC"
"253","Gm15","LC","D3_inv",0,0.0494261119665273,"LC"
"254","Gm16","LC","D3_inv",0,0.0270357971951907,"LC"
"255","Gm17","LC","D3_inv",0,0.0183134442986147,"LC"
"256","Gm19","LC","D3_inv",0,0.0347866081994509,"LC"
"257","Gm2","LC","D3_inv",0,0.0015464872828454,"LC"
"258","Gm20","LC","",0,NA,NA
"259","Gm21","LC","D3_inv",0,0.0118499950866774,"LC"
"260","Gm22","LC","D3_inv",0,0.0426054997926643,"LC"
"261","Gm23","LC","D3_inv",0,0.0354583680579868,"LC"
"262","Gm24","LC","D3_inv",0,0.0156008914795131,"LC"
"263","Gm25","LC","D3_inv",0,0.201011319533036,"LC"
"264","Gm26","LC","D3_inv",0,0.0396827362757678,"LC"
"265","Gm27","LC","D3_inv",0,0.0153815519406917,"LC"
"266","Gm28","LC","D3_inv",0,0.0264843374546725,"LC"
"267","Gm29","LC","D3_inv",0,0.00289630895659674,"LC"
"268","Gm3","LC","D3_inv",0,0.0182845495915448,"LC"
"269","Gm30","LC","D3_inv",0,0.0411348880042314,"LC"
"270","Gm31","LC","D3_inv",0,0.0229169713011898,"LC"
"271","Gm4","LC","D3_inv",0,0.0122005909312135,"LC"
"272","Gm5","LC","D3_inv",0,0.0298669761335473,"LC"
"273","Gm6","LC","D3_inv",0,0.00107469775177885,"LC"
"274","Gm7","LC","D3_inv",0,0.000173789627655723,"LC"
"275","Gm8","LC","D3_inv",0,0.00880082436648264,"LC"
"276","Gm9","LC","D3_inv",0,0.00530374226327266,"LC"
"277","Gs1","LC","D3_inv",0,0.0373850769517199,"LC"
"278","Gs10","LC","D3_inv",0,0.0773228906934007,"LC"
"279","Gs11","LC","D3_inv",0,0.0824362590690387,"LC"
"280","Gs12","LC","D3_inv",0,0.0699559224568994,"LC"
"281","Gs13","LC","D3_inv",0,0.0094451608725915,"LC"
"282","Gs14","LC","D3_inv",0,0.03563138162504,"LC"
"283","Gs15","LC","D3_inv",0,0.0299812244506089,"LC"
"284","Gs16","LC","D3_inv",0,0.00596331814429807,"LC"
"285","Gs17","LC","D3_inv",0,0.0104063518959486,"LC"
"286","Gs18","LC","D3_step; D3_inv",0,0.00105471710929638,"LC"
"287","Gs19","LC","D3_inv",0,0.148237349031446,"LC"
"288","Gs2","LC","D3_inv",0,0.0132913557749343,"LC"
"289","Gs20","LC","D3_inv",0,0.155142142579341,"LC"
"290","Gs3","LC","D3_inv",0,0.0721490088313049,"LC"
"291","Gs4","LC","D3_inv",0,0.0366559900823252,"LC"
"292","Gs6","LC","D3_inv",0,0.0223087914308591,"LC"
"293","Gs7","LC","D3_inv",0,0.00541060643140988,"LC"
"294","Gs8","LC","D3_inv",0,0.0285563553771646,"LC"
"295","Gs9","LC","D3_inv",0,0.0795059951620492,"LC"
"296","NKb1","LC","D3_inv",0,0.00295059775739735,"LC"
"297","NKb2","LC","D3_inv",0,0,"LC"
"298","NKb3","LC","D3_inv",0,0.00474945310111421,"LC"
"299","NKb4","LC","D3_inv",0,0.00159636346096751,"LC"
"300","NKb5","LC","D3_inv",0,0.00159077058103039,"LC"
"301","NKb6","LC","D3_inv",0,0.00312856734545929,"LC"
"302","NKl1","LC","D3_inv",0,0.0000694405133010862,"LC"
"303","NKl2","LC","D3_inv",0,0.00104361789758885,"LC"
"304","NKl4","LC","D3_step; D3_inv",0,0.000604204136690648,"LC"
"305","NKu1","LC","D3_inv",0,0.000701702646895664,"LC"
"306","NKu2","LC","D3_inv",0,0.00129040956947098,"LC"
"307","NKu3","LC","D3_inv",0,0.00650962004537139,"LC"
"308","NKu4","LC","D3_inv",0,0.0011716436384864,"LC"
"309","SKk1","LC","D3_inv",0,0.00280817110117887,"LC"
"310","SKk2","LC","",0,NA,NA
"311","SKk3","LC","D3_inv",0,0.000184165805891704,"LC"
"312","SKk4","LC","D3_inv",0,0.00158346304225032,"LC"
"313","SKk5","LC","D3_inv",0,0.00680964542182077,"LC"
"314","SKk6","LC","D3_inv",0,0.00278440173937439,"LC"
"315","SKk7","LC","D3_inv",0,0.0226254993840802,"LC"
"316","SKk8","LC","D3_inv",0,0.000633312222925903,"LC"
"317","SKk9","LC","D3_inv",0,0.00035371269971218,"LC"
"318","SKn1","LC","D3_inv",0,0.0000491963720862727,"LC"
"319","SKn2","LC","D3_inv",0,0,"LC"
"320","SKn3","LC","D3_inv",0,0.0000765126820116332,"LC"
"321","SKn4","LC","D3_inv",0,0.0000380680798713718,"LC"
"322","SKn5","LC","D3_inv",0,0,"LC"
"323","SKn6","LC","D3_inv",0,0.000422982023264011,"LC"
"324","SKn7","LC","",0,NA,NA
"325","SKr1","LC","",0,NA,NA
"326","SKr10","LC","",0,NA,NA
"327","SKr11","LC","",0,NA,NA
"328","SKr12","LC","",0,NA,NA
"329","SKr13","LC","D3_inv",0,0,"LC"
"330","SKr14","LC","",0,NA,NA
"331","SKr15","LC","D3_inv",0,0,"LC"
"332","SKr16","LC","",0,NA,NA
"333","SKr17","LC","",0,NA,NA
"334","SKr18","LC","D3_inv",0,0,"LC"
"335","SKr19","LC","D3_inv",0,0,"LC"
"336","SKr2","LC","D3_inv",0,0,"LC"
"337","SKr3","LC","",0,NA,NA
"338","SKr4","LC","D3_inv",0,0,"LC"
"339","SKr5","LC","",0,NA,NA
"340","SKr6","LC","",0,NA,NA
"341","SKr7","LC","",0,NA,NA
"342","SKr8","LC","",0,NA,NA
"343","SKr9","LC","",0,NA,NA
"344","SKs1","LC","",0,NA,NA
"345","SKs10","LC","",0,NA,NA
"346","SKs11","LC","",0,NA,NA
"347","SKs12","LC","D3_inv",0,0.000211558258799974,"LC"
"348","SKs13","LC","D3_inv",0,0.0168764354956228,"LC"
"349","SKs14","LC","D3_inv",0,0.00039812774372747,"LC"
"350","SKs2","LC","D3_inv",0,0,"LC"
"351","SKs3","LC","",0,NA,NA
"352","SKs4","LC","D3_inv",0,0,"LC"
"353","SKs5","LC","D3_inv",0,0,"LC"
"354","SKs6","LC","",0,NA,NA
"355","SKs7","LC","D3_inv",0,0.000305825423131993,"LC"
"356","SKs8","LC","D3_inv",0,0,"LC"
"357","SKs9","LC","D3_inv",0,0.000187625064538501,"LC"
"358","SKt1","LC","D3_inv",0,0.000655295060417415,"LC"
"359","SKt2","LC","D3_inv",0,0.00247249537596763,"LC"
"360","SKt3","LC","D3_inv",0,0.00132207043490695,"LC"
"361","SKv1","LC","D3_inv",0,0.00544217808556765,"LC"
"362","SKv10","LC","D3_lk; D3_inv",19,0.000236889743734797,"LC"
"363","SKv11","LC","D3_lk; D3_inv",24,0.00113733469864136,"LC"
"364","SKv13","LC","D3_step; D3_inv",0,0.000680358699872075,"LC"
"365","SKv14","LC","D3_step; D3_inv",0,0.000620868675355361,"LC"
"366","SKv2","LC","D3_inv",0,0.000539172574710581,"LC"
"367","SKv3","LC","D3_inv",0,0.000784504464277804,"LC"
"368","SKv4","LC","D3_inv",0,0,"LC"
"369","SKv5","LC","D3_inv",0,0.00184661036596381,"LC"
"370","SKv6","LC","D3_inv",0,0.0000777776437275667,"LC"
"371","SKv7","LC","D3_inv",0,0.00280180231011663,"LC"
"372","SKv8","LC","D3_inv",0,0.00116598209346128,"LC"
"373","SVcb1","LC","D3_inv",0,0.000000469770355893324,"LC"
"374","SVcb10","LC","D3_inv",0,0.028162048889202,"LC"
"375","SVcb11","LC","D3_inv",0,0.00815434857686687,"LC"
"376","SVcb12","LC","D3_inv",0,0.0049638379668723,"LC"
"377","SVcb13","LC","D3_inv",0,0.00834623144874007,"LC"
"378","SVcb14","LC","D3_inv",0,0.00162637298879126,"LC"
"379","SVcb15","LC","D3_inv",0,0.000869506644254709,"LC"
"380","SVcb16","LC","D3_inv",0,0.000267548991341517,"LC"
"381","SVcb17","LC","D3_inv",0,0.00366467404681833,"LC"
"382","SVcb18","LC","D3_inv",0,0.000730797685156583,"LC"
"383","SVcb19","LC","D3_inv",0,0,"LC"
"384","SVcb2","LC","D3_inv",0,0.0000453592133671371,"LC"
"385","SVcb20","LC","D3_inv",0,0.00611605179337623,"LC"
"386","SVcb21","LC","D3_inv",0,0.0426379552294378,"LC"
"387","SVcb22","LC","D3_inv",0,0.112866817155756,"LC"
"388","SVcb23","LC","D3_inv",0,0.00595989495951101,"LC"
"389","SVcb24","LC","D3_inv",0,0.0178288930360265,"LC"
"390","SVcb25","LC","D3_inv",0,0.00573608104690275,"LC"
"391","SVcb26","LC","D3_inv",0,0.0177908456556032,"LC"
"392","SVcb27","LC","D3_inv",0,0.00132021710530665,"LC"
"393","SVcb28","LC","D3_inv",0,0.00736942281842409,"LC"
"394","SVcb29","LC","D3_inv",0,0,"LC"
"395","SVcb3","LC","D3_inv",0,0.00990977825640242,"LC"
"396","SVcb4","LC","D3_inv",0,0.00394825422060129,"LC"
"397","SVcb5","LC","D3_inv",0,0,"LC"
"398","SVcb6","LC","D3_inv",0,0.0168185375150427,"LC"
"399","SVcb7","LC","D3_inv",0,0.00257098751408779,"LC"
"400","SVcb8","LC","D3_inv",0,0.0146428224178941,"LC"
"401","SVcb9","LC","D3_inv",0,0.0222596664389779,"LC"
"402","SVk1","LC","D3_inv",0,0.0000153974712219763,"LC"
"403","SVk10","LC","D3_inv",0,0.000315613647593354,"LC"
"404","SVk11","LC","D3_inv",0,0.000418681368300386,"LC"
"405","SVk12","LC","D3_inv",0,0.000179023280747772,"LC"
"406","SVk13","LC","D3_inv",0,0.00515879218411638,"LC"
"407","SVk14","LC","D3_inv",0,0.000217523986674272,"LC"
"408","SVk15","LC","D3_inv",0,0.000580256871257918,"LC"
"409","SVk16","LC","D3_inv",0,0.00077730616133148,"LC"
"410","SVk17","LC","D3_inv",0,0.00152842595050821,"LC"
"411","SVk18","LC","",0,NA,NA
"412","SVk2","LC","D3_inv",0,0.00120889041360065,"LC"
"413","SVk3","LC","D3_inv",0,0,"LC"
"414","SVk4","LC","D3_inv",0,0.000777914886226536,"LC"
"415","SVk5","LC","D3_inv",0,0.000176544211916227,"LC"
"416","SVk6","LC","D3_inv",0,0.00179130823126036,"LC"
"417","SVk7","LC","D3_inv",0,0.000363771284166322,"LC"
"418","SVk8","LC","D3_inv",0,0.0000033376615799056,"LC"
"419","SVk9","LC","D3_inv",0,0.000177826238112458,"LC"
"420","SVkd1","LC","D3_inv",0,0.00113815752302039,"LC"
"421","SVkd2","LC","D3_inv",0,0,"LC"
"422","SVkd3","LC","D3_inv",0,0,"LC"
"423","SVkd4","LC","",0,NA,NA
"424","SVl1","LC","D3_inv",0,0.0152002875271425,"LC"
"425","SVl10","LC","D3_inv",0,0.00687000118986392,"LC"
"426","SVl11","LC","D3_inv",0,0.000503530749570222,"LC"
"427","SVl12","LC","D3_inv",0,0.0396117546397036,"LC"
"428","SVl13","LC","D3_inv",0,0.0366761798038122,"LC"
"429","SVl14","LC","D3_inv",0,0.00604895976204556,"LC"
"430","SVl15","LC","",0,NA,NA
"431","SVl16","LC","D3_inv",0,0.0299179503794475,"LC"
"432","SVl17","LC","D3_inv",0,0.10966792021082,"LC"
"433","SVl18","LC","D3_inv",0,0.00237822960389506,"LC"
"434","SVl19","LC","D3_inv",0,0.00267406160245618,"LC"
"435","SVl2","LC","",0,NA,NA
"436","SVl20","LC","D3_inv",0,0.0330977664310998,"LC"
"437","SVl21","LC","D3_inv",0,0.0259477203031752,"LC"
"438","SVl22","LC","D3_inv",0,0.0395621778982301,"LC"
"439","SVl23","LC","D3_inv",0,0.030202126101213,"LC"
"440","SVl24","LC","D3_inv",0,0.0288062321702875,"LC"
"441","SVl25","LC","D3_inv",0,0.0664483410750957,"LC"
"442","SVl26","LC","D3_inv",0,0.0155769441788284,"LC"
"443","SVl27","LC","D3_inv",0,0.0376265561721914,"LC"
"444","SVl3","LC","D3_inv",0,0.00123033380951933,"LC"
"445","SVl4","LC","D3_inv",0,0.0014050430333808,"LC"
"446","SVl5","LC","D3_inv",0,0.000296030489258274,"LC"
"447","SVl6","LC","",0,NA,NA
"448","SVl7","LC","D3_inv",0,0.0137198424111816,"LC"
"449","SVl8","LC","D3_inv",0,0.0214924240812338,"LC"
"450","SVl9","LC","D3_inv",0,0.112752300617346,"LC"
"451","SVmp1","LC","D3_inv",0,0.0000316241613510943,"LC"
"452","SVmp2","LC","D3_inv",0,0.0000725469634901888,"LC"
"453","SVmp3","LC","",0,NA,NA
"454","SVmp4","LC","",0,NA,NA
"455","SVmp5","LC","",0,NA,NA
"456","SVmp6","LC","",0,NA,NA
"457","SVmp7","LC","D3_inv",0,0,"LC"
"458","SVmp8","LC","",0,NA,NA
"459","SVs1","LC","D3_inv",0,0.00311009976250885,"LC"
"460","SVs2","LC","D3_inv",0,0.0123352229201777,"LC"
"461","SVs3","LC","D3_inv",0,0.115259056527877,"LC"
"462","SVs4","LC","D3_inv",0,0.075621990689317,"LC"
"463","SVs5","LC","D3_inv",0,0.182556396744185,"LC"
"464","SVs6","LC","D3_inv",0,0.0835707114819484,"LC"
"465","SVs7","LC","D3_inv",0,0.0971798204237838,"LC"
"466","SVs8","LC","D3_step; D3_inv",0,0.0786386049716596,"LC"
