"","T_MAPCODE","A3_fin","A3_prplost","A2b_fin","A2b_prplost50","B1_fin","B2_fin","RoD","D3_fin","D3_prpdeg","prp_invmax","RLE","Criteria_triggered","Criteria_used"
"1","AT15","LC",0.001780724343872,"LC",0.00128540872569725,"LC","LC",0,"LC",0.000548080348579102,0,"LC","","A3_nat, A2b, B1i_rod, B1i_invmax, B1iii_sp, B2i_rod, B2i_invmax, B2iii_sp, D3_step"
"2","AT16","LC",0.048436651465895,"LC",0.0153011952592179,"LC","LC",0,"LC",0,0.00729407717805992,"LC","","A3_nat, A2b, B1i_rod, B1i_invmax, B1iii_sp, B2i_rod, B2i_invmax, B2iii_sp, D3_step"
"3","AT17","LC",0.209081479116646,"LC",0.0521117215306813,"LC","LC",0.1,"LC",0.0266872653200654,0.0569594618025453,"LC","","A3_nat, A2b, B1i_rod, B1i_invmax, B1iii_sp, B2i_rod, B2i_invmax, B2iii_sp, D3_step"
"4","AT18","LC",0.11986820356588,"LC",0.0272336042378401,"LC","LC",0.1,"LC",0.16382708177057,0.0476148688560587,"LC","","A3_nat, A2b, B1i_rod, B1i_invmax, B1iii_sp, B2i_rod, B2i_invmax, B2iii_sp, D3_step"
"5","AT19","LC",0.014881981750627,"LC",0.00650401288685507,"LC","LC",0,"LC",0.187247237253032,0.0164475096870826,"LC","","A3_nat, A2b, B1i_rod, B1i_invmax, B1iii_sp, B2i_rod, B2i_invmax, B2iii_sp, D3_step"
"6","AT20","LC",0.482923697312397,"LC",0.155616953272711,"LC","LC",0.3,"LC",0.172377736629997,0.100071994240461,"LC","","A3_nat, A3_nmb, A2b, B1i_rod, B1i_invmax, B1iii_sp, B2i_rod, B2i_invmax, B2iii_sp, D3_nmb"
"7","AT21","LC",0.195205468813906,"LC",0.0497682373896849,"LC","LC",0.1,"LC",0.0000911185317491134,0.0935291877454184,"LC","","A3_nat, A2b, B1i_rod, B1i_invmax, B1iii_sp, B2i_rod, B2i_invmax, B2iii_sp, D3_step"
"8","AT22","VU",0.571220671220671,"LC",0.24426439220728,"CR","EN",0.5,"LC",0.0450300312056103,0.0449625961072245,"CR","B1i_rod","A3_nat, A2b, B1i_rod, B2i_rod, D3_step"
"9","AT23","LC",0.137899077356545,"LC",0.0241859928307623,"LC","LC",0,"LC",0.000737856539607085,0.0000447294538980974,"LC","","A3_nat, A2b, B1i_rod, B1i_invmax, B1iii_sp, B2i_rod, B2i_invmax, B2iii_sp, D3_step"
"10","AT24","LC",0.127040078964165,"LC",0.0200010684968815,"LC","LC",0,"LC",0.00052095457802948,0.000353804304649832,"LC","","A3_nat, A2b, B1i_rod, B1i_invmax, B1iii_sp, B2i_rod, B2i_invmax, B2iii_sp, D3_step"
"11","AT25","LC",0.00927455098382002,"LC",0.00564130691109351,"LC","LC",0,"LC",0.0015846032329363,0.00236219979666421,"LC","","A3_nat, A2b, B1i_rod, B1i_invmax, B1iii_sp, B2i_rod, B2i_invmax, B2iii_sp, D3_step"
"12","AT26","LC",0.254639053020572,"LC",0.106126902832007,"CR","EN",0.2,"LC",0.0000098928603227051,0.317770265791741,"CR","B1i_invmax","A3_nat, A2b, B1i_invmax, B2i_invmax, D3_step"
"13","AT27","LC",0.00735947828802297,"LC",0.00455010918236855,"LC","LC",0,"LC",0.333232237885019,0.000907662779716451,"LC","","A3_nat, A2b, B1i_rod, B1i_invmax, B1iii_sp, B2i_rod, B2i_invmax, B2iii_sp, D3_step"
"14","AT28","LC",0.118658094086193,"LC",0.0204262392987044,"LC","LC",0,"LC",0.190803478585977,0.0238375216904932,"LC","","A3_nat, A2b, B1i_rod, B1i_invmax, B1iii_sp, B2i_rod, B2i_invmax, B2iii_sp, D3_step"
"15","AT29","LC",0.021103370574576,"LC",0.00747169018216334,"LC","LC",0,"LC",0.427637853884614,0.000610892955721979,"LC","","A3_nat, A2b, B1i_rod, B1i_invmax, B1iii_sp, B2i_rod, B2i_invmax, B2iii_sp, D3_step"
"16","AT30","LC",0.0722975932055741,"LC",0.0208227617015343,"LC","LC",0,"LC",0.1184672633727,0.0000876343460111021,"LC","","A3_nat, A2b, B1i_rod, B1i_invmax, B1iii_sp, B2i_rod, B2i_invmax, B2iii_sp, D3_step"
"17","AT31","LC",0.127098823263633,"LC",0.0150857357433762,"LC","LC",0,"LC",0.0151842267528923,0.0277150849683153,"LC","","A3_nat, A2b, B1i_rod, B1i_invmax, B1iii_sp, B2i_rod, B2i_invmax, B2iii_sp, D3_step"
"18","AT32","LC",0.04046478155734,"LC",0.0171694773064176,"LC","LC",0,"LC",0.3762141661481,0.00101418126568755,"LC","","A3_nat, A2b, B1i_rod, B1i_invmax, B1iii_sp, B2i_rod, B2i_invmax, B2iii_sp, D3_step"
"19","AT33","LC",0.015728165763058,"LC",0.0077891249170599,"LC","LC",0,"LC",0.247222602092979,0.00107339758844994,"LC","","A3_nat, A2b, B1i_rod, B1i_invmax, B1iii_sp, B2i_rod, B2i_invmax, B2iii_sp, D3_step"
"20","AT34","LC",0.0432592090276766,"LC",0.0176921839760869,"LC","LC",0,"LC",0.0675407486128789,0.00635600034637604,"LC","","A3_nat, A3_wc, A2b, B1i_rod, B1i_invmax, B1iii_sp, B2i_rod, B2i_invmax, B2iii_sp, D3_lk"
"21","AT35","LC",0.390518648250607,"LC",0.0911581115985402,"LC","LC",0.2,"LC",0.000106148661200011,0.0213775687913619,"LC","","A3_nat, A2b, B1i_rod, B1i_invmax, B1iii_sp, B2i_rod, B2i_invmax, B2iii_sp, D3_step"
"22","AT36","LC",0.370679528569761,"LC",0.175510277118351,"CR","EN",0.4,"LC",0.00651919931458836,0.278856620660924,"CR","B1i_rod","A3_nat, A3_wc, A2b, B1i_rod, B2i_rod, D3_step"
"23","AT37","LC",0.371902585244703,"LC",0.208536099444122,"CR","EN",0.4,"LC",0.00949548703500809,0.0978033906482033,"CR","B1i_rod","A3_nat, A3_wc, A2b, B1i_rod, B2i_rod, D3_step"
"24","AT38","LC",0.341703089582555,"LC",0.102329528133857,"LC","LC",0.2,"LC",0.000233349086204359,0.0582946912864871,"LC","","A3_nat, A2b, B1i_rod, B1i_invmax, B1iii_sp, B2i_rod, B2i_invmax, B2iii_sp, D3_step"
"25","AT39","LC",0.117447518827819,"LC",0.0608057979359525,"LC","LC",0.1,"LC",0.000717511844639975,0.000486671828337573,"LC","","A3_nat, A2b, B1i_rod, B1i_invmax, B1iii_sp, B2i_rod, B2i_invmax, B2iii_sp, D3_step"
"26","AT40","LC",0.179202969911799,"LC",0.120952312372466,"EN","VU",0.2,"LC",0,0.0924993522756715,"EN","B1iii_sp","A3_nat, A3_wc, A2b, B1iii_sp, B2iii_sp, D3_step"
"27","AT41","LC",0.324061789480804,"LC",0.0889467399352488,"LC","LC",0.2,"LC",0.00637094288133631,0.0418501185381323,"LC","","A3_nat, A2b, B1i_rod, B1i_invmax, B1iii_sp, B2i_rod, B2i_invmax, B2iii_sp, D3_step"
"28","AT42","LC",0.135758248073723,"LC",0.0841019914693121,"LC","LC",0.2,"LC",0.00098936433341578,0,"LC","","A3_nat, A2b, B1i_rod, B1i_invmax, B1iii_sp, B2i_rod, B2i_invmax, B2iii_sp, D3_step"
"29","AT43","LC",0.064161339106759,"LC",0.028340347865652,"LC","LC",0.1,"LC",0.0939117670944863,0.00336417663431881,"LC","","A3_nat, A3_wc, A2b, B1i_rod, B1i_invmax, B1iii_sp, B2i_rod, B2i_invmax, B2iii_sp, D3_lk"
"30","AT44","EN",0.790891069724187,"VU",0.448405219445772,"CR","EN",0.9,"LC",0.0259117082533589,0.0178641439755151,"CR","B1i_rod","A3_nmb, A2b, B1i_rod, B2i_rod, D3_nmb"
"31","AT45","LC",0.382383305510332,"LC",0.0726119618530541,"LC","LC",0.1,"LC",0.000224953287761164,0.00614084643145184,"LC","","A3_nat, A2b, B1i_rod, B1i_invmax, B1iii_sp, B2i_rod, B2i_invmax, B2iii_sp, D3_step"
"32","AT46","LC",0.0327621429535585,"LC",0.0146611417948745,"LC","LC",0,"LC",0.000488182213661548,0.000844822239546955,"LC","","A3_nat, A3_wc, A2b, B1i_rod, B1i_invmax, B1iii_sp, B2i_rod, B2i_invmax, B2iii_sp, D3_step"
"33","AT47","LC",0.026820397998804,"LC",0.0141604827689549,"LC","LC",0,"LC",0.0230858186298158,0.000141284761467989,"LC","","A3_nat, A2b, B1i_rod, B1i_invmax, B1iii_sp, B2i_rod, B2i_invmax, B2iii_sp, D3_step"
"34","AT48","VU",0.630234431802551,"LC",0.0778202210663199,"LC","LC",0.2,"LC",0.0430993250783866,0.00899822088408376,"VU","A3_nmb","A3_nmb, A2b, B1i_rod, B1i_invmax, B1iii_sp, B2i_rod, B2i_invmax, B2iii_sp, D3_nmb"
"35","AT49","LC",0.021799088696023,"LC",0.0105849090949235,"LC","LC",0,"EN",0.70633983240596,0.000455900299180951,"EN","D3_step","A3_nat, A2b, B1i_rod, B1i_invmax, B1iii_sp, B2i_rod, B2i_invmax, B2iii_sp, D3_step"
"36","AT50","LC",0.107524573087621,"LC",0.0331666542605229,"LC","LC",0.1,"LC",0.0470171049456508,0.0299711471155652,"LC","","A3_nat, A2b, B1i_rod, B1i_invmax, B1iii_sp, B2i_rod, B2i_invmax, B2iii_sp, D3_step"
"37","AT51","LC",0.137360708663551,"LC",0.0839566143660357,"LC","LC",0.2,"LC",0.203539989485787,0.0115254786479184,"LC","","A3_nat, A2b, B1i_rod, B1i_invmax, B1iii_sp, B2i_rod, B2i_invmax, B2iii_sp, D3_step"
"38","AT52","LC",0.306334409864944,"LC",0.0772635691564934,"LC","LC",0.2,"LC",0,0.00205015607639807,"LC","","A3_nat, A2b, B1i_rod, B1i_invmax, B1iii_sp, B2i_rod, B2i_invmax, B2iii_sp, D3_step"
"39","AT53","LC",0.389376743362309,"LC",0.23589321992161,"CR","EN",0.5,"LC",0,0.113404553584377,"CR","B1i_rod","A3_nat, A2b, B1i_rod, B2i_rod, D3_step"
"40","AT54","LC",0.015028734223878,"LC",0.00607085751350597,"LC","LC",0,"LC",0,0.0977613748464028,"LC","","A3_nat, A2b, B1i_rod, B1i_invmax, B1iii_sp, B2i_rod, B2i_invmax, B2iii_sp, D3_step"
"41","AT55","LC",0.0295054009155307,"LC",0.0165452713044256,"LC","LC",0,"LC",0.13424767357085,0.000903454919487334,"LC","","A3_nat, A3_wc, A2b, B1i_rod, B1i_invmax, B1iii_sp, B2i_rod, B2i_invmax, B2iii_sp, D3_lk"
"42","AT56","LC",0.335892942252304,"LC",0.104312459591909,"LC","LC",0.2,"LC",0.00000631137815253339,0.0406318972111123,"LC","","A3_nat, A2b, B1i_rod, B1i_invmax, B1iii_sp, B2i_rod, B2i_invmax, B2iii_sp, D3_step"
"43","AT57","LC",0.230221034138597,"LC",0.09103035788241,"EN","EN",0.2,"LC",0.0199296223338029,0.10356214031709,"EN","B1iii_sp, B2iii_sp","A3_nat, A2b, B1iii_sp, B2iii_sp, D3_step"
"44","AT58","LC",0.013785455939073,"LC",0.00719532144969053,"LC","LC",0,"LC",0.000898818376173872,0.000281997638134724,"LC","","A3_nat, A2b, B1i_rod, B1i_invmax, B1iii_sp, B2i_rod, B2i_invmax, B2iii_sp, D3_step"
"45","AZa1","LC",0.0143937128945458,"LC",0.01105566596056,"LC","LC",0,"LC",0,0.115996217036532,"LC","","A3_nat, A3_wc, A2b, B1i_rod, B1i_invmax, B1iii_sp, B2i_rod, B2i_invmax, B2iii_sp, "
"46","AZa2","VU",0.617275998248846,"VU",0.405450111294406,"EN","VU",0.8,"LC",0,0.283719713116024,"EN","B1i_rod","A3_nat, A3_wc, A2b, B1i_rod, B2i_rod, "
"47","AZa3","LC",0.387976678309685,"LC",0.164347737137318,"LC","LC",0.3,"LC",0,0.0501017357221579,"LC","","A3_nat, A2b, B1i_rod, B1i_invmax, B1iii_sp, B2i_rod, B2i_invmax, B2iii_sp, "
"48","AZa4","LC",0.30152722494084,"LC",0.133219820066965,"LC","LC",0.3,"LC",0,0.0759815983943773,"LC","","A3_nat, A2b, B1i_rod, B1i_invmax, B1iii_sp, B2i_rod, B2i_invmax, B2iii_sp, "
"49","AZa5","LC",0.348828790199308,"LC",0.121824507888611,"LC","LC",0.2,"LC",0,0.00594555901128238,"LC","","A3_nat, A2b, B1i_rod, B1i_invmax, B1iii_sp, B2i_rod, B2i_invmax, B2iii_sp, "
"50","AZa6","VU",0.562248548529675,"LC",0.24488516157335,"EN","LC",0.5,"LC",0.00451474592540354,0.0196748867949331,"EN","B1i_rod","A3_nat, A2b, B1i_rod, B2i_rod, B2i_invmax, B2iii_sp, D3_step"
"51","AZa7","LC",0.325864559214513,"LC",0.157819175534252,"LC","LC",0.3,"LC",0,0.00571259409861521,"LC","","A3_nat, A2b, B1i_rod, B1i_invmax, B1iii_sp, B2i_rod, B2i_invmax, B2iii_sp, "
"52","AZd1","CR",0.950748400720452,"EN",0.746790651744569,"CR","CR",1.5,"LC",0,0,"CR","A3_nat, B1i_rod, B2i_rod","A3_nat, A2b, B1i_rod, B2i_rod, "
"53","AZd2","LC",0.279903147699758,"LC",0.202671190284586,"EN","CR",0.4,"LC",0,0,"CR","B2i_rod","A3_nat, A2b, B1i_rod, B2i_rod, "
"54","AZd3","LC",0.022280412281212,"LC",0.0112156392026321,"LC","LC",0,"LC",0,0.00242359811390539,"LC","","A3_nat, A2b, B1i_rod, B1i_invmax, B1iii_sp, B2i_rod, B2i_invmax, B2iii_sp, "
"55","AZd4","LC",0.064418707352166,"LC",0.0312201554898976,"LC","LC",0.1,"LC",0,0.000959269128283213,"LC","","A3_nat, A2b, B1i_rod, B1i_invmax, B1iii_sp, B2i_rod, B2i_invmax, B2iii_sp, "
"56","AZi1","LC",0.120079641922222,"LC",0.0358500704219618,"LC","LC",0.1,"LC",0,0.0202041849549998,"LC","","A3_nat, A2b, B1i_rod, B1i_invmax, B1iii_sp, B2i_rod, B2i_invmax, B2iii_sp, "
"57","AZi3","LC",0.00243278019696502,"LC",0.00152134191266242,"LC","LC",0,"LC",0,0.000226677260259549,"LC","","A3_nat, A2b, B1i_rod, B1i_invmax, B1iii_sp, B2i_rod, B2i_invmax, B2iii_sp, "
"58","AZi5","LC",0.069916232489456,"LC",0.0184920304671702,"LC","LC",0,"LC",0,0.00371942974005279,"LC","","A3_nat, A2b, B1i_rod, B1i_invmax, B1iii_sp, B2i_rod, B2i_invmax, B2iii_sp, "
"59","AZi6","LC",0.14481773870173,"LC",0.0480963696037557,"LC","LC",0.1,"LC",0,0.00126465917091351,"LC","","A3_nat, A2b, B1i_rod, B1i_invmax, B1iii_sp, B2i_rod, B2i_invmax, B2iii_sp, "
"60","AZi7","LC",0.068750582130764,"LC",0.0137797297888801,"LC","LC",0,"LC",0,0.00168597475090988,"LC","","A3_nat, A2b, B1i_rod, B1i_invmax, B1iii_sp, B2i_rod, B2i_invmax, B2iii_sp, "
"61","AZi8","VU",0.614099341852615,"VU",0.327801430835966,"EN","VU",0.7,"LC",0,0.0475214027160652,"EN","B1i_rod","A3_nat, A3_wc, A2b, B1i_rod, B2i_rod, "
"62","AZs3","LC",0.204617613513763,"LC",0.0133024977639381,"LC","LC",0,"LC",0,0,"LC","","A3_nat, A3_kzn, A2b, B1i_rod, B1i_invmax, B1iii_sp, B2i_rod, B2i_invmax, B2iii_sp, "
"63","CB1","VU",0.640674844636071,"VU",0.322750034023032,"EN","LC",0.6,"LC",0,0.0118570941255039,"EN","B1i_rod","A3_nat, A3_kzn, A2b, B1i_rod, B2i_rod, B2i_invmax, B2iii_sp, "
"64","CB2","VU",0.654950633751557,"VU",0.31246783373522,"EN","VU",0.6,"LC",0,0.0167599381226755,"EN","B1i_rod","A3_nat, A3_kzn, A2b, B1i_rod, B2i_rod, "
"65","CB3","EN",0.821466653673887,"EN",0.628870309546553,"EN","LC",1.3,"LC",0,0.1734897681738,"EN","A3_nat, A3_kzn, A2b, B1i_rod","A3_nat, A3_kzn, A2b, B1i_rod, B2i_rod, B2i_invmax, B2iii_sp, "
"66","CB4","VU",0.506816511762729,"LC",0.147871194271573,"LC","LC",0.3,"LC",0,0.040267020064565,"VU","A3_nat","A3_nat, A2b, B1i_rod, B1i_invmax, B1iii_sp, B2i_rod, B2i_invmax, B2iii_sp, "
"67","CB5","LC",0.45513764658692,"LC",0.180843439212503,"EN","VU",0.4,"LC",0,0.0693844488837823,"EN","B1i_rod","A3_nat, A2b, B1i_rod, B2i_rod, "
"68","CB6","VU",0.602113875725427,"LC",0.232036810958451,"EN","VU",0.5,"LC",0,0.208312191745935,"EN","B1i_rod","A3_nat, A3_kzn, A2b, B1i_rod, B2i_rod, "
"69","Dg1","LC",0.00903632031606305,"LC",0.0127906640702741,"LC","LC",0,"LC",0,0,"LC","","A3_nat, A2b, B1i_rod, B1i_invmax, B1iii_sp, B2i_rod, B2i_invmax, B2iii_sp, "
"70","Dg10","LC",0.00494994863098697,"LC",0.00557995804086706,"LC","LC",0,"LC",0,0.00011207709368743,"LC","","A3_nat, A2b, B1i_rod, B1i_invmax, B1iii_sp, B2i_rod, B2i_invmax, B2iii_sp, "
"71","Dg2","LC",0.000101817779376012,"LC",0.000148715814730354,"LC","LC",0,"LC",0,0,"LC","","A3_nat, A2b, B1i_rod, B1i_invmax, B1iii_sp, B2i_rod, B2i_invmax, B2iii_sp, "
"72","Dg3","LC",0.022487886428552,"LC",0.0315526107495856,"LC","LC",0.1,"LC",0,0,"LC","","A3_nat, A2b, B1i_rod, B1i_invmax, B1iii_sp, B2i_rod, B2i_invmax, B2iii_sp, "
"73","Dg4","LC",0.00562896337277696,"LC",0.0047549293154761,"LC","LC",0,"LC",0,0,"LC","","A3_nat, A2b, B1i_rod, B1i_invmax, B1iii_sp, B2i_rod, B2i_invmax, B2iii_sp, "
"74","Dg5","LC",0.000593632130422961,"LC",0.000927550203786584,"LC","LC",0,"LC",0,0,"LC","","A3_nat, A2b, B1i_rod, B1i_invmax, B1iii_sp, B2i_rod, B2i_invmax, B2iii_sp, "
"75","Dg6","LC",0.01420302543898,"LC",0.0221922272484069,"LC","LC",0,"LC",0,0,"LC","","A3_nat, A2b, B1i_rod, B1i_invmax, B1iii_sp, B2i_rod, B2i_invmax, B2iii_sp, "
"76","Dg7","LC",0.011981953387141,"LC",0.01244640348481,"LC","LC",0,"LC",0,0,"LC","","A3_nat, A2b, B1i_rod, B1i_invmax, B1iii_sp, B2i_rod, B2i_invmax, B2iii_sp, "
"77","Dg8","LC",0.000800701167136042,"LC",0.00118012632305282,"LC","LC",0,"LC",0,0,"LC","","A3_nat, A2b, B1i_rod, B1i_invmax, B1iii_sp, B2i_rod, B2i_invmax, B2iii_sp, "
"78","Dg9","LC",0.016198162546491,"LC",0.0164674688528055,"LC","LC",0,"LC",0,0.0000547460118865609,"LC","","A3_nat, A2b, B1i_rod, B1i_invmax, B1iii_sp, B2i_rod, B2i_invmax, B2iii_sp, "
"79","Dn1","CR",0.920832163250023,"EN",0.607152539309597,"CR","CR",1.2,"LC",0,0,"CR","A3_nat, B1i_rod, B2i_rod","A3_nat, A2b, B1i_rod, B2i_rod, "
"80","Dn2","LC",0.345346123930516,"LC",0.298381928868952,"CR","CR",0.6,"LC",0,0,"CR","B1i_rod, B2i_rod","A3_nat, A2b, B1i_rod, B2i_rod, "
"81","Dn3","LC",0.123811484079747,"LC",0.0599507804533689,"LC","LC",0.1,"LC",0,0,"LC","","A3_nat, A2b, B1i_rod, B1i_invmax, B1iii_sp, B2i_rod, B2i_invmax, B2iii_sp, "
"82","Dn4","LC",0.102544158278606,"LC",0.0492841031822277,"CR","EN",0.1,"LC",0,0,"CR","B1iii_sp","A3_nat, A2b, B1iii_sp, B2iii_sp, "
"83","Dn5","LC",0.080978187587323,"LC",0.0314428695677887,"LC","LC",0.1,"LC",0,0,"LC","","A3_nat, A2b, B1i_rod, B1i_invmax, B1iii_sp, B2i_rod, B2i_invmax, B2iii_sp, "
"84","FFa1","EN",0.70586876309248,"VU",0.415097014552876,"CR","EN",0.8,"LC",0,0.0439553800025678,"CR","B1i_rod","A3_nat, A2b, B1i_rod, B2i_rod, "
"85","FFa2","VU",0.621020786836253,"VU",0.4394756422539,"EN","EN",0.9,"LC",0,0.233328598148543,"EN","B1i_rod, B1iii_sp, B2i_rod, B2iii_sp","A3_nat, A3_wc, A2b, B1i_rod, B1iii_sp, B2i_rod, B2iii_sp, "
"86","FFa3","EN",0.712881794976045,"VU",0.433984028206853,"EN","VU",0.9,"LC",0,0.213308651996064,"EN","A3_nat, B1i_rod, B1iii_sp","A3_nat, A2b, B1i_rod, B1iii_sp, B2i_rod, B2iii_sp, "
"87","FFa4","CR",0.957465800807837,"CR",0.951984544733309,"CR","EN",1.9,"LC",0.213011542497377,0.31518937914877,"CR","A3_coct, A2b, B1i_rod, B1i_invmax, B1iii_sp","A3_coct, A2b, B1i_rod, B1i_invmax, B1iii_sp, B2i_rod, B2i_invmax, B2iii_sp, D3_coct"
"88","FFb1","LC",0.062052523074541,"LC",0.0321380211494117,"LC","LC",0.1,"LC",0,0.0185156212484297,"LC","","A3_nat, A3_wc, A2b, B1i_rod, B1i_invmax, B1iii_sp, B2i_rod, B2i_invmax, B2iii_sp, "
"89","FFb2","LC",0.0221720062439605,"LC",0.0131051069214302,"EN","VU",0,"LC",0,0.139034746986899,"EN","B1iii_sp","A3_nat, A3_wc, A2b, B1iii_sp, B2iii_sp, "
"90","FFb3","LC",0.010734754277959,"LC",0.00168690268309531,"LC","LC",0,"LC",0.00000408788962698007,0.0142753626154986,"LC","","A3_nat, A3_wc, A2b, B1i_rod, B1i_invmax, B1iii_sp, B2i_rod, B2i_invmax, B2iii_sp, D3_step"
"91","FFb4","LC",0.119381777551007,"LC",0.0392363640954241,"LC","LC",0.1,"LC",0,0.189504373177843,"LC","","A3_nat, A3_wc, A2b, B1i_rod, B1i_invmax, B1iii_sp, B2i_rod, B2i_invmax, B2iii_sp, "
"92","FFb5","LC",0.115915180054175,"LC",0.0251367149798137,"LC","LC",0.1,"LC",0.000317387677976986,0.0596416823896746,"LC","","A3_nat, A2b, B1i_rod, B1i_invmax, B1iii_sp, B2i_rod, B2i_invmax, B2iii_sp, D3_step"
"93","FFb6","VU",0.624982702154158,"LC",0.238338255733148,"EN","EN",0.5,"LC",0,0.371559382260489,"EN","B1i_rod, B1i_invmax, B2i_rod, B2i_invmax","A3_nat, A2b, B1i_rod, B1i_invmax, B2i_rod, B2i_invmax, D3_step"
"94","FFc1","VU",0.552887093448791,"LC",0.277140260098746,"EN","VU",0.6,"LC",0,0.320277045547416,"EN","B1i_rod, B1i_invmax, B1iii_sp","A3_nat, A2b, B1i_rod, B1i_invmax, B1iii_sp, B2i_rod, B2i_invmax, B2iii_sp, "
"95","FFd1","LC",0.149350549525556,"LC",0.0283497686504506,"LC","LC",0.1,"LC",0,0.00194637053401034,"LC","","A3_nat, A2b, B1i_rod, B1i_invmax, B1iii_sp, B2i_rod, B2i_invmax, B2iii_sp, "
"96","FFd10","EN",0.702014367997975,"VU",0.334383051062212,"CR","EN",0.7,"VU",0,0.557334766254702,"CR","B1i_rod, B1i_invmax","A3_nat, A3_wc, A2b, B1i_rod, B1i_invmax, B2i_rod, B2i_invmax, D3_inv"
"97","FFd11","LC",0.216567027803159,"LC",0.120547877803815,"CR","EN",0.2,"VU",0,0.551947056588936,"CR","B1i_invmax","A3_nat, A2b, B1i_invmax, B2i_invmax, D3_inv"
"98","FFd2","VU",0.567701162129114,"VU",0.411678365497821,"EN","VU",0.8,"LC",0,0.0230692526747936,"EN","B1i_rod","A3_nat, A3_wc, A2b, B1i_rod, B2i_rod, "
"99","FFd3","LC",0.297738270407585,"LC",0.149603531693098,"EN","VU",0.3,"LC",0,0.0630296125564158,"EN","B1iii_sp","A3_nat, A3_wc, A2b, B1iii_sp, B2iii_sp, "
"100","FFd4","VU",0.519850412949195,"LC",0.176340604892468,"EN","VU",0.4,"LC",0,0.378059750214603,"EN","B1i_rod, B1i_invmax, B1iii_sp","A3_nat, A2b, B1i_rod, B1i_invmax, B1iii_sp, B2i_rod, B2i_invmax, B2iii_sp, "
"101","FFd5","CR",0.953784056508577,"EN",0.756369218747097,"CR","EN",1.5,"LC",0.439338606660554,0.334850223932663,"CR","A3_coct, B1i_rod, B1i_invmax, B1iii_sp","A3_coct, A2b, B1i_rod, B1i_invmax, B1iii_sp, B2i_rod, B2i_invmax, B2iii_sp, D3_coct"
"102","FFd6","LC",0.355283238664584,"LC",0.2283150047496,"CR","EN",0.5,"LC",0,0.321739198083117,"CR","B1i_rod, B1i_invmax, B1iii_sp","A3_nat, A3_wc, A2b, B1i_rod, B1i_invmax, B1iii_sp, B2i_rod, B2i_invmax, B2iii_sp, "
"103","FFd7","VU",0.516868408630935,"LC",0.158275962388516,"CR","EN",0.3,"LC",0,0.202676070946997,"CR","B1iii_sp","A3_nat, A2b, B1iii_sp, B2iii_sp, "
"104","FFd8","VU",0.510785092496294,"LC",0.118341982919374,"CR","EN",0.2,"LC",0,0.0672513542395991,"CR","B1iii_sp","A3_nat, A3_wc, A2b, B1iii_sp, B2iii_sp, "
"105","FFd9","LC",0.411649977882334,"LC",0.16631400368055,"EN","VU",0.3,"LC",0,0.153528843445525,"EN","B1iii_sp","A3_nat, A3_wc, A2b, B1iii_sp, B2iii_sp, "
"106","FFf1","VU",0.567150329245976,"LC",0.263058874899209,"EN","VU",0.5,"LC",0,0.352258088829809,"EN","B1i_rod, B1i_invmax, B1iii_sp","A3_nat, A3_wc, A2b, B1i_rod, B1i_invmax, B1iii_sp, B2i_rod, B2i_invmax, B2iii_sp, "
"107","FFf2","VU",0.52261752242042,"LC",0.128970320845486,"CR","EN",0.3,"LC",0,0.289781172584641,"CR","B1iii_sp","A3_nat, A2b, B1iii_sp, B2iii_sp, "
"108","FFg1","LC",0.012268272814791,"LC",0.00341903719912472,"LC","LC",0,"LC",0,0.000324886289798571,"LC","","A3_nat, A2b, B1i_rod, B1i_invmax, B1iii_sp, B2i_rod, B2i_invmax, B2iii_sp, "
"109","FFg2","LC",0.358138018795692,"LC",0.211058447906741,"EN","VU",0.4,"LC",0,0.334269542349746,"EN","B1i_rod, B1i_invmax, B1iii_sp","A3_nat, A3_wc, A2b, B1i_rod, B1i_invmax, B1iii_sp, B2i_rod, B2i_invmax, B2iii_sp, "
"110","FFg3","VU",0.589044855708908,"LC",0.266511878188775,"CR","EN",0.5,"LC",0.128730295031221,0.340612305050427,"CR","B1i_rod, B1i_invmax, B1iii_sp","A3_nat, A3_coct, A2b, B1i_rod, B1i_invmax, B1iii_sp, B2i_rod, B2i_invmax, B2iii_sp, D3_coct"
"111","FFg4","LC",0.138353641258147,"LC",0.0632603117278085,"LC","LC",0.1,"LC",0,0.216153497849219,"LC","","A3_nat, A3_wc, A2b, B1i_rod, B1i_invmax, B1iii_sp, B2i_rod, B2i_invmax, B2iii_sp, "
"112","FFg5","VU",0.563117225963716,"VU",0.382345627056393,"CR","EN",0.8,"LC",0,0.489370659282522,"CR","B1i_rod, B1i_invmax","A3_nat, A3_wc, A2b, B1i_rod, B1i_invmax, B2i_rod, B2i_invmax, D3_step"
"113","FFh1","VU",0.535490208356894,"LC",0.208995653090855,"CR","EN",0.4,"LC",0,0.0290362757269129,"CR","B1i_rod","A3_nat, A2b, B1i_rod, B2i_rod, "
"114","FFh10","LC",0.018778003555649,"LC",0.00581345542291684,"LC","LC",0,"LC",0.00152566076650327,0.137365064882547,"LC","","A3_nat, A2b, B1i_rod, B1i_invmax, B1iii_sp, B2i_rod, B2i_invmax, B2iii_sp, D3_step"
"115","FFh11","VU",0.57504830076331,"LC",0.194356522874111,"CR","CR",0.4,"LC",0.00431715918764441,0.348811209659387,"CR","B1i_rod, B1i_invmax, B2i_rod, B2i_invmax","A3_nat, A2b, B1i_rod, B1i_invmax, B2i_rod, B2i_invmax, D3_coct"
"116","FFh2","LC",0.0318804988227872,"LC",0.0118016278039735,"LC","LC",0,"LC",0,0.0000750389017464317,"LC","","A3_nat, A3_wc, A2b, B1i_rod, B1i_invmax, B1iii_sp, B2i_rod, B2i_invmax, B2iii_sp, "
"117","FFh3","LC",0.0867409699183658,"LC",0.0474277849168984,"LC","LC",0.1,"LC",0.000026625627699173,0.0329056044418483,"LC","","A3_nat, A3_wc, A2b, B1i_rod, B1i_invmax, B1iii_sp, B2i_rod, B2i_invmax, B2iii_sp, D3_step"
"118","FFh4","LC",0.313367307136392,"LC",0.183663872684563,"EN","VU",0.4,"LC",0,0.19190186845202,"EN","B1i_rod, B1iii_sp","A3_nat, A3_wc, A2b, B1i_rod, B1iii_sp, B2i_rod, B2iii_sp, "
"119","FFh5","VU",0.573798515315864,"LC",0.220015286630318,"EN","EN",0.4,"LC",0,0.292982671746344,"EN","B1i_rod, B1iii_sp, B2i_rod, B2iii_sp","A3_nat, A2b, B1i_rod, B1iii_sp, B2i_rod, B2iii_sp, "
"120","FFh6","EN",0.759892605001367,"VU",0.497537070891733,"CR","EN",1,"LC",0,0.360267032246528,"CR","B1i_rod, B1i_invmax, B1iii_sp","A3_nat, A2b, B1i_rod, B1i_invmax, B1iii_sp, B2i_rod, B2i_invmax, B2iii_sp, "
"121","FFh7","LC",0.402129246077053,"LC",0.163131249637352,"CR","EN",0.3,"LC",0,0.154786200194363,"CR","B1iii_sp","A3_nat, A3_wc, A2b, B1iii_sp, B2iii_sp, "
"122","FFh8","LC",0.154061018633753,"LC",0.0660360688303458,"LC","LC",0.1,"LC",0,0.0315279639332277,"LC","","A3_nat, A3_wc, A2b, B1i_rod, B1i_invmax, B1iii_sp, B2i_rod, B2i_invmax, B2iii_sp, "
"123","FFh9","VU",0.567512692516773,"LC",0.278697803331203,"EN","VU",0.6,"VU",0.00115534481276681,0.549234760434973,"EN","B1i_rod, B1i_invmax","A3_nat, A2b, B1i_rod, B1i_invmax, B2i_rod, B2i_invmax, D3_inv"
"124","FFl1","LC",0.0873178381015437,"LC",0.0435898660629328,"CR","EN",0.1,"LC",0,0.452276226595674,"CR","B1i_invmax, B1iii_sp","A3_nat, A3_wc, A2b, B1i_invmax, B1iii_sp, B2i_invmax, B2iii_sp, "
"125","FFl2","LC",0.0406248613758772,"LC",0.0163567050188929,"LC","LC",0,"LC",0,0.22080426788938,"LC","","A3_nat, A3_wc, A2b, B1i_rod, B1i_invmax, B1iii_sp, B2i_rod, B2i_invmax, B2iii_sp, "
"126","FFl3","LC",0.203012901609063,"LC",0.0699862097650517,"LC","LC",0.1,"LC",0,0.156079621520768,"LC","","A3_nat, A3_wc, A2b, B1i_rod, B1i_invmax, B1iii_sp, B2i_rod, B2i_invmax, B2iii_sp, "
"127","FFq1","LC",0,"LC",0,"LC","LC",0,"LC",0,0,"LC","","A3_nat, A2b, B1i_rod, B1i_invmax, B1iii_sp, B2i_rod, B2i_invmax, B2iii_sp, "
"128","FFq2","LC",0.0106167007289764,"LC",0.00647726136463828,"LC","LC",0,"LC",0,0.000378135320509872,"LC","","A3_nat, A3_wc, A2b, B1i_rod, B1i_invmax, B1iii_sp, B2i_rod, B2i_invmax, B2iii_sp, "
"129","FFq3","LC",0.00929217830788427,"LC",0.00319794386183194,"LC","LC",0,"LC",0,0.000377019116597483,"LC","","A3_nat, A3_wc, A2b, B1i_rod, B1i_invmax, B1iii_sp, B2i_rod, B2i_invmax, B2iii_sp, "
"130","FFq4","LC",0.0595768169273229,"LC",0.0245742616943305,"LC","LC",0,"LC",0,0.0100437140279104,"LC","","A3_nat, A3_wc, A2b, B1i_rod, B1i_invmax, B1iii_sp, B2i_rod, B2i_invmax, B2iii_sp, "
"131","FFq5","LC",0.00127259839490101,"LC",0.000736809754048388,"LC","LC",0,"LC",0.00614160140379461,0.00199528219285324,"LC","","A3_nat, A2b, B1i_rod, B1i_invmax, B1iii_sp, B2i_rod, B2i_invmax, B2iii_sp, D3_step"
"132","FFq6","LC",0.021519218543093,"LC",0.0107664693838264,"LC","LC",0,"LC",0.00327521845033873,0.118415014643106,"LC","","A3_nat, A2b, B1i_rod, B1i_invmax, B1iii_sp, B2i_rod, B2i_invmax, B2iii_sp, D3_step"
"133","FFs1","LC",0.210650557569499,"LC",0.0864666571789873,"LC","LC",0.2,"LC",0,0.0135152151101784,"LC","","A3_nat, A2b, B1i_rod, B1i_invmax, B1iii_sp, B2i_rod, B2i_invmax, B2iii_sp, "
"134","FFs10","LC",0.0268410612919314,"LC",0.0110933632611532,"LC","LC",0,"LC",0,0.100855595675028,"LC","","A3_nat, A3_wc, A2b, B1i_rod, B1i_invmax, B1iii_sp, B2i_rod, B2i_invmax, B2iii_sp, "
"135","FFs11","LC",0.0949207640948906,"LC",0.0331320497746072,"CR","VU",0.1,"LC",0,0.0613055643889168,"CR","B1iii_sp","A3_nat, A3_wc, A2b, B1iii_sp, B2iii_sp, "
"136","FFs12","LC",0.0680260434930947,"LC",0.035880496495614,"EN","VU",0.1,"LC",0,0.15380735028537,"EN","B1iii_sp","A3_nat, A3_wc, A2b, B1iii_sp, B2iii_sp, "
"137","FFs13","LC",0.0170839567346914,"LC",0.00930469178795887,"LC","LC",0,"LC",0,0.0239749959683303,"LC","","A3_nat, A3_wc, A2b, B1i_rod, B1i_invmax, B1iii_sp, B2i_rod, B2i_invmax, B2iii_sp, "
"138","FFs14","LC",0.0577150690427631,"LC",0.0256485476477598,"CR","EN",0.1,"LC",0,0.155753797899282,"CR","B1iii_sp","A3_nat, A3_wc, A2b, B1iii_sp, B2iii_sp, "
"139","FFs15","LC",0.0732056187338364,"LC",0.0342839838565217,"LC","LC",0.1,"LC",0,0.0404507363987339,"LC","","A3_nat, A3_wc, A2b, B1i_rod, B1i_invmax, B1iii_sp, B2i_rod, B2i_invmax, B2iii_sp, "
"140","FFs16","LC",0.0245080371945506,"LC",0.010551501698314,"LC","LC",0,"LC",0,0.1267124174985,"LC","","A3_nat, A3_wc, A2b, B1i_rod, B1i_invmax, B1iii_sp, B2i_rod, B2i_invmax, B2iii_sp, "
"141","FFs17","LC",0.0490468285929091,"LC",0.0196046289076344,"CR","EN",0,"LC",0,0.0915968732551647,"CR","B1iii_sp","A3_nat, A3_wc, A2b, B1iii_sp, B2iii_sp, "
"142","FFs18","LC",0.129390061392585,"LC",0.044038744606898,"LC","LC",0.1,"LC",0,0.0758923328768822,"LC","","A3_nat, A3_wc, A2b, B1i_rod, B1i_invmax, B1iii_sp, B2i_rod, B2i_invmax, B2iii_sp, D3_step"
"143","FFs19","LC",0.227694973500453,"LC",0.0767222226255911,"EN","VU",0.2,"LC",0,0.352542106283911,"EN","B1i_invmax","A3_nat, A3_wc, A2b, B1i_invmax, B2i_invmax, D3_step"
"144","FFs2","LC",0.271823676273698,"LC",0.14110213283677,"LC","LC",0.3,"LC",0,0.0199539763142236,"LC","","A3_nat, A3_wc, A2b, B1i_rod, B1i_invmax, B1iii_sp, B2i_rod, B2i_invmax, B2iii_sp, "
"145","FFs20","LC",0.317941083980553,"LC",0.0852086524166057,"EN","VU",0.2,"LC",0,0.346867370248456,"EN","B1i_invmax","A3_nat, A2b, B1i_invmax, B2i_invmax, D3_step"
"146","FFs21","LC",0.0037369883944772,"LC",0.00102514520140927,"LC","LC",0,"LC",0.0308466834187286,0.00419948760968787,"LC","","A3_nat, A3_wc, A2b, B1i_rod, B1i_invmax, B1iii_sp, B2i_rod, B2i_invmax, B2iii_sp, D3_lk"
"147","FFs22","LC",0.0038464747687119,"LC",0.00184827277694075,"LC","LC",0,"LC",0.00595966814777988,0.00788423174410084,"LC","","A3_nat, A3_wc, A2b, B1i_rod, B1i_invmax, B1iii_sp, B2i_rod, B2i_invmax, B2iii_sp, D3_lk"
"148","FFs23","LC",0.00688244781017718,"LC",0.00323239513033963,"LC","LC",0,"LC",0,0.00117951845390896,"LC","","A3_nat, A3_wc, A2b, B1i_rod, B1i_invmax, B1iii_sp, B2i_rod, B2i_invmax, B2iii_sp, "
"149","FFs24","LC",0.00317006473613645,"LC",0.00185617682118058,"LC","LC",0,"LC",0,0.00718830976592256,"LC","","A3_nat, A3_wc, A2b, B1i_rod, B1i_invmax, B1iii_sp, B2i_rod, B2i_invmax, B2iii_sp, "
"150","FFs25","LC",0.00435359357881027,"LC",0.00181299080924978,"LC","LC",0,"LC",0.000263497604347469,0.00334234699243167,"LC","","A3_nat, A3_wc, A2b, B1i_rod, B1i_invmax, B1iii_sp, B2i_rod, B2i_invmax, B2iii_sp, D3_lk"
"151","FFs26","LC",0.0518829838436067,"LC",0.0161356572471833,"LC","LC",0,"LC",0,0.0283861169553162,"LC","","A3_nat, A3_wc, A2b, B1i_rod, B1i_invmax, B1iii_sp, B2i_rod, B2i_invmax, B2iii_sp, D3_lk"
"152","FFs27","LC",0.102776380878567,"LC",0.0293561961055453,"LC","LC",0.1,"LC",0.0000479410405103457,0.0546022877067811,"LC","","A3_nat, A2b, B1i_rod, B1i_invmax, B1iii_sp, B2i_rod, B2i_invmax, B2iii_sp, D3_step"
"153","FFs28","LC",0.087774087034633,"LC",0.0231190514696728,"LC","LC",0,"LC",0.000251126788328251,0.0693493170140562,"LC","","A3_nat, A2b, B1i_rod, B1i_invmax, B1iii_sp, B2i_rod, B2i_invmax, B2iii_sp, D3_step"
"154","FFs29","VU",0.64868559172012,"VU",0.308545432051213,"CR","EN",0.6,"LC",0.313079829513514,0.338563135815895,"CR","B1i_rod, B1i_invmax, B1iii_sp","A3_nat, A3_nmb, A2b, B1i_rod, B1i_invmax, B1iii_sp, B2i_rod, B2i_invmax, B2iii_sp, D3_nmb"
"155","FFs3","LC",0.0335303344845137,"LC",0.0159993686187047,"LC","LC",0,"LC",0,0.03612881671989,"LC","","A3_nat, A3_wc, A2b, B1i_rod, B1i_invmax, B1iii_sp, B2i_rod, B2i_invmax, B2iii_sp, "
"156","FFs30","LC",0.0000959304184698032,"LC",0.0018654131090572,"LC","LC",0,"LC",0,0.0000426889787729053,"LC","","A3_nat, A3_wc, A2b, B1i_rod, B1i_invmax, B1iii_sp, B2i_rod, B2i_invmax, B2iii_sp, "
"157","FFs31","LC",0.00301513076063168,"LC",0.00137700945021915,"LC","LC",0,"LC",0,0.000110257924788344,"LC","","A3_nat, A3_wc, A2b, B1i_rod, B1i_invmax, B1iii_sp, B2i_rod, B2i_invmax, B2iii_sp, D3_step"
"158","FFs32","LC",0.353383381805015,"LC",0.221437297186261,"CR","EN",0.4,"LC",0,0.00228047081561829,"CR","B1i_rod","A3_nat, A2b, B1i_rod, B2i_rod, "
"159","FFs4","LC",0.0957879505514249,"LC",0.0352919611626072,"LC","LC",0.1,"LC",0,0.00967233899156505,"LC","","A3_nat, A3_wc, A2b, B1i_rod, B1i_invmax, B1iii_sp, B2i_rod, B2i_invmax, B2iii_sp, "
"160","FFs5","LC",0.0479101143535622,"LC",0.0218019546859891,"LC","LC",0,"LC",0,0.0158134054689296,"LC","","A3_nat, A3_wc, A2b, B1i_rod, B1i_invmax, B1iii_sp, B2i_rod, B2i_invmax, B2iii_sp, "
"161","FFs6","LC",0.0987501442650618,"LC",0.051087918579759,"CR","EN",0.1,"LC",0,0.0623685616094695,"CR","B1iii_sp","A3_nat, A3_wc, A2b, B1iii_sp, B2iii_sp, "
"162","FFs7","LC",0.0540527372990683,"LC",0.0196673506944406,"LC","LC",0,"LC",0,0.0111554617999002,"LC","","A3_nat, A3_wc, A2b, B1i_rod, B1i_invmax, B1iii_sp, B2i_rod, B2i_invmax, B2iii_sp, "
"163","FFs8","LC",0.0119565475766003,"LC",0.00619301870721471,"LC","LC",0,"LC",0,0.023025740687719,"LC","","A3_nat, A3_wc, A2b, B1i_rod, B1i_invmax, B1iii_sp, B2i_rod, B2i_invmax, B2iii_sp, "
"164","FFs9","LC",0.0572234851454104,"LC",0.0248831363983159,"CR","EN",0,"LC",0.0103043346269344,0.107835652019914,"CR","B1iii_sp","A3_nat, A3_coct, A2b, B1iii_sp, B2iii_sp, D3_coct"
"165","FFt1","LC",0.0209740550267707,"LC",0.00779275489709969,"LC","LC",0,"LC",0.0000355559418423311,0.0256743289055283,"LC","","A3_nat, A3_wc, A2b, B1i_rod, B1i_invmax, B1iii_sp, B2i_rod, B2i_invmax, B2iii_sp, D3_step"
"166","FFt2","LC",0.140136691001807,"LC",0.0235991444776172,"LC","LC",0,"LC",0.000344728308634118,0.191682803622609,"LC","","A3_nat, A2b, B1i_rod, B1i_invmax, B1iii_sp, B2i_rod, B2i_invmax, B2iii_sp, D3_step"
"167","FOa1","LC",0.244150552595738,"LC",0.174470226411376,"LC","LC",0.3,"LC",0,0.00261436340850627,"LC","","A3_nat, A2b, B1i_rod, B1i_invmax, B1iii_sp, B2i_rod, B2i_invmax, B2iii_sp, "
"168","FOa2","LC",0.226989008191145,"LC",0.105589670686266,"LC","LC",0.2,"LC",0,0.00140525763971609,"LC","","A3_nat, A3_kzn, A2b, B1i_rod, B1i_invmax, B1iii_sp, B2i_rod, B2i_invmax, B2iii_sp, "
"169","FOa3","LC",0.136929251540748,"LC",0.0752659919253279,"LC","LC",0.2,"LC",0,0.000758828679832668,"LC","","A3_nat, A2b, B1i_rod, B1i_invmax, B1iii_sp, B2i_rod, B2i_invmax, B2iii_sp, "
"170","FOz1","LC",0.197784801292453,"LC",0.0173420040681512,"LC","LC",0,"LC",0,0.0617198028509424,"LC","","A3_nat, A2b, B1i_rod, B1i_invmax, B1iii_sp, B2i_rod, B2i_invmax, B2iii_sp, D3_step"
"171","FOz2","LC",0.147857835544104,"LC",0.0258107402870747,"LC","LC",0.1,"LC",0,0.0329304552989571,"LC","","A3_nat, A2b, B1i_rod, B1i_invmax, B1iii_sp, B2i_rod, B2i_invmax, B2iii_sp, "
"172","FOz3","LC",0.167493006517711,"LC",0.0152708952259129,"LC","LC",0,"LC",0,0.0514388401350052,"LC","","A3_nat, A2b, B1i_rod, B1i_invmax, B1iii_sp, B2i_rod, B2i_invmax, B2iii_sp, "
"173","FOz4","LC",0.2579833901105,"LC",0.0143927531341266,"LC","LC",0,"LC",0,0.0456667534294369,"LC","","A3_nat, A2b, B1i_rod, B1i_invmax, B1iii_sp, B2i_rod, B2i_invmax, B2iii_sp, "
"174","FOz5","LC",0.080906634235991,"LC",0.0130287156298681,"LC","LC",0,"LC",0,0.0168114866161678,"LC","","A3_nat, A2b, B1i_rod, B1i_invmax, B1iii_sp, B2i_rod, B2i_invmax, B2iii_sp, "
"175","FOz6","LC",0.185201020976665,"LC",0.0267369188128922,"LC","LC",0.1,"LC",0,0.0232506983425297,"LC","","A3_nat, A2b, B1i_rod, B1i_invmax, B1iii_sp, B2i_rod, B2i_invmax, B2iii_sp, "
"176","FOz7","LC",0.250917201174065,"LC",0.126454906855977,"LC","LC",0.3,"LC",0,0.00211671693707564,"LC","","A3_nat, A3_kzn, A2b, B1i_rod, B1i_invmax, B1iii_sp, B2i_rod, B2i_invmax, B2iii_sp, "
"177","FOz8","LC",0.0911647421580418,"LC",0.0443283747744422,"LC","LC",0.1,"LC",0,0.0000736964329288764,"LC","","A3_nat, A3_kzn, A2b, B1i_rod, B1i_invmax, B1iii_sp, B2i_rod, B2i_invmax, B2iii_sp, "
"178","FOz9","LC",0.004683817801447,"LC",0.000223016537060706,"LC","LC",0,"LC",0,0.0189760326062879,"LC","","A3_nat, A2b, B1i_rod, B1i_invmax, B1iii_sp, B2i_rod, B2i_invmax, B2iii_sp, "
"179","FRa1","VU",0.57344092365417,"VU",0.41156473790108,"EN","VU",0.8,"LC",0,0.140971567622363,"EN","B1i_rod","A3_nat, A3_wc, A2b, B1i_rod, B2i_rod, "
"180","FRa2","LC",0.349628708947131,"LC",0.165731746109425,"CR","EN",0.3,"LC",0,0.121369056091446,"CR","B1iii_sp","A3_nat, A3_wc, A2b, B1iii_sp, B2iii_sp, "
"181","FRc1","EN",0.802777590827933,"EN",0.595586244900327,"EN","CR",1.2,"LC",0,0.133135447586315,"CR","B2i_rod, B2iii_sp","A3_nat, A3_wc, A2b, B1i_rod, B1iii_sp, B2i_rod, B2iii_sp, "
"182","FRc2","EN",0.806713669086694,"EN",0.513791397748151,"EN","EN",1,"LC",0,0.114985611005826,"EN","A3_nat, A3_wc, A2b, B1i_rod, B1iii_sp, B2i_rod, B2iii_sp","A3_nat, A3_wc, A2b, B1i_rod, B1iii_sp, B2i_rod, B2iii_sp, "
"183","FRd1","LC",0.101400309073945,"LC",0.040030534977147,"LC","LC",0.1,"LC",0,0.0556790388850807,"LC","","A3_nat, A2b, B1i_rod, B1i_invmax, B1iii_sp, B2i_rod, B2i_invmax, B2iii_sp, "
"184","FRd2","LC",0.023492467085603,"LC",0.00351438404518185,"LC","LC",0,"LC",0,0.000486799111874644,"LC","","A3_nat, A2b, B1i_rod, B1i_invmax, B1iii_sp, B2i_rod, B2i_invmax, B2iii_sp, "
"185","FRg1","LC",0.172650615501231,"LC",0.0554027612858325,"LC","LC",0.1,"LC",0,0.000468376663449214,"LC","","A3_nat, A2b, B1i_rod, B1i_invmax, B1iii_sp, B2i_rod, B2i_invmax, B2iii_sp, "
"186","FRg2","EN",0.771595599390467,"EN",0.529093408529834,"EN","VU",1.1,"LC",0,0.247368790436408,"EN","A3_nat, A3_wc, A2b, B1i_rod, B1iii_sp","A3_nat, A3_wc, A2b, B1i_rod, B1iii_sp, B2i_rod, B2iii_sp, "
"187","FRg3","LC",0.0164618498195247,"LC",0.0135866704564593,"LC","LC",0,"LC",0,0.150542658709088,"LC","","A3_nat, A3_wc, A2b, B1i_rod, B1i_invmax, B1iii_sp, B2i_rod, B2i_invmax, B2iii_sp, "
"188","FRl1","LC",0.111019597181017,"LC",0.0474649894405841,"LC","LC",0.1,"LC",0.214646897260615,0.0462761035145507,"LC","","A3_nat, A3_wc, A2b, B1i_rod, B1i_invmax, B1iii_sp, B2i_rod, B2i_invmax, B2iii_sp, D3_lk"
"189","FRs1","LC",0.054313912766635,"LC",0.0332975231035887,"LC","LC",0.1,"LC",0,0.0297194949766994,"LC","","A3_nat, A2b, B1i_rod, B1i_invmax, B1iii_sp, B2i_rod, B2i_invmax, B2iii_sp, "
"190","FRs10","CR",0.900560268422385,"EN",0.612235020811151,"CR","CR",1.2,"LC",0.071342383107089,0.214865510106637,"CR","A3_nat, B1i_rod, B1iii_sp, B2i_rod, B2iii_sp","A3_nat, A2b, B1i_rod, B1iii_sp, B2i_rod, B2iii_sp, D3_coct"
"191","FRs11","EN",0.838599915152059,"EN",0.540821531778325,"CR","VU",1.1,"LC",0,0.232474263178115,"CR","B1i_rod, B1iii_sp","A3_nat, A3_wc, A2b, B1i_rod, B1iii_sp, B2i_rod, B2iii_sp, "
"192","FRs12","CR",0.903474909568702,"EN",0.58198095777401,"EN","VU",1.2,"LC",0,0.171141083629868,"CR","A3_nat","A3_nat, A2b, B1i_rod, B1iii_sp, B2i_rod, B2iii_sp, "
"193","FRs13","EN",0.822261571539796,"EN",0.536412907812284,"EN","VU",1.1,"LC",0,0.158591894321681,"EN","A3_nat, A3_wc, A2b, B1i_rod, B1iii_sp","A3_nat, A3_wc, A2b, B1i_rod, B1iii_sp, B2i_rod, B2iii_sp, "
"194","FRs14","VU",0.582553972111024,"LC",0.294749760476899,"CR","VU",0.6,"LC",0.000414075043138587,0.26794207968759,"CR","B1i_rod","A3_nat, A3_wc, A2b, B1i_rod, B2i_rod, D3_step"
"195","FRs15","LC",0.044015709973286,"LC",0.0130595726667646,"LC","LC",0,"LC",0.000185244145995543,0.00451703728372262,"LC","","A3_nat, A2b, B1i_rod, B1i_invmax, B1iii_sp, B2i_rod, B2i_invmax, B2iii_sp, D3_step"
"196","FRs16","LC",0.180839853029726,"LC",0.0474506084672906,"LC","LC",0.1,"LC",0.0000768676691912304,0.00734994703458909,"LC","","A3_nat, A2b, B1i_rod, B1i_invmax, B1iii_sp, B2i_rod, B2i_invmax, B2iii_sp, D3_step"
"197","FRs17","VU",0.690212920443529,"VU",0.339622210025613,"EN","VU",0.7,"LC",0,0.282829038411191,"EN","B1i_rod","A3_nat, A2b, B1i_rod, B2i_rod, D3_step"
"198","FRs18","LC",0.00038745847455901,"LC",0.000152711310326214,"LC","LC",0,"LC",0.000973706553820029,0.00199534195509807,"LC","","A3_nat, A2b, B1i_rod, B1i_invmax, B1iii_sp, B2i_rod, B2i_invmax, B2iii_sp, D3_step"
"199","FRs19","VU",0.582230202331502,"LC",0.191179823672477,"EN","EN",0.4,"LC",0.000638818057971667,0.249782540085752,"EN","B1i_rod, B2i_rod","A3_nat, A2b, B1i_rod, B2i_rod, D3_step"
"200","FRs2","VU",0.523213645968137,"LC",0.184925742406933,"CR","EN",0.4,"LC",0,0.00771336344049746,"CR","B1i_rod","A3_nat, A2b, B1i_rod, B2i_rod, "
"201","FRs20","EN",0.756609748208175,"VU",0.45025735660227,"CR","EN",0.9,"LC",0,0.0862099115168048,"CR","B1i_rod","A3_nat, A2b, B1i_rod, B2i_rod, "
"202","FRs3","LC",0.021509309171921,"LC",0.00703831321430572,"LC","LC",0,"LC",0,0.000273801480078052,"LC","","A3_nat, A2b, B1i_rod, B1i_invmax, B1iii_sp, B2i_rod, B2i_invmax, B2iii_sp, "
"203","FRs4","VU",0.570150336675414,"LC",0.262349664135744,"CR","EN",0.5,"LC",0,0.0345825306653849,"CR","B1i_rod","A3_nat, A2b, B1i_rod, B2i_rod, "
"204","FRs5","LC",0.030226921887475,"LC",0.00431719142424703,"LC","LC",0,"LC",0,0.000502694603188158,"LC","","A3_nat, A2b, B1i_rod, B1i_invmax, B1iii_sp, B2i_rod, B2i_invmax, B2iii_sp, "
"205","FRs6","LC",0.0894007549036579,"LC",0.0258131148146699,"LC","LC",0.1,"LC",0,0.00166874034523986,"LC","","A3_nat, A3_wc, A2b, B1i_rod, B1i_invmax, B1iii_sp, B2i_rod, B2i_invmax, B2iii_sp, "
"206","FRs7","LC",0.152440020965889,"LC",0.057364225680048,"LC","LC",0.1,"LC",0,0.012725859183363,"LC","","A3_nat, A3_wc, A2b, B1i_rod, B1i_invmax, B1iii_sp, B2i_rod, B2i_invmax, B2iii_sp, "
"207","FRs8","LC",0.343380526832777,"LC",0.140937518078491,"EN","VU",0.3,"LC",0,0.0484738220727575,"EN","B1iii_sp","A3_nat, A3_wc, A2b, B1iii_sp, B2iii_sp, "
"208","FRs9","CR",0.902042373409933,"EN",0.619754849065725,"EN","LC",1.2,"LC",0,0.179471106306876,"CR","A3_nat","A3_nat, A2b, B1i_rod, B1iii_sp, B2i_rod, B2i_invmax, B2iii_sp, "
"209","FS1","LC",0.253242119667693,"LC",0.196625417631191,"CR","EN",0.4,"LC",0,0.00768982832326796,"CR","B1i_rod","A3_nat, A3_wc, A2b, B1i_rod, B2i_rod, "
"210","FS10","LC",0.061053552248347,"LC",0.0312620277118481,"EN","VU",0.1,"LC",0,0.379574657493896,"EN","B1i_invmax","A3_nat, A3_wc, A2b, B1i_invmax, B2i_invmax, "
"211","FS11","LC",0.0439429448844351,"LC",0.00598175234093286,"CR","EN",0,"LC",0,0.423686878929223,"CR","B1i_invmax","A3_nat, A3_wc, A2b, B1i_invmax, B2i_invmax, "
"212","FS12","LC",0.235620598828146,"LC",0.12155641869571,"LC","LC",0.2,"LC",0.00414550243220726,0.239780938483447,"LC","","A3_nat, A2b, B1i_rod, B1i_invmax, B1iii_sp, B2i_rod, B2i_invmax, B2iii_sp, D3_step"
"213","FS13","LC",0.138865148794377,"LC",0.0618789897687029,"LC","LC",0.1,"LC",0.0160891446387159,0.160435232924733,"LC","","A3_nat, A3_wc, A2b, B1i_rod, B1i_invmax, B1iii_sp, B2i_rod, B2i_invmax, B2iii_sp, D3_step"
"214","FS14","LC",0.123732527763678,"LC",0.0953864599179256,"CR","EN",0.2,"LC",0.027014642563749,0.47615750879523,"CR","B1i_invmax","A3_nat, A2b, B1i_invmax, B2i_invmax, D3_step"
"215","FS2","EN",0.737958479963484,"LC",0.298270385662976,"CR","EN",0.6,"LC",0,0.0296279647120724,"CR","B1i_rod, B1iii_sp","A3_nat, A2b, B1i_rod, B1iii_sp, B2i_rod, B2iii_sp, "
"216","FS3","VU",0.55161410219057,"LC",0.231686056059878,"EN","VU",0.5,"LC",0,0.0362077015567562,"EN","B1i_rod, B1iii_sp","A3_nat, A3_wc, A2b, B1i_rod, B1iii_sp, B2i_rod, B2iii_sp, "
"217","FS4","LC",0.121459673750569,"LC",0.0475916892431526,"LC","LC",0.1,"LC",0,0.0164669207907998,"LC","","A3_nat, A3_wc, A2b, B1i_rod, B1i_invmax, B1iii_sp, B2i_rod, B2i_invmax, B2iii_sp, "
"218","FS5","LC",0.112159064903564,"LC",0.0660871318895682,"EN","VU",0.1,"LC",0,0.118624932082097,"EN","B1iii_sp","A3_nat, A3_wc, A2b, B1iii_sp, B2iii_sp, "
"219","FS6","VU",0.634036511522276,"VU",0.484672797723339,"EN","EN",1,"LC",0.199254217970004,0.398385169945903,"EN","B1i_rod, B1i_invmax, B1iii_sp, B2i_rod, B2i_invmax, B2iii_sp","A3_nat, A3_coct, A2b, B1i_rod, B1i_invmax, B1iii_sp, B2i_rod, B2i_invmax, B2iii_sp, D3_coct"
"220","FS7","LC",0.18888423500047,"LC",0.0754495243316783,"EN","EN",0.2,"LC",0,0.401581019234667,"EN","B1i_invmax, B1iii_sp, B2i_invmax, B2iii_sp","A3_nat, A3_wc, A2b, B1i_invmax, B1iii_sp, B2i_invmax, B2iii_sp, "
"221","FS9","VU",0.558399428367274,"LC",0.262092973147674,"CR","CR",0.5,"VU",0,0.616031843629656,"CR","B1i_rod, B1i_invmax, B2i_rod, B2i_invmax","A3_nat, A2b, B1i_rod, B1i_invmax, B2i_rod, B2i_invmax, D3_inv"
"222","Gd1","LC",0.163920413878261,"LC",0.0690942486405317,"LC","LC",0.1,"LC",0,0.0609774957817498,"LC","","A3_nat, A2b, B1i_rod, B1i_invmax, B1iii_sp, B2i_rod, B2i_invmax, B2iii_sp, "
"223","Gd10","LC",0.027378948900447,"LC",0.00138846915782258,"LC","LC",0,"LC",0,0.00000101696737423382,"LC","","A3_nat, A2b, B1i_rod, B1i_invmax, B1iii_sp, B2i_rod, B2i_invmax, B2iii_sp, "
"224","Gd2","LC",0.029923523719774,"LC",0.0251956718376046,"LC","LC",0.1,"LC",0,0.0163478442045499,"LC","","A3_nat, A2b, B1i_rod, B1i_invmax, B1iii_sp, B2i_rod, B2i_invmax, B2iii_sp, "
"225","Gd3","LC",0.187756297558625,"LC",0.0441938482268133,"LC","LC",0.1,"LC",0,0.00242132238004833,"LC","","A3_nat, A2b, B1i_rod, B1i_invmax, B1iii_sp, B2i_rod, B2i_invmax, B2iii_sp, "
"226","Gd4","LC",0.0982645772710981,"LC",0.0413892958904727,"LC","LC",0.1,"LC",0,0.019195447180037,"LC","","A3_nat, A2b, B1i_rod, B1i_invmax, B1iii_sp, B2i_rod, B2i_invmax, B2iii_sp, "
"227","Gd5","LC",0.0981228616541771,"LC",0.0175933077061822,"LC","LC",0,"LC",0,0.0118502690815674,"LC","","A3_nat, A2b, B1i_rod, B1i_invmax, B1iii_sp, B2i_rod, B2i_invmax, B2iii_sp, "
"228","Gd6","LC",0.00321965842014704,"LC",0.000261006347674468,"LC","LC",0,"LC",0,0.0194731663851195,"LC","","A3_nat, A2b, B1i_rod, B1i_invmax, B1iii_sp, B2i_rod, B2i_invmax, B2iii_sp, "
"229","Gd7","LC",0.00076053508884999,"LC",0.000544975176612713,"LC","LC",0,"LC",0,0.0013305377280407,"LC","","A3_nat, A2b, B1i_rod, B1i_invmax, B1iii_sp, B2i_rod, B2i_invmax, B2iii_sp, "
"230","Gd8","LC",0.142688326078971,"LC",0.00114016312720249,"LC","LC",0,"LC",0,0.000315903316929309,"LC","","A3_nat, A2b, B1i_rod, B1i_invmax, B1iii_sp, B2i_rod, B2i_invmax, B2iii_sp, "
"231","Gd9","LC",0.159534242501033,"LC",0,"LC","LC",0,"LC",0,0,"LC","","A3_nat, A2b, B1i_rod, B1i_invmax, B1iii_sp, B2i_rod, B2i_invmax, B2iii_sp, "
"232","Gh1","LC",0.027726496571127,"LC",0.00838730490636585,"LC","LC",0,"LC",0,0.00229009325660796,"LC","","A3_nat, A2b, B1i_rod, B1i_invmax, B1iii_sp, B2i_rod, B2i_invmax, B2iii_sp, "
"233","Gh10","EN",0.776111892739829,"VU",0.314777015964929,"LC","LC",0.6,"LC",0,0.00194095837064358,"EN","A3_nat","A3_nat, A2b, B1i_rod, B1i_invmax, B1iii_sp, B2i_rod, B2i_invmax, B2iii_sp, "
"234","Gh11","VU",0.548515478419952,"LC",0.201765334416043,"CR","EN",0.4,"LC",0,0.00775880179849179,"CR","B1i_rod","A3_nat, A2b, B1i_rod, B2i_rod, "
"235","Gh12","LC",0.328886126413981,"LC",0.156621546071102,"LC","LC",0.3,"LC",0,0.00356896071429864,"LC","","A3_nat, A2b, B1i_rod, B1i_invmax, B1iii_sp, B2i_rod, B2i_invmax, B2iii_sp, "
"236","Gh13","LC",0.436102127160627,"LC",0.123711320426831,"LC","LC",0.2,"LC",0,0.00287150441517818,"LC","","A3_nat, A2b, B1i_rod, B1i_invmax, B1iii_sp, B2i_rod, B2i_invmax, B2iii_sp, "
"237","Gh14","VU",0.599941119420647,"LC",0.190983899342195,"VU","LC",0.4,"LC",0,0.000726648486488169,"VU","A3_nat, B1i_rod","A3_nat, A2b, B1i_rod, B2i_rod, B2i_invmax, B2iii_sp, "
"238","Gh15","LC",0.363959972644466,"LC",0.126382925848947,"LC","LC",0.3,"LC",0,0.0023718511753898,"LC","","A3_nat, A2b, B1i_rod, B1i_invmax, B1iii_sp, B2i_rod, B2i_invmax, B2iii_sp, "
"239","Gh2","LC",0.209793668009431,"LC",0.0612203792426513,"LC","LC",0.1,"LC",0,0.00319085208979471,"LC","","A3_nat, A2b, B1i_rod, B1i_invmax, B1iii_sp, B2i_rod, B2i_invmax, B2iii_sp, "
"240","Gh3","LC",0.077301481086698,"LC",0.0275611687723451,"LC","LC",0.1,"LC",0,0.000389020745636691,"LC","","A3_nat, A2b, B1i_rod, B1i_invmax, B1iii_sp, B2i_rod, B2i_invmax, B2iii_sp, "
"241","Gh4","LC",0.044279661770029,"LC",0.0145892420060235,"LC","LC",0,"LC",0,0.00110201462995562,"LC","","A3_nat, A2b, B1i_rod, B1i_invmax, B1iii_sp, B2i_rod, B2i_invmax, B2iii_sp, "
"242","Gh5","LC",0.47939687389587,"LC",0.136172361543368,"LC","LC",0.3,"LC",0,0.000652598339537726,"LC","","A3_nat, A2b, B1i_rod, B1i_invmax, B1iii_sp, B2i_rod, B2i_invmax, B2iii_sp, "
"243","Gh6","LC",0.345023016567317,"LC",0.105234226926381,"LC","LC",0.2,"LC",0,0.00208911426048074,"LC","","A3_nat, A2b, B1i_rod, B1i_invmax, B1iii_sp, B2i_rod, B2i_invmax, B2iii_sp, "
"244","Gh7","LC",0.181815868537361,"LC",0.0584560332493996,"LC","LC",0.1,"LC",0,0.000996155021999071,"LC","","A3_nat, A2b, B1i_rod, B1i_invmax, B1iii_sp, B2i_rod, B2i_invmax, B2iii_sp, "
"245","Gh8","LC",0.178160433868378,"LC",0.101667251022151,"LC","LC",0.2,"LC",0,0.00596393813472693,"LC","","A3_nat, A2b, B1i_rod, B1i_invmax, B1iii_sp, B2i_rod, B2i_invmax, B2iii_sp, "
"246","Gh9","LC",0.249820674958761,"LC",0.0636958492139441,"LC","LC",0.1,"LC",0,0,"LC","","A3_nat, A2b, B1i_rod, B1i_invmax, B1iii_sp, B2i_rod, B2i_invmax, B2iii_sp, "
"247","Gm1","LC",0.340875927321638,"LC",0.075006473638316,"LC","LC",0.2,"LC",0,0.0039792316695995,"LC","","A3_nat, A2b, B1i_rod, B1i_invmax, B1iii_sp, B2i_rod, B2i_invmax, B2iii_sp, "
"248","Gm10","EN",0.832470667785827,"EN",0.669777113500347,"CR","EN",1.3,"LC",0,0.0363562501911073,"CR","B1i_rod","A3_nat, A2b, B1i_rod, B2i_rod, "
"249","Gm11","VU",0.599446273502431,"LC",0.251144351924597,"LC","LC",0.5,"LC",0,0.0183794846883399,"VU","A3_nat","A3_nat, A2b, B1i_rod, B1i_invmax, B1iii_sp, B2i_rod, B2i_invmax, B2iii_sp, "
"250","Gm12","EN",0.709731171595421,"VU",0.349805338330905,"VU","LC",0.7,"LC",0,0.0216291017422286,"EN","A3_nat","A3_nat, A2b, B1i_rod, B2i_rod, B2i_invmax, B2iii_sp, "
"251","Gm13","LC",0.458560874671382,"LC",0.12835798090896,"LC","LC",0.3,"LC",0,0.00380179353452419,"LC","","A3_nat, A2b, B1i_rod, B1i_invmax, B1iii_sp, B2i_rod, B2i_invmax, B2iii_sp, "
"252","Gm14","LC",0.213389362763005,"LC",0.0966113969607545,"LC","LC",0.2,"LC",0,0.0189145335615009,"LC","","A3_nat, A2b, B1i_rod, B1i_invmax, B1iii_sp, B2i_rod, B2i_invmax, B2iii_sp, "
"253","Gm15","VU",0.533520569479168,"VU",0.391286082946822,"EN","LC",0.8,"LC",0,0.0347755162796146,"EN","B1i_rod","A3_nat, A2b, B1i_rod, B2i_rod, B2i_invmax, B2iii_sp, "
"254","Gm16","LC",0.448027207953068,"LC",0.169131997055548,"LC","LC",0.3,"LC",0,0.0202116934386684,"LC","","A3_nat, A2b, B1i_rod, B1i_invmax, B1iii_sp, B2i_rod, B2i_invmax, B2iii_sp, "
"255","Gm17","LC",0.376486920796262,"LC",0.110941369376986,"LC","LC",0.2,"LC",0,0.0138946707454836,"LC","","A3_nat, A2b, B1i_rod, B1i_invmax, B1iii_sp, B2i_rod, B2i_invmax, B2iii_sp, "
"256","Gm19","LC",0.386565975209508,"LC",0.0804404141016361,"LC","LC",0.2,"LC",0,0.0167199174180485,"LC","","A3_nat, A2b, B1i_rod, B1i_invmax, B1iii_sp, B2i_rod, B2i_invmax, B2iii_sp, "
"257","Gm2","LC",0.245717560431967,"LC",0.00510450973722198,"LC","LC",0,"LC",0,0.00124678264517156,"LC","","A3_nat, A2b, B1i_rod, B1i_invmax, B1iii_sp, B2i_rod, B2i_invmax, B2iii_sp, "
"258","Gm20","LC",0.096369429256972,"LC",0.0845663921770459,"LC","LC",0.2,"LC",0,0,"LC","","A3_nat, A2b, B1i_rod, B1i_invmax, B1iii_sp, B2i_rod, B2i_invmax, B2iii_sp, "
"259","Gm21","LC",0.231066255116122,"LC",0.0704871942926187,"LC","LC",0.1,"LC",0,0.00650839172026325,"LC","","A3_nat, A2b, B1i_rod, B1i_invmax, B1iii_sp, B2i_rod, B2i_invmax, B2iii_sp, "
"260","Gm22","VU",0.625111161462663,"LC",0.171583010382303,"LC","LC",0.3,"LC",0,0.0409445419584988,"VU","A3_nat","A3_nat, A2b, B1i_rod, B1i_invmax, B1iii_sp, B2i_rod, B2i_invmax, B2iii_sp, "
"261","Gm23","LC",0.447002758192624,"LC",0.0689069845035402,"LC","LC",0.1,"LC",0,0.0386518955054234,"LC","","A3_nat, A2b, B1i_rod, B1i_invmax, B1iii_sp, B2i_rod, B2i_invmax, B2iii_sp, "
"262","Gm24","LC",0.066831980162381,"LC",0.0117641116168277,"LC","LC",0,"LC",0,0.0156008914795131,"LC","","A3_nat, A2b, B1i_rod, B1i_invmax, B1iii_sp, B2i_rod, B2i_invmax, B2iii_sp, "
"263","Gm25","EN",0.758994636749874,"VU",0.317246555987284,"CR","EN",0.6,"LC",0,0.0872532885228337,"CR","B1i_rod","A3_nat, A2b, B1i_rod, B2i_rod, "
"264","Gm26","LC",0.070452176609374,"LC",0.0200739810639775,"LC","LC",0,"LC",0,0.0289404891066513,"LC","","A3_nat, A2b, B1i_rod, B1i_invmax, B1iii_sp, B2i_rod, B2i_invmax, B2iii_sp, "
"265","Gm27","LC",0.025823452696794,"LC",0.00774448569756372,"LC","LC",0,"LC",0,0.00931286952792329,"LC","","A3_nat, A2b, B1i_rod, B1i_invmax, B1iii_sp, B2i_rod, B2i_invmax, B2iii_sp, "
"266","Gm28","LC",0.024709296132328,"LC",0.0071079561269223,"LC","LC",0,"LC",0,0.0453274498667482,"LC","","A3_nat, A2b, B1i_rod, B1i_invmax, B1iii_sp, B2i_rod, B2i_invmax, B2iii_sp, "
"267","Gm29","LC",0.039205537993433,"LC",0.0122720887235626,"LC","LC",0,"LC",0,0.00290903998497739,"LC","","A3_nat, A2b, B1i_rod, B1i_invmax, B1iii_sp, B2i_rod, B2i_invmax, B2iii_sp, "
"268","Gm3","VU",0.601141541732428,"LC",0.20946106184844,"VU","LC",0.4,"LC",0,0.0125097630062683,"VU","A3_nat, B1i_rod","A3_nat, A2b, B1i_rod, B2i_rod, B2i_invmax, B2iii_sp, "
"269","Gm30","LC",0.216068546037991,"LC",0.165749290465641,"LC","LC",0.3,"LC",0,0.0269811852255563,"LC","","A3_nat, A3_mpl, A2b, B1i_rod, B1i_invmax, B1iii_sp, B2i_rod, B2i_invmax, B2iii_sp, "
"270","Gm31","LC",0.392429105146865,"LC",0.121416611276936,"LC","LC",0.2,"LC",0,0.0179102718284935,"LC","","A3_nat, A3_mpl, A2b, B1i_rod, B1i_invmax, B1iii_sp, B2i_rod, B2i_invmax, B2iii_sp, "
"271","Gm4","LC",0.477523531106969,"LC",0.131888188711303,"LC","LC",0.3,"LC",0,0.00992119735592279,"LC","","A3_nat, A2b, B1i_rod, B1i_invmax, B1iii_sp, B2i_rod, B2i_invmax, B2iii_sp, "
"272","Gm5","LC",0.290287030816785,"LC",0.0369642313933872,"LC","LC",0.1,"LC",0,0.0219564347608977,"LC","","A3_nat, A2b, B1i_rod, B1i_invmax, B1iii_sp, B2i_rod, B2i_invmax, B2iii_sp, "
"273","Gm6","LC",0.44751617454603,"LC",0.146055989708347,"LC","LC",0.3,"LC",0,0.000534311352447431,"LC","","A3_nat, A2b, B1i_rod, B1i_invmax, B1iii_sp, B2i_rod, B2i_invmax, B2iii_sp, "
"274","Gm7","LC",0.080829594920195,"LC",0.0338066410677852,"LC","LC",0.1,"LC",0,0.000144824689713102,"LC","","A3_nat, A2b, B1i_rod, B1i_invmax, B1iii_sp, B2i_rod, B2i_invmax, B2iii_sp, "
"275","Gm8","VU",0.620204861683133,"LC",0.225211068382766,"VU","LC",0.5,"LC",0,0.00649682759883641,"VU","A3_nat, B1i_rod","A3_nat, A2b, B1i_rod, B2i_rod, B2i_invmax, B2iii_sp, "
"276","Gm9","VU",0.668112470545807,"VU",0.328913285106062,"EN","VU",0.7,"LC",0,0.00233203133604012,"EN","B1i_rod","A3_nat, A2b, B1i_rod, B2i_rod, "
"277","Gs1","LC",0.435617212656915,"LC",0.274172597124553,"EN","VU",0.5,"LC",0,0.0269746725163902,"EN","B1i_rod","A3_nat, A3_kzn, A2b, B1i_rod, B2i_rod, "
"278","Gs10","LC",0.307767233209018,"LC",0.130811353593806,"LC","LC",0.3,"LC",0,0.0788501959473297,"LC","","A3_nat, A2b, B1i_rod, B1i_invmax, B1iii_sp, B2i_rod, B2i_invmax, B2iii_sp, "
"279","Gs11","VU",0.564194388252202,"LC",0.250185403661189,"EN","VU",0.5,"LC",0,0.0607505092455798,"EN","B1i_rod","A3_nat, A2b, B1i_rod, B2i_rod, "
"280","Gs12","LC",0.46173045272082,"LC",0.167445053420539,"LC","LC",0.3,"LC",0,0.0901073714305661,"LC","","A3_nat, A2b, B1i_rod, B1i_invmax, B1iii_sp, B2i_rod, B2i_invmax, B2iii_sp, "
"281","Gs13","VU",0.699232392080493,"VU",0.322619317768253,"CR","EN",0.6,"LC",0,0.0140018237442873,"CR","B1i_rod","A3_nat, A2b, B1i_rod, B2i_rod, "
"282","Gs14","VU",0.595609344919563,"LC",0.215646290775942,"EN","LC",0.4,"LC",0,0.0282393199400635,"EN","B1i_rod","A3_nat, A2b, B1i_rod, B2i_rod, B2i_invmax, B2iii_sp, "
"283","Gs15","LC",0.395819464498629,"LC",0.0987615499422767,"LC","LC",0.2,"LC",0,0.0211980860913686,"LC","","A3_nat, A2b, B1i_rod, B1i_invmax, B1iii_sp, B2i_rod, B2i_invmax, B2iii_sp, "
"284","Gs16","LC",0.173606015082962,"LC",0.060801210235533,"LC","LC",0.1,"LC",0,0.00109159726463147,"LC","","A3_nat, A2b, B1i_rod, B1i_invmax, B1iii_sp, B2i_rod, B2i_invmax, B2iii_sp, "
"285","Gs17","LC",0.016828298682501,"LC",0.00560062868710663,"LC","LC",0,"LC",0,0.00636587888152265,"LC","","A3_nat, A2b, B1i_rod, B1i_invmax, B1iii_sp, B2i_rod, B2i_invmax, B2iii_sp, "
"286","Gs18","LC",0.01850882747578,"LC",0.00821564670489218,"LC","LC",0,"LC",0.00123297545430403,0.000379709527895434,"LC","","A3_nat, A2b, B1i_rod, B1i_invmax, B1iii_sp, B2i_rod, B2i_invmax, B2iii_sp, D3_step"
"287","Gs19","VU",0.558682383427433,"LC",0.218051742518525,"VU","LC",0.4,"LC",0,0.0916516764560085,"VU","A3_nat, B1i_rod","A3_nat, A2b, B1i_rod, B2i_rod, B2i_invmax, B2iii_sp, "
"288","Gs2","LC",0.195839613968685,"LC",0.0689886709413925,"LC","LC",0.1,"LC",0,0.00586246084317088,"LC","","A3_nat, A2b, B1i_rod, B1i_invmax, B1iii_sp, B2i_rod, B2i_invmax, B2iii_sp, "
"289","Gs20","VU",0.640555972890462,"LC",0.228482499732998,"VU","LC",0.5,"LC",0,0.10027313133604,"VU","A3_nat, B1i_rod","A3_nat, A2b, B1i_rod, B2i_rod, B2i_invmax, B2iii_sp, "
"290","Gs3","LC",0.102387104698561,"LC",0.0416663502905143,"LC","LC",0.1,"LC",0,0.0596000540191031,"LC","","A3_nat, A2b, B1i_rod, B1i_invmax, B1iii_sp, B2i_rod, B2i_invmax, B2iii_sp, "
"291","Gs4","LC",0.401305081652276,"LC",0.183041866284672,"VU","LC",0.4,"LC",0,0.0322226386011553,"VU","B1i_rod","A3_nat, A3_kzn, A2b, B1i_rod, B2i_rod, B2i_invmax, B2iii_sp, "
"292","Gs6","LC",0.374582332373407,"LC",0.143794901615928,"LC","LC",0.3,"LC",0,0.017204681759882,"LC","","A3_nat, A3_kzn, A2b, B1i_rod, B1i_invmax, B1iii_sp, B2i_rod, B2i_invmax, B2iii_sp, "
"293","Gs7","VU",0.535019370468165,"LC",0.189570080909768,"EN","LC",0.4,"LC",0,0.00219344798259574,"EN","B1i_rod","A3_kzn, A2b, B1i_rod, B2i_rod, B2i_invmax, B2iii_sp, "
"294","Gs8","LC",0.359111976622256,"LC",0.248231308611017,"EN","LC",0.5,"LC",0,0.024942016271496,"EN","B1i_rod","A3_nat, A3_kzn, A2b, B1i_rod, B2i_rod, B2i_invmax, B2iii_sp, "
"295","Gs9","EN",0.710275226578754,"VU",0.348767445967031,"VU","LC",0.7,"LC",0,0.0668643932205323,"EN","A3_nat","A3_nat, A2b, B1i_rod, B2i_rod, B2i_invmax, B2iii_sp, "
"296","NKb1","LC",0.00720032581853203,"LC",0.00661696809099525,"LC","LC",0,"LC",0,0.00092326936375062,"LC","","A3_nat, A2b, B1i_rod, B1i_invmax, B1iii_sp, B2i_rod, B2i_invmax, B2iii_sp, "
"297","NKb2","LC",0.010034766118837,"LC",0.00718650255854776,"LC","LC",0,"LC",0,0,"LC","","A3_nat, A2b, B1i_rod, B1i_invmax, B1iii_sp, B2i_rod, B2i_invmax, B2iii_sp, "
"298","NKb3","LC",0.00804382488063904,"LC",0.00864111197335213,"LC","LC",0,"LC",0,0.00216998068298913,"LC","","A3_nat, A2b, B1i_rod, B1i_invmax, B1iii_sp, B2i_rod, B2i_invmax, B2iii_sp, "
"299","NKb4","LC",0.00257014791573296,"LC",0.00232747578172533,"LC","LC",0,"LC",0,0.000244914540553803,"LC","","A3_nat, A2b, B1i_rod, B1i_invmax, B1iii_sp, B2i_rod, B2i_invmax, B2iii_sp, "
"300","NKb5","LC",0.010520328944022,"LC",0.00887151506131481,"LC","LC",0,"LC",0,0.00026349756688463,"LC","","A3_nat, A2b, B1i_rod, B1i_invmax, B1iii_sp, B2i_rod, B2i_invmax, B2iii_sp, "
"301","NKb6","LC",0.00825919223165805,"LC",0.00524186172228175,"LC","LC",0,"LC",0,0.0014970726745464,"LC","","A3_nat, A2b, B1i_rod, B1i_invmax, B1iii_sp, B2i_rod, B2i_invmax, B2iii_sp, "
"302","NKl1","LC",0.00649357398039496,"LC",0.00511824041483179,"LC","LC",0,"LC",0,0.0000132305597796044,"LC","","A3_nat, A2b, B1i_rod, B1i_invmax, B1iii_sp, B2i_rod, B2i_invmax, B2iii_sp, "
"303","NKl2","LC",0.018875801503292,"LC",0.00950352813621993,"LC","LC",0,"LC",0,0.0000371373346966034,"LC","","A3_nat, A2b, B1i_rod, B1i_invmax, B1iii_sp, B2i_rod, B2i_invmax, B2iii_sp, "
"304","NKl4","LC",0.080087443913584,"LC",0.0422614829616853,"LC","LC",0.1,"LC",0.00267331584871316,0.000398119004796163,"LC","","A3_nat, A2b, B1i_rod, B1i_invmax, B1iii_sp, B2i_rod, B2i_invmax, B2iii_sp, D3_step"
"305","NKu1","LC",0.0107614791353789,"LC",0.00561417936590104,"LC","LC",0,"LC",0,0.000138237378406279,"LC","","A3_nat, A2b, B1i_rod, B1i_invmax, B1iii_sp, B2i_rod, B2i_invmax, B2iii_sp, "
"306","NKu2","LC",0.00237891122993605,"LC",0.00164438124741144,"LC","LC",0,"LC",0,0.000635278557278023,"LC","","A3_nat, A2b, B1i_rod, B1i_invmax, B1iii_sp, B2i_rod, B2i_invmax, B2iii_sp, "
"307","NKu3","LC",0.053685533552859,"LC",0.0210116352478703,"LC","LC",0,"LC",0,0.00368027992713052,"LC","","A3_nat, A2b, B1i_rod, B1i_invmax, B1iii_sp, B2i_rod, B2i_invmax, B2iii_sp, "
"308","NKu4","LC",0.03512007753418,"LC",0.0108329070833533,"LC","LC",0,"LC",0,0.000411095150142858,"LC","","A3_nat, A2b, B1i_rod, B1i_invmax, B1iii_sp, B2i_rod, B2i_invmax, B2iii_sp, "
"309","SKk1","LC",0.00413675920404999,"LC",0.00404244358575329,"LC","LC",0,"LC",0,0.0000218375978642349,"LC","","A3_nat, A2b, B1i_rod, B1i_invmax, B1iii_sp, B2i_rod, B2i_invmax, B2iii_sp, "
"310","SKk2","LC",0.0137754536383458,"LC",0.00312467159556659,"LC","LC",0,"LC",0,0,"LC","","A3_nat, A3_wc, A2b, B1i_rod, B1i_invmax, B1iii_sp, B2i_rod, B2i_invmax, B2iii_sp, "
"311","SKk3","LC",0.0259822730998879,"LC",0.00747372558755368,"LC","LC",0,"LC",0,0.0000572823409629716,"LC","","A3_nat, A3_wc, A2b, B1i_rod, B1i_invmax, B1iii_sp, B2i_rod, B2i_invmax, B2iii_sp, "
"312","SKk4","LC",0.00424544607888999,"LC",0.00366338519712252,"LC","LC",0,"LC",0,0.00126448325478643,"LC","","A3_nat, A2b, B1i_rod, B1i_invmax, B1iii_sp, B2i_rod, B2i_invmax, B2iii_sp, "
"313","SKk5","LC",0.152972579726283,"LC",0.0532264962044168,"LC","LC",0.1,"LC",0,0.00615019619458721,"LC","","A3_nat, A3_wc, A2b, B1i_rod, B1i_invmax, B1iii_sp, B2i_rod, B2i_invmax, B2iii_sp, "
"314","SKk6","LC",0.0556313080676425,"LC",0.0318938894270737,"LC","LC",0.1,"LC",0,0.0028755786225277,"LC","","A3_nat, A3_wc, A2b, B1i_rod, B1i_invmax, B1iii_sp, B2i_rod, B2i_invmax, B2iii_sp, "
"315","SKk7","LC",0.281913549448912,"LC",0.144833370773429,"LC","LC",0.3,"LC",0,0.0174138705743184,"LC","","A3_nat, A3_wc, A2b, B1i_rod, B1i_invmax, B1iii_sp, B2i_rod, B2i_invmax, B2iii_sp, "
"316","SKk8","EN",0.757384852302954,"VU",0.43468045112782,"CR","CR",0.9,"LC",0,0,"CR","B1i_rod, B2i_rod","A3_nat, A3_wc, A2b, B1i_rod, B2i_rod, "
"317","SKk9","LC",0.017782995343416,"LC",0.0210702416429583,"LC","LC",0,"LC",0,0.000964152358892879,"LC","","A3_nat, A2b, B1i_rod, B1i_invmax, B1iii_sp, B2i_rod, B2i_invmax, B2iii_sp, "
"318","SKn1","LC",0.031674024813818,"LC",0.00649030674158968,"LC","LC",0,"LC",0,0.0000357395571302269,"LC","","A3_nat, A2b, B1i_rod, B1i_invmax, B1iii_sp, B2i_rod, B2i_invmax, B2iii_sp, "
"319","SKn2","LC",0.00950953437991098,"LC",0.00354745403227969,"LC","LC",0,"LC",0,0,"LC","","A3_nat, A2b, B1i_rod, B1i_invmax, B1iii_sp, B2i_rod, B2i_invmax, B2iii_sp, "
"320","SKn3","LC",0.06981090065753,"LC",0.0147679500907486,"LC","LC",0,"LC",0,0.0000747140113675985,"LC","","A3_nat, A2b, B1i_rod, B1i_invmax, B1iii_sp, B2i_rod, B2i_invmax, B2iii_sp, "
"321","SKn4","LC",0.091129302194479,"LC",0.0172770250410536,"LC","LC",0,"LC",0,0.00000454022970942966,"LC","","A3_nat, A2b, B1i_rod, B1i_invmax, B1iii_sp, B2i_rod, B2i_invmax, B2iii_sp, "
"322","SKn5","LC",0.00429360599843598,"LC",0.00530444528600646,"LC","LC",0,"LC",0,0,"LC","","A3_nat, A2b, B1i_rod, B1i_invmax, B1iii_sp, B2i_rod, B2i_invmax, B2iii_sp, "
"323","SKn6","LC",0.013327809061822,"LC",0.004469866224927,"LC","LC",0,"LC",0,0.000388244369179527,"LC","","A3_nat, A2b, B1i_rod, B1i_invmax, B1iii_sp, B2i_rod, B2i_invmax, B2iii_sp, "
"324","SKn7","LC",0.0786622010252682,"LC",0.0204429753830461,"LC","LC",0,"LC",0,0,"LC","","A3_nat, A3_wc, A2b, B1i_rod, B1i_invmax, B1iii_sp, B2i_rod, B2i_invmax, B2iii_sp, "
"325","SKr1","LC",0.000549482956198055,"LC",0.00058584396024768,"LC","LC",0,"LC",0,0,"LC","","A3_nat, A2b, B1i_rod, B1i_invmax, B1iii_sp, B2i_rod, B2i_invmax, B2iii_sp, "
"326","SKr10","LC",0.00334876020619301,"LC",0.00478308325387665,"LC","LC",0,"LC",0,0,"LC","","A3_nat, A2b, B1i_rod, B1i_invmax, B1iii_sp, B2i_rod, B2i_invmax, B2iii_sp, "
"327","SKr11","LC",0.00893288117133095,"LC",0.0105145113824191,"LC","LC",0,"LC",0,0,"LC","","A3_nat, A2b, B1i_rod, B1i_invmax, B1iii_sp, B2i_rod, B2i_invmax, B2iii_sp, "
"328","SKr12","LC",0.000407745598111964,"LC",0.000447251303768288,"LC","LC",0,"LC",0,0,"LC","","A3_nat, A2b, B1i_rod, B1i_invmax, B1iii_sp, B2i_rod, B2i_invmax, B2iii_sp, "
"329","SKr13","LC",0.00116843509401199,"LC",0.00132795465845459,"LC","LC",0,"LC",0,0,"LC","","A3_nat, A2b, B1i_rod, B1i_invmax, B1iii_sp, B2i_rod, B2i_invmax, B2iii_sp, "
"330","SKr14","LC",0.000950861574688044,"LC",0.000863737816678812,"LC","LC",0,"LC",0,0,"LC","","A3_nat, A2b, B1i_rod, B1i_invmax, B1iii_sp, B2i_rod, B2i_invmax, B2iii_sp, "
"331","SKr15","LC",0.171541637990365,"LC",0.0166329808672563,"LC","LC",0,"LC",0,0,"LC","","A3_nat, A2b, B1i_rod, B1i_invmax, B1iii_sp, B2i_rod, B2i_invmax, B2iii_sp, "
"332","SKr16","LC",0.00117732730068598,"LC",0.000995409730871306,"LC","LC",0,"LC",0,0,"LC","","A3_nat, A2b, B1i_rod, B1i_invmax, B1iii_sp, B2i_rod, B2i_invmax, B2iii_sp, "
"333","SKr17","LC",0.00414043420099897,"LC",0.00486846085805458,"LC","LC",0,"LC",0,0,"LC","","A3_nat, A2b, B1i_rod, B1i_invmax, B1iii_sp, B2i_rod, B2i_invmax, B2iii_sp, "
"334","SKr18","LC",0.00662622551177505,"LC",0.00670684697449583,"LC","LC",0,"LC",0,0,"LC","","A3_nat, A2b, B1i_rod, B1i_invmax, B1iii_sp, B2i_rod, B2i_invmax, B2iii_sp, "
"335","SKr19","LC",0.011422635357476,"LC",0.0134701762143041,"LC","LC",0,"LC",0,0,"LC","","A3_nat, A2b, B1i_rod, B1i_invmax, B1iii_sp, B2i_rod, B2i_invmax, B2iii_sp, "
"336","SKr2","LC",0.00407259038402297,"LC",0.00340288961391155,"LC","LC",0,"LC",0,0,"LC","","A3_nat, A2b, B1i_rod, B1i_invmax, B1iii_sp, B2i_rod, B2i_invmax, B2iii_sp, "
"337","SKr3","LC",0.000215488972586053,"LC",0.000336701519665904,"LC","LC",0,"LC",0,0,"LC","","A3_nat, A2b, B1i_rod, B1i_invmax, B1iii_sp, B2i_rod, B2i_invmax, B2iii_sp, "
"338","SKr4","LC",0.010838712269715,"LC",0.00268153517956926,"LC","LC",0,"LC",0,0,"LC","","A3_nat, A2b, B1i_rod, B1i_invmax, B1iii_sp, B2i_rod, B2i_invmax, B2iii_sp, "
"339","SKr5","LC",0,"LC",0,"LC","LC",0,"LC",0,0,"LC","","A3_nat, A2b, B1i_rod, B1i_invmax, B1iii_sp, B2i_rod, B2i_invmax, B2iii_sp, "
"340","SKr6","LC",0.000752966322973947,"LC",0.00107221368668425,"LC","LC",0,"LC",0,0,"LC","","A3_nat, A2b, B1i_rod, B1i_invmax, B1iii_sp, B2i_rod, B2i_invmax, B2iii_sp, "
"341","SKr7","LC",0.00181935114699805,"LC",0.00277026812221539,"LC","LC",0,"LC",0,0,"LC","","A3_nat, A2b, B1i_rod, B1i_invmax, B1iii_sp, B2i_rod, B2i_invmax, B2iii_sp, "
"342","SKr8","LC",0.000933588619713044,"LC",0.00145873221830158,"LC","LC",0,"LC",0,0,"LC","","A3_nat, A2b, B1i_rod, B1i_invmax, B1iii_sp, B2i_rod, B2i_invmax, B2iii_sp, "
"343","SKr9","LC",0,"LC",0,"LC","LC",0,"LC",0,0,"LC","","A3_nat, A2b, B1i_rod, B1i_invmax, B1iii_sp, B2i_rod, B2i_invmax, B2iii_sp, "
"344","SKs1","LC",0.387805863219881,"LC",0.183215897479564,"CR","EN",0.4,"LC",0,0,"CR","B1i_rod","A3_nat, A2b, B1i_rod, B2i_rod, "
"345","SKs10","LC",0.017814420415631,"LC",0.00463644331875952,"LC","LC",0,"LC",0,0,"LC","","A3_nat, A2b, B1i_rod, B1i_invmax, B1iii_sp, B2i_rod, B2i_invmax, B2iii_sp, "
"346","SKs11","LC",0.00102446449080595,"LC",0.00146147321378788,"LC","LC",0,"LC",0,0,"LC","","A3_nat, A2b, B1i_rod, B1i_invmax, B1iii_sp, B2i_rod, B2i_invmax, B2iii_sp, "
"347","SKs12","LC",0.0521906487037247,"LC",0.0161844606745353,"LC","LC",0,"LC",0,0.0000349448909624956,"LC","","A3_nat, A3_wc, A2b, B1i_rod, B1i_invmax, B1iii_sp, B2i_rod, B2i_invmax, B2iii_sp, "
"348","SKs13","LC",0.435898149879271,"LC",0.272135452460148,"CR","EN",0.5,"LC",0,0.0127081815391102,"CR","B1i_rod","A3_nat, A3_wc, A2b, B1i_rod, B2i_rod, "
"349","SKs14","LC",0.23235261022884,"LC",0.0480958364260347,"LC","LC",0.1,"LC",0,0.000308067645692394,"LC","","A3_nat, A2b, B1i_rod, B1i_invmax, B1iii_sp, B2i_rod, B2i_invmax, B2iii_sp, "
"350","SKs2","LC",0.02088713233566,"LC",0.0119717042413392,"LC","LC",0,"LC",0,0,"LC","","A3_nat, A2b, B1i_rod, B1i_invmax, B1iii_sp, B2i_rod, B2i_invmax, B2iii_sp, "
"351","SKs3","LC",0.086541943270972,"LC",0.0326488192653869,"LC","LC",0.1,"LC",0,0,"LC","","A3_nat, A2b, B1i_rod, B1i_invmax, B1iii_sp, B2i_rod, B2i_invmax, B2iii_sp, "
"352","SKs4","LC",0.016931971031792,"LC",0.00815480461369826,"LC","LC",0,"LC",0,0,"LC","","A3_nat, A2b, B1i_rod, B1i_invmax, B1iii_sp, B2i_rod, B2i_invmax, B2iii_sp, "
"353","SKs5","LC",0.000739786076759952,"LC",0.000954002251445249,"LC","LC",0,"LC",0,0,"LC","","A3_nat, A2b, B1i_rod, B1i_invmax, B1iii_sp, B2i_rod, B2i_invmax, B2iii_sp, "
"354","SKs6","LC",0.00413943001735595,"LC",0.00494696448170831,"LC","LC",0,"LC",0,0,"LC","","A3_nat, A2b, B1i_rod, B1i_invmax, B1iii_sp, B2i_rod, B2i_invmax, B2iii_sp, "
"355","SKs7","LC",0.194106009239439,"LC",0.0439558017679048,"LC","LC",0.1,"LC",0,0.000169133112483913,"LC","","A3_nat, A2b, B1i_rod, B1i_invmax, B1iii_sp, B2i_rod, B2i_invmax, B2iii_sp, "
"356","SKs8","LC",0.162140715679344,"LC",0.062728716316804,"LC","LC",0.1,"LC",0,0,"LC","","A3_nat, A2b, B1i_rod, B1i_invmax, B1iii_sp, B2i_rod, B2i_invmax, B2iii_sp, "
"357","SKs9","LC",0.035589132850893,"LC",0.035810483977842,"LC","LC",0.1,"LC",0,0.000181747652878259,"LC","","A3_nat, A2b, B1i_rod, B1i_invmax, B1iii_sp, B2i_rod, B2i_invmax, B2iii_sp, "
"358","SKt1","LC",0.00442919574922995,"LC",0.00673107536053018,"LC","LC",0,"LC",0,0,"LC","","A3_nat, A2b, B1i_rod, B1i_invmax, B1iii_sp, B2i_rod, B2i_invmax, B2iii_sp, "
"359","SKt2","LC",0.041854456581637,"LC",0.00974513190306922,"LC","LC",0,"LC",0,0.000578304875898279,"LC","","A3_nat, A2b, B1i_rod, B1i_invmax, B1iii_sp, B2i_rod, B2i_invmax, B2iii_sp, "
"360","SKt3","LC",0.0252480218350291,"LC",0.00905242293026534,"LC","LC",0,"LC",0,0.000962410907487007,"LC","","A3_nat, A2b, B1i_rod, B1i_invmax, B1iii_sp, B2i_rod, B2i_invmax, B2iii_sp, "
"361","SKv1","LC",0.171538262381181,"LC",0.0746074572702987,"LC","LC",0.1,"LC",0,0.00305726296390215,"LC","","A3_nat, A2b, B1i_rod, B1i_invmax, B1iii_sp, B2i_rod, B2i_invmax, B2iii_sp, "
"362","SKv10","LC",0.0593424565365469,"LC",0.0309285038477734,"LC","LC",0.1,"LC",0.191369071686491,0.00028462125926345,"LC","","A3_nat, A3_wc, A2b, B1i_rod, B1i_invmax, B1iii_sp, B2i_rod, B2i_invmax, B2iii_sp, D3_lk"
"363","SKv11","LC",0.124140330586429,"LC",0.0496747596886156,"LC","LC",0.1,"LC",0.447834646683015,0.000910043048103736,"LC","","A3_nat, A3_wc, A2b, B1i_rod, B1i_invmax, B1iii_sp, B2i_rod, B2i_invmax, B2iii_sp, D3_lk"
"364","SKv13","LC",0.016159916044578,"LC",0.00787193528818024,"LC","LC",0,"LC",0.000182687001749381,0.000544318782100647,"LC","","A3_nat, A2b, B1i_rod, B1i_invmax, B1iii_sp, B2i_rod, B2i_invmax, B2iii_sp, D3_step"
"365","SKv14","LC",0.030329799764429,"LC",0.0140096796668505,"LC","LC",0,"LC",0.00343511103985092,0.0000889183781287829,"LC","","A3_nat, A2b, B1i_rod, B1i_invmax, B1iii_sp, B2i_rod, B2i_invmax, B2iii_sp, D3_step"
"366","SKv2","LC",0.00399795204173703,"LC",0.00502952683356571,"LC","LC",0,"LC",0,0.00000287175805438392,"LC","","A3_nat, A2b, B1i_rod, B1i_invmax, B1iii_sp, B2i_rod, B2i_invmax, B2iii_sp, "
"367","SKv3","LC",0.0275498173324989,"LC",0.00748961579545296,"LC","LC",0,"LC",0,0.000548843044178543,"LC","","A3_nat, A2b, B1i_rod, B1i_invmax, B1iii_sp, B2i_rod, B2i_invmax, B2iii_sp, "
"368","SKv4","LC",0.00363176180497005,"LC",0.00161651764094637,"LC","LC",0,"LC",0,0,"LC","","A3_nat, A2b, B1i_rod, B1i_invmax, B1iii_sp, B2i_rod, B2i_invmax, B2iii_sp, "
"369","SKv5","LC",0.00922758624321296,"LC",0.00483060959903021,"LC","LC",0,"LC",0,0.000605041620658835,"LC","","A3_nat, A2b, B1i_rod, B1i_invmax, B1iii_sp, B2i_rod, B2i_invmax, B2iii_sp, "
"370","SKv6","LC",0.008404728130462,"LC",0.00511330613059448,"LC","LC",0,"LC",0,0.0000782910275145474,"LC","","A3_nat, A2b, B1i_rod, B1i_invmax, B1iii_sp, B2i_rod, B2i_invmax, B2iii_sp, "
"371","SKv7","LC",0.213211490616307,"LC",0.100977610668709,"LC","LC",0.2,"LC",0,0.00392703706987579,"LC","","A3_nat, A3_wc, A2b, B1i_rod, B1i_invmax, B1iii_sp, B2i_rod, B2i_invmax, B2iii_sp, "
"372","SKv8","LC",0.0403912856821604,"LC",0.0167325952074319,"LC","LC",0,"LC",0,0.000735644055302202,"LC","","A3_nat, A3_wc, A2b, B1i_rod, B1i_invmax, B1iii_sp, B2i_rod, B2i_invmax, B2iii_sp, "
"373","SVcb1","LC",0.231226665018232,"LC",0.0905910641051626,"LC","LC",0.2,"LC",0,0,"LC","","A3_nat, A2b, B1i_rod, B1i_invmax, B1iii_sp, B2i_rod, B2i_invmax, B2iii_sp, "
"374","SVcb10","LC",0.362296595191842,"LC",0.198101861540209,"EN","LC",0.4,"LC",0,0.0242662748710615,"EN","B1i_rod","A3_nat, A2b, B1i_rod, B2i_rod, B2i_invmax, B2iii_sp, "
"375","SVcb11","LC",0.241048461722666,"LC",0.0923212603649526,"LC","LC",0.2,"LC",0,0.00633419723818863,"LC","","A3_nat, A2b, B1i_rod, B1i_invmax, B1iii_sp, B2i_rod, B2i_invmax, B2iii_sp, "
"376","SVcb12","LC",0.375124982081319,"LC",0.156026826347274,"LC","LC",0.3,"LC",0,0.00244748982332943,"LC","","A3_nat, A2b, B1i_rod, B1i_invmax, B1iii_sp, B2i_rod, B2i_invmax, B2iii_sp, "
"377","SVcb13","LC",0.070593332206683,"LC",0.0278972251878797,"LC","LC",0.1,"LC",0,0.0036622941170222,"LC","","A3_nat, A2b, B1i_rod, B1i_invmax, B1iii_sp, B2i_rod, B2i_invmax, B2iii_sp, "
"378","SVcb14","LC",0.419355382080612,"LC",0.0698575833576545,"LC","LC",0.1,"LC",0,0.000256557166013337,"LC","","A3_nat, A2b, B1i_rod, B1i_invmax, B1iii_sp, B2i_rod, B2i_invmax, B2iii_sp, "
"379","SVcb15","VU",0.603188801579592,"LC",0.221243125149212,"EN","LC",0.4,"LC",0,0.000172668979282663,"EN","B1i_rod","A3_nat, A2b, B1i_rod, B2i_rod, B2i_invmax, B2iii_sp, "
"380","SVcb16","LC",0.181654809250375,"LC",0.0514366163754081,"LC","LC",0.1,"LC",0,0.0000957816482847677,"LC","","A3_nat, A2b, B1i_rod, B1i_invmax, B1iii_sp, B2i_rod, B2i_invmax, B2iii_sp, "
"381","SVcb17","LC",0.07713373403895,"LC",0.0231915478222611,"LC","LC",0,"LC",0,0.00156807730972217,"LC","","A3_nat, A2b, B1i_rod, B1i_invmax, B1iii_sp, B2i_rod, B2i_invmax, B2iii_sp, "
"382","SVcb18","LC",0.214664458250466,"LC",0.0831288238813592,"LC","LC",0.2,"LC",0,0,"LC","","A3_nat, A2b, B1i_rod, B1i_invmax, B1iii_sp, B2i_rod, B2i_invmax, B2iii_sp, "
"383","SVcb19","LC",0.112114910199185,"LC",0.0706997271409466,"LC","LC",0.1,"LC",0,0,"LC","","A3_nat, A2b, B1i_rod, B1i_invmax, B1iii_sp, B2i_rod, B2i_invmax, B2iii_sp, "
"384","SVcb2","LC",0.028565433044958,"LC",0.0133218306380564,"LC","LC",0,"LC",0,0.0000505643689994315,"LC","","A3_nat, A2b, B1i_rod, B1i_invmax, B1iii_sp, B2i_rod, B2i_invmax, B2iii_sp, "
"385","SVcb20","LC",0.384851477361596,"LC",0.180424279360244,"EN","LC",0.4,"LC",0,0.0031992546005604,"EN","B1i_rod","A3_nat, A2b, B1i_rod, B2i_rod, B2i_invmax, B2iii_sp, "
"386","SVcb21","LC",0.265705519768456,"LC",0.103558946610053,"LC","LC",0.2,"LC",0,0.0546655538270498,"LC","","A3_nat, A2b, B1i_rod, B1i_invmax, B1iii_sp, B2i_rod, B2i_invmax, B2iii_sp, "
"387","SVcb22","LC",0.116943521594684,"LC",0.127418797512094,"LC","LC",0.3,"LC",0,0.112866817155756,"LC","","A3_nat, A2b, B1i_rod, B1i_invmax, B1iii_sp, B2i_rod, B2i_invmax, B2iii_sp, "
"388","SVcb23","LC",0.433314128153052,"LC",0.201161472731181,"EN","LC",0.4,"LC",0,0.0046194187713032,"EN","B1i_rod","A3_nat, A2b, B1i_rod, B2i_rod, B2i_invmax, B2iii_sp, "
"389","SVcb24","LC",0.105251383245115,"LC",0.0268063263918534,"LC","LC",0.1,"LC",0,0.0111563810504413,"LC","","A3_nat, A2b, B1i_rod, B1i_invmax, B1iii_sp, B2i_rod, B2i_invmax, B2iii_sp, "
"390","SVcb25","LC",0.075558158424995,"LC",0.0356086837512446,"LC","LC",0.1,"LC",0,0.00178694264841309,"LC","","A3_nat, A2b, B1i_rod, B1i_invmax, B1iii_sp, B2i_rod, B2i_invmax, B2iii_sp, "
"391","SVcb26","LC",0.126074740972176,"LC",0.0560025857764423,"LC","LC",0.1,"LC",0,0.00697513744194918,"LC","","A3_nat, A2b, B1i_rod, B1i_invmax, B1iii_sp, B2i_rod, B2i_invmax, B2iii_sp, "
"392","SVcb27","VU",0.520339427802226,"VU",0.391383934123728,"EN","VU",0.8,"LC",0,0.00018609970713261,"EN","B1i_rod","A3_nat, A2b, B1i_rod, B2i_rod, "
"393","SVcb28","LC",0.218590823855227,"LC",0.128209704316918,"LC","LC",0.3,"LC",0,0.000104317645462337,"LC","","A3_nat, A2b, B1i_rod, B1i_invmax, B1iii_sp, B2i_rod, B2i_invmax, B2iii_sp, "
"394","SVcb29","LC",0.037395331199598,"LC",0.0111714019549805,"LC","LC",0,"LC",0,0,"LC","","A3_nat, A2b, B1i_rod, B1i_invmax, B1iii_sp, B2i_rod, B2i_invmax, B2iii_sp, "
"395","SVcb3","LC",0.331804933244039,"LC",0.0973206666059503,"LC","LC",0.2,"LC",0,0.00403108861875074,"LC","","A3_nat, A2b, B1i_rod, B1i_invmax, B1iii_sp, B2i_rod, B2i_invmax, B2iii_sp, "
"396","SVcb4","LC",0.111115782515466,"LC",0.035197914860422,"LC","LC",0.1,"LC",0,0.0032877176796696,"LC","","A3_nat, A2b, B1i_rod, B1i_invmax, B1iii_sp, B2i_rod, B2i_invmax, B2iii_sp, "
"397","SVcb5","LC",0.019863602536178,"LC",0.00471390444565858,"LC","LC",0,"LC",0,0,"LC","","A3_nat, A2b, B1i_rod, B1i_invmax, B1iii_sp, B2i_rod, B2i_invmax, B2iii_sp, "
"398","SVcb6","VU",0.689737770546384,"VU",0.429294782745682,"EN","VU",0.9,"LC",0,0.00960761071263545,"EN","B1i_rod","A3_nat, A2b, B1i_rod, B2i_rod, "
"399","SVcb7","LC",0.265357345514731,"LC",0.203181428824844,"EN","VU",0.4,"LC",0,0.0000720319777653907,"EN","B1i_rod","A3_nat, A2b, B1i_rod, B2i_rod, "
"400","SVcb8","VU",0.539999485107835,"LC",0.28046937629881,"EN","LC",0.6,"LC",0,0.00839354867779198,"EN","B1i_rod","A3_nat, A2b, B1i_rod, B2i_rod, B2i_invmax, B2iii_sp, "
"401","SVcb9","LC",0.164514068572789,"LC",0.0657798615723684,"LC","LC",0.1,"LC",0,0.01231154740154,"LC","","A3_nat, A2b, B1i_rod, B1i_invmax, B1iii_sp, B2i_rod, B2i_invmax, B2iii_sp, "
"402","SVk1","LC",0.222017343882705,"LC",0.0359746007371119,"LC","LC",0.1,"LC",0,0.0000105316036929535,"LC","","A3_nat, A2b, B1i_rod, B1i_invmax, B1iii_sp, B2i_rod, B2i_invmax, B2iii_sp, "
"403","SVk10","LC",0.051257484275153,"LC",0.0185218809035723,"LC","LC",0,"LC",0,0.00019820623716398,"LC","","A3_nat, A2b, B1i_rod, B1i_invmax, B1iii_sp, B2i_rod, B2i_invmax, B2iii_sp, "
"404","SVk11","LC",0.018832011002359,"LC",0.00437944485886532,"LC","LC",0,"LC",0,0.0000212849023222621,"LC","","A3_nat, A2b, B1i_rod, B1i_invmax, B1iii_sp, B2i_rod, B2i_invmax, B2iii_sp, "
"405","SVk12","LC",0.026821173267526,"LC",0.0197568111819263,"LC","LC",0,"LC",0,0,"LC","","A3_nat, A2b, B1i_rod, B1i_invmax, B1iii_sp, B2i_rod, B2i_invmax, B2iii_sp, "
"406","SVk13","LC",0.012731097150839,"LC",0.00914120858633598,"LC","LC",0,"LC",0,0.00134699206179401,"LC","","A3_nat, A2b, B1i_rod, B1i_invmax, B1iii_sp, B2i_rod, B2i_invmax, B2iii_sp, "
"407","SVk14","LC",0.052088194019956,"LC",0.0315164622292466,"LC","LC",0.1,"LC",0,0.000213891018212071,"LC","","A3_nat, A2b, B1i_rod, B1i_invmax, B1iii_sp, B2i_rod, B2i_invmax, B2iii_sp, "
"408","SVk15","LC",0.002239572844976,"LC",0.00134683462971305,"LC","LC",0,"LC",0,0.000342564265427202,"LC","","A3_nat, A2b, B1i_rod, B1i_invmax, B1iii_sp, B2i_rod, B2i_invmax, B2iii_sp, "
"409","SVk16","LC",0.00161993428933505,"LC",0.00141358933815111,"LC","LC",0,"LC",0,0.000596880868660253,"LC","","A3_nat, A2b, B1i_rod, B1i_invmax, B1iii_sp, B2i_rod, B2i_invmax, B2iii_sp, "
"410","SVk17","LC",0.478803064165162,"LC",0.115137690043994,"LC","LC",0.2,"LC",0,0.000680354795269823,"LC","","A3_nat, A2b, B1i_rod, B1i_invmax, B1iii_sp, B2i_rod, B2i_invmax, B2iii_sp, "
"411","SVk18","LC",0.046572861482292,"LC",0.0238620259186121,"LC","LC",0,"LC",0,0,"LC","","A3_nat, A2b, B1i_rod, B1i_invmax, B1iii_sp, B2i_rod, B2i_invmax, B2iii_sp, "
"412","SVk2","LC",0.232763130894256,"LC",0.0568863664130106,"LC","LC",0.1,"LC",0,0.000567015956758558,"LC","","A3_nat, A2b, B1i_rod, B1i_invmax, B1iii_sp, B2i_rod, B2i_invmax, B2iii_sp, "
"413","SVk3","VU",0.578425970443015,"LC",0.139571012182295,"LC","LC",0.3,"LC",0,0,"VU","A3_nat","A3_nat, A2b, B1i_rod, B1i_invmax, B1iii_sp, B2i_rod, B2i_invmax, B2iii_sp, "
"414","SVk4","LC",0.251920639466959,"LC",0.0771733465564671,"LC","LC",0.2,"LC",0,0.000416367357467161,"LC","","A3_nat, A2b, B1i_rod, B1i_invmax, B1iii_sp, B2i_rod, B2i_invmax, B2iii_sp, "
"415","SVk5","LC",0.027122878671521,"LC",0.0152903421378337,"LC","LC",0,"LC",0,0.000152572553748688,"LC","","A3_nat, A2b, B1i_rod, B1i_invmax, B1iii_sp, B2i_rod, B2i_invmax, B2iii_sp, "
"416","SVk6","LC",0.205778044016869,"LC",0.0634436017621841,"LC","LC",0.1,"LC",0,0.000167188768250967,"LC","","A3_nat, A2b, B1i_rod, B1i_invmax, B1iii_sp, B2i_rod, B2i_invmax, B2iii_sp, "
"417","SVk7","LC",0.018558231243731,"LC",0.010390674749845,"LC","LC",0,"LC",0,0.00013205583976151,"LC","","A3_nat, A2b, B1i_rod, B1i_invmax, B1iii_sp, B2i_rod, B2i_invmax, B2iii_sp, "
"418","SVk8","LC",0.037969167904462,"LC",0.0134006400534347,"LC","LC",0,"LC",0,0.00000383212996211383,"LC","","A3_nat, A2b, B1i_rod, B1i_invmax, B1iii_sp, B2i_rod, B2i_invmax, B2iii_sp, "
"419","SVk9","LC",0.0476417086055581,"LC",0.0333281014911595,"LC","LC",0.1,"LC",0,0.0000759413235911395,"LC","","A3_nat, A2b, B1i_rod, B1i_invmax, B1iii_sp, B2i_rod, B2i_invmax, B2iii_sp, "
"420","SVkd1","LC",0.00159201480813898,"LC",0.00149100373604118,"LC","LC",0,"LC",0,0.000403526905795011,"LC","","A3_nat, A2b, B1i_rod, B1i_invmax, B1iii_sp, B2i_rod, B2i_invmax, B2iii_sp, "
"421","SVkd2","LC",0.00127329748192895,"LC",0.00180271972006219,"LC","LC",0,"LC",0,0,"LC","","A3_nat, A2b, B1i_rod, B1i_invmax, B1iii_sp, B2i_rod, B2i_invmax, B2iii_sp, "
"422","SVkd3","LC",0.00000207030450505297,"LC",0,"LC","LC",0,"LC",0,0,"LC","","A3_nat, A2b, B1i_rod, B1i_invmax, B1iii_sp, B2i_rod, B2i_invmax, B2iii_sp, "
"423","SVkd4","LC",0.000247100503801945,"LC",0.000169708365274555,"LC","LC",0,"LC",0,0,"LC","","A3_nat, A2b, B1i_rod, B1i_invmax, B1iii_sp, B2i_rod, B2i_invmax, B2iii_sp, "
"424","SVl1","LC",0.244623069083195,"LC",0.114001142906116,"LC","LC",0.2,"LC",0,0.0155171448696592,"LC","","A3_nat, A2b, B1i_rod, B1i_invmax, B1iii_sp, B2i_rod, B2i_invmax, B2iii_sp, "
"425","SVl10","LC",0.254292702691809,"LC",0.132539857629434,"LC","LC",0.3,"LC",0,0.0101131931201158,"LC","","A3_nat, A3_mpl, A2b, B1i_rod, B1i_invmax, B1iii_sp, B2i_rod, B2i_invmax, B2iii_sp, "
"426","SVl11","LC",0.0438019265388143,"LC",0.0386393552285183,"LC","LC",0.1,"LC",0,0.000685230926845229,"LC","","A3_nat, A3_mpl, A2b, B1i_rod, B1i_invmax, B1iii_sp, B2i_rod, B2i_invmax, B2iii_sp, "
"427","SVl12","LC",0.163996556753784,"LC",0.0651572775326728,"LC","LC",0.1,"LC",0,0.0344171976320464,"LC","","A3_nat, A3_mpl, A2b, B1i_rod, B1i_invmax, B1iii_sp, B2i_rod, B2i_invmax, B2iii_sp, "
"428","SVl13","LC",0.263031773051718,"LC",0.0762125082702344,"LC","LC",0.2,"LC",0,0.0285780528061915,"LC","","A3_nat, A3_mpl, A2b, B1i_rod, B1i_invmax, B1iii_sp, B2i_rod, B2i_invmax, B2iii_sp, "
"429","SVl14","LC",0.233098291500837,"LC",0.0365685950156507,"LC","LC",0.1,"LC",0,0.00280019313451019,"LC","","A3_nat, A2b, B1i_rod, B1i_invmax, B1iii_sp, B2i_rod, B2i_invmax, B2iii_sp, "
"430","SVl15","LC",0,"LC",0.0000458927866579387,"LC","LC",0,"LC",0,0,"LC","","A3_nat, A2b, B1i_rod, B1i_invmax, B1iii_sp, B2i_rod, B2i_invmax, B2iii_sp, "
"431","SVl16","LC",0.128406305400965,"LC",0.0455986720634621,"LC","LC",0.1,"LC",0,0.00541567994679706,"LC","","A3_nat, A2b, B1i_rod, B1i_invmax, B1iii_sp, B2i_rod, B2i_invmax, B2iii_sp, "
"432","SVl17","VU",0.682923275467299,"VU",0.390396913054795,"EN","EN",0.8,"LC",0,0,"EN","B1i_rod, B2i_rod","A3_nat, A2b, B1i_rod, B2i_rod, "
"433","SVl18","LC",0.197946852084132,"LC",0.113235272987581,"LC","LC",0.2,"LC",0,0.000221037089376208,"LC","","A3_nat, A3_kzn, A2b, B1i_rod, B1i_invmax, B1iii_sp, B2i_rod, B2i_invmax, B2iii_sp, "
"434","SVl19","LC",0.238457997939255,"LC",0.267322058944257,"CR","EN",0.5,"LC",0,0.00213429731603447,"CR","B1i_rod","A3_nat, A3_kzn, A2b, B1i_rod, B2i_rod, "
"435","SVl2","LC",0,"LC",0,"LC","LC",0,"LC",0,0,"LC","","A3_nat, A2b, B1i_rod, B1i_invmax, B1iii_sp, B2i_rod, B2i_invmax, B2iii_sp, "
"436","SVl20","VU",0.517614534349363,"VU",0.406840450937697,"EN","VU",0.8,"LC",0,0.0127576127576128,"EN","B1i_rod","A3_nat, A3_kzn, A2b, B1i_rod, B2i_rod, "
"437","SVl21","LC",0.149321931322941,"LC",0.114798100926078,"LC","LC",0.2,"LC",0,0.00639533411673942,"LC","","A3_nat, A3_kzn, A2b, B1i_rod, B1i_invmax, B1iii_sp, B2i_rod, B2i_invmax, B2iii_sp, "
"438","SVl22","LC",0.288373330430395,"LC",0.0751830543933054,"LC","LC",0.2,"LC",0,0.0235305749171981,"LC","","A3_nat, A2b, B1i_rod, B1i_invmax, B1iii_sp, B2i_rod, B2i_invmax, B2iii_sp, "
"439","SVl23","LC",0.333980123202518,"LC",0.103781630304472,"LC","LC",0.2,"LC",0,0.0138177154905797,"LC","","A3_nat, A2b, B1i_rod, B1i_invmax, B1iii_sp, B2i_rod, B2i_invmax, B2iii_sp, "
"440","SVl24","EN",0.737584650112867,"VU",0.347852454094479,"CR","EN",0.7,"LC",0,0.00167215273206057,"CR","B1i_rod","A3_nat, A2b, B1i_rod, B2i_rod, "
"441","SVl25","LC",0.263154007065683,"LC",0.143375360274823,"LC","LC",0.3,"LC",0,0.014868920066445,"LC","","A3_nat, A3_kzn, A2b, B1i_rod, B1i_invmax, B1iii_sp, B2i_rod, B2i_invmax, B2iii_sp, "
"442","SVl26","VU",0.515028459416622,"LC",0.236246615395874,"CR","VU",0.5,"LC",0,0.00302776166664054,"CR","B1i_rod","A3_kzn, A2b, B1i_rod, B2i_rod, "
"443","SVl27","LC",0.14481121486187,"LC",0.0548370833065737,"LC","LC",0.1,"LC",0,0.0389614894255287,"LC","","A3_nat, A3_mpl, A2b, B1i_rod, B1i_invmax, B1iii_sp, B2i_rod, B2i_invmax, B2iii_sp, "
"444","SVl3","LC",0.249860316655368,"LC",0.087285973101193,"LC","LC",0.2,"LC",0,0.000877024406436171,"LC","","A3_nat, A2b, B1i_rod, B1i_invmax, B1iii_sp, B2i_rod, B2i_invmax, B2iii_sp, "
"445","SVl4","LC",0.276994306191332,"LC",0.0460531143370798,"LC","LC",0.1,"LC",0,0.000641242697861481,"LC","","A3_nat, A2b, B1i_rod, B1i_invmax, B1iii_sp, B2i_rod, B2i_invmax, B2iii_sp, "
"446","SVl5","LC",0.166241890431718,"LC",0.06207818719397,"LC","LC",0.1,"LC",0,0.000101096697512362,"LC","","A3_nat, A2b, B1i_rod, B1i_invmax, B1iii_sp, B2i_rod, B2i_invmax, B2iii_sp, "
"447","SVl6","LC",0.000999147120862076,"LC",0.00210879928132124,"LC","LC",0,"LC",0,0.000054902879972802,"LC","","A3_nat, A3_mpl, A2b, B1i_rod, B1i_invmax, B1iii_sp, B2i_rod, B2i_invmax, B2iii_sp, "
"448","SVl7","LC",0.11513366986795,"LC",0.0375060869067059,"LC","LC",0.1,"LC",0,0.0137827325923472,"LC","","A3_nat, A2b, B1i_rod, B1i_invmax, B1iii_sp, B2i_rod, B2i_invmax, B2iii_sp, "
"449","SVl8","LC",0.485712056858088,"LC",0.194808794479662,"EN","LC",0.4,"LC",0,0.022371192679567,"EN","B1i_rod","A3_nat, A2b, B1i_rod, B2i_rod, B2i_invmax, B2iii_sp, "
"450","SVl9","VU",0.518961002798026,"LC",0.259070803242821,"EN","LC",0.5,"LC",0,0.084496280791127,"EN","B1i_rod","A3_nat, A3_mpl, A2b, B1i_rod, B2i_rod, B2i_invmax, B2iii_sp, "
"451","SVmp1","LC",0.075410258446064,"LC",0.0508912479082498,"LC","LC",0.1,"LC",0,0.0000376735732425167,"LC","","A3_nat, A2b, B1i_rod, B1i_invmax, B1iii_sp, B2i_rod, B2i_invmax, B2iii_sp, "
"452","SVmp2","LC",0.022177705685418,"LC",0.0129928253300218,"LC","LC",0,"LC",0,0.0000784331268565327,"LC","","A3_nat, A2b, B1i_rod, B1i_invmax, B1iii_sp, B2i_rod, B2i_invmax, B2iii_sp, "
"453","SVmp3","LC",0.000654011850174996,"LC",0.000340779754631404,"LC","LC",0,"LC",0,0.000153136038255116,"LC","","A3_nat, A2b, B1i_rod, B1i_invmax, B1iii_sp, B2i_rod, B2i_invmax, B2iii_sp, "
"454","SVmp4","LC",0.00160145127510702,"LC",0.000236106949360427,"LC","LC",0,"LC",0,0,"LC","","A3_nat, A2b, B1i_rod, B1i_invmax, B1iii_sp, B2i_rod, B2i_invmax, B2iii_sp, "
"455","SVmp5","LC",0.111578112889537,"LC",0.0361433115940852,"LC","LC",0.1,"LC",0,0,"LC","","A3_nat, A2b, B1i_rod, B1i_invmax, B1iii_sp, B2i_rod, B2i_invmax, B2iii_sp, "
"456","SVmp6","LC",0.229111682893736,"LC",0.0804176219735697,"LC","LC",0.2,"LC",0,0,"LC","","A3_nat, A2b, B1i_rod, B1i_invmax, B1iii_sp, B2i_rod, B2i_invmax, B2iii_sp, "
"457","SVmp7","LC",0.088934097116331,"LC",0.0497407601408778,"LC","LC",0.1,"LC",0,0,"LC","","A3_nat, A2b, B1i_rod, B1i_invmax, B1iii_sp, B2i_rod, B2i_invmax, B2iii_sp, "
"458","SVmp8","LC",0.000497361792048956,"LC",0.0000946657196335443,"LC","LC",0,"LC",0,0,"LC","","A3_nat, A2b, B1i_rod, B1i_invmax, B1iii_sp, B2i_rod, B2i_invmax, B2iii_sp, "
"459","SVs1","LC",0.312830562618741,"LC",0.0834402542546151,"LC","LC",0.2,"LC",0,0.00373597311543368,"LC","","A3_nat, A3_kzn, A2b, B1i_rod, B1i_invmax, B1iii_sp, B2i_rod, B2i_invmax, B2iii_sp, "
"460","SVs2","LC",0.267040588338092,"LC",0.0842321419336015,"LC","LC",0.2,"LC",0,0.0145625248965834,"LC","","A3_nat, A3_kzn, A2b, B1i_rod, B1i_invmax, B1iii_sp, B2i_rod, B2i_invmax, B2iii_sp, "
"461","SVs3","LC",0.259012465284,"LC",0.133490807958982,"LC","LC",0.3,"LC",0,0.0646718512150299,"LC","","A3_nat, A3_kzn, A2b, B1i_rod, B1i_invmax, B1iii_sp, B2i_rod, B2i_invmax, B2iii_sp, "
"462","SVs4","VU",0.594192828920204,"LC",0.184670959212785,"EN","VU",0.4,"LC",0,0.050318927099046,"EN","B1i_rod","A3_nat, A2b, B1i_rod, B2i_rod, "
"463","SVs5","EN",0.758552646096946,"EN",0.520956487747933,"EN","LC",1,"LC",0,0.119509326754379,"EN","A3_nat, A3_kzn, A2b, B1i_rod","A3_nat, A3_kzn, A2b, B1i_rod, B2i_rod, B2i_invmax, B2iii_sp, "
"464","SVs6","LC",0.309058330107501,"LC",0.0611461212431582,"LC","LC",0.1,"LC",0,0.0606121801377167,"LC","","A3_nat, A2b, B1i_rod, B1i_invmax, B1iii_sp, B2i_rod, B2i_invmax, B2iii_sp, "
"465","SVs7","LC",0.383838515008895,"LC",0.131997810971688,"LC","LC",0.3,"LC",0,0.0716246663053732,"LC","","A3_nat, A2b, B1i_rod, B1i_invmax, B1iii_sp, B2i_rod, B2i_invmax, B2iii_sp, "
"466","SVs8","LC",0.444494219399683,"LC",0.184325524345285,"EN","LC",0.4,"LC",0.0000243487176211146,0.0443685411645157,"EN","B1i_rod","A3_nat, A2b, B1i_rod, B2i_rod, B2i_invmax, B2iii_sp, D3_step"
