"","T_MAPCODE","A3_fin","A3_prclost","A2b_fin","A2b_prclost50","B1_fin","B2_fin","RoD","D3_fin","D3_prcdeg","prc_inv","RLE","Criteria_triggered","Criteria_used","manual_change"
"1","AT15","LC",0,"LC",0,"LC","LC",0,"LC",0,0,"LC","","A3_nat, A2b, B1i_rod, B1i_inv, B1iii_sp, B2i_rod, B2i_inv, B2iii_sp, D3_step","RLE not adjusted"
"2","AT16","LC",5,"LC",2,"LC","LC",0,"LC",0,1,"LC","","A3_nat, A2b, B1i_rod, B1i_inv, B1iii_sp, B2i_rod, B2i_inv, B2iii_sp, D3_step","RLE not adjusted"
"3","AT17","LC",21,"LC",5,"LC","LC",0.1,"LC",3,6,"LC","","A3_nat, A2b, B1i_rod, B1i_inv, B1iii_sp, B2i_rod, B2i_inv, B2iii_sp, D3_step","RLE not adjusted"
"4","AT18","LC",12,"LC",3,"LC","LC",0.1,"LC",16,5,"LC","","A3_nat, A2b, B1i_rod, B1i_inv, B1iii_sp, B2i_rod, B2i_inv, B2iii_sp, D3_step","RLE not adjusted"
"5","AT19","LC",1,"LC",1,"LC","LC",0,"LC",19,2,"LC","","A3_nat, A2b, B1i_rod, B1i_inv, B1iii_sp, B2i_rod, B2i_inv, B2iii_sp, D3_step","RLE not adjusted"
"6","AT20","LC",48,"LC",16,"LC","LC",0.3,"LC",17,10,"LC","","A3_nat, A3_nmb, A2b, B1i_rod, B1i_inv, B1iii_sp, B2i_rod, B2i_inv, B2iii_sp, D3_nmb","RLE not adjusted"
"7","AT21","LC",20,"LC",5,"LC","LC",0.1,"LC",0,9,"LC","","A3_nat, A2b, B1i_rod, B1i_inv, B1iii_sp, B2i_rod, B2i_inv, B2iii_sp, D3_step","RLE not adjusted"
"8","AT22","VU",57,"LC",24,"CR","EN",0.5,"LC",5,4,"CR","B1i_rod","A3_nat, A2b, B1i_rod, B2i_rod, D3_step","RLE not adjusted"
"9","AT23","LC",14,"LC",2,"LC","LC",0,"LC",0,0,"LC","","A3_nat, A2b, B1i_rod, B1i_inv, B1iii_sp, B2i_rod, B2i_inv, B2iii_sp, D3_step","RLE not adjusted"
"10","AT24","LC",13,"LC",2,"LC","LC",0,"LC",0,0,"LC","","A3_nat, A2b, B1i_rod, B1i_inv, B1iii_sp, B2i_rod, B2i_inv, B2iii_sp, D3_step","RLE not adjusted"
"11","AT25","LC",1,"LC",1,"LC","LC",0,"LC",0,0,"LC","","A3_nat, A2b, B1i_rod, B1i_inv, B1iii_sp, B2i_rod, B2i_inv, B2iii_sp, D3_step","RLE not adjusted"
"12","AT26","LC",25,"LC",11,"CR","EN",0.2,"LC",0,32,"CR","B1i_inv","A3_nat, A2b, B1i_inv, B2i_inv, D3_step","RLE not adjusted"
"13","AT27","LC",1,"LC",0,"LC","LC",0,"LC",33,0,"LC","","A3_nat, A2b, B1i_rod, B1i_inv, B1iii_sp, B2i_rod, B2i_inv, B2iii_sp, D3_step","RLE not adjusted"
"14","AT28","LC",12,"LC",2,"LC","LC",0,"LC",19,2,"LC","","A3_nat, A2b, B1i_rod, B1i_inv, B1iii_sp, B2i_rod, B2i_inv, B2iii_sp, D3_step","RLE not adjusted"
"15","AT29","LC",2,"LC",1,"LC","LC",0,"LC",43,0,"LC","","A3_nat, A2b, B1i_rod, B1i_inv, B1iii_sp, B2i_rod, B2i_inv, B2iii_sp, D3_step","RLE not adjusted"
"16","AT30","LC",7,"LC",2,"LC","LC",0,"LC",12,0,"LC","","A3_nat, A2b, B1i_rod, B1i_inv, B1iii_sp, B2i_rod, B2i_inv, B2iii_sp, D3_step","RLE not adjusted"
"17","AT31","LC",13,"LC",2,"LC","LC",0,"LC",2,3,"LC","","A3_nat, A2b, B1i_rod, B1i_inv, B1iii_sp, B2i_rod, B2i_inv, B2iii_sp, D3_step","RLE not adjusted"
"18","AT32","LC",4,"LC",2,"LC","LC",0,"LC",38,0,"LC","","A3_nat, A2b, B1i_rod, B1i_inv, B1iii_sp, B2i_rod, B2i_inv, B2iii_sp, D3_step","RLE not adjusted"
"19","AT33","LC",2,"LC",1,"LC","LC",0,"LC",25,0,"LC","","A3_nat, A2b, B1i_rod, B1i_inv, B1iii_sp, B2i_rod, B2i_inv, B2iii_sp, D3_step","RLE not adjusted"
"20","AT34","LC",4,"LC",2,"LC","LC",0,"LC",7,1,"LC","","A3_nat, A3_wc, A2b, B1i_rod, B1i_inv, B1iii_sp, B2i_rod, B2i_inv, B2iii_sp, D3_lk","RLE not adjusted"
"21","AT35","LC",39,"LC",9,"LC","LC",0.2,"LC",0,2,"LC","","A3_nat, A2b, B1i_rod, B1i_inv, B1iii_sp, B2i_rod, B2i_inv, B2iii_sp, D3_step","RLE not adjusted"
"22","AT36","LC",37,"LC",18,"CR","EN",0.4,"LC",1,28,"CR","B1i_rod","A3_nat, A3_wc, A2b, B1i_rod, B2i_rod, D3_step","RLE not adjusted"
"23","AT37","LC",37,"LC",21,"CR","EN",0.4,"LC",1,10,"CR","B1i_rod","A3_nat, A3_wc, A2b, B1i_rod, B2i_rod, D3_step","RLE not adjusted"
"24","AT38","LC",34,"LC",10,"LC","LC",0.2,"LC",0,6,"LC","","A3_nat, A2b, B1i_rod, B1i_inv, B1iii_sp, B2i_rod, B2i_inv, B2iii_sp, D3_step","RLE not adjusted"
"25","AT39","LC",12,"LC",6,"LC","LC",0.1,"LC",0,0,"LC","","A3_nat, A2b, B1i_rod, B1i_inv, B1iii_sp, B2i_rod, B2i_inv, B2iii_sp, D3_step","RLE not adjusted"
"26","AT40","LC",18,"LC",12,"EN","VU",0.2,"LC",0,9,"EN","B1iii_sp","A3_nat, A3_wc, A2b, B1iii_sp, B2iii_sp, D3_step","RLE not adjusted"
"27","AT41","LC",32,"LC",9,"LC","LC",0.2,"LC",1,4,"LC","","A3_nat, A2b, B1i_rod, B1i_inv, B1iii_sp, B2i_rod, B2i_inv, B2iii_sp, D3_step","RLE not adjusted"
"28","AT42","LC",14,"LC",8,"LC","LC",0.2,"LC",0,0,"LC","","A3_nat, A2b, B1i_rod, B1i_inv, B1iii_sp, B2i_rod, B2i_inv, B2iii_sp, D3_step","RLE not adjusted"
"29","AT43","LC",6,"LC",3,"LC","LC",0.1,"LC",9,0,"LC","","A3_nat, A3_wc, A2b, B1i_rod, B1i_inv, B1iii_sp, B2i_rod, B2i_inv, B2iii_sp, D3_lk","RLE not adjusted"
"30","AT44","EN",79,"VU",45,"CR","EN",0.9,"LC",3,2,"CR","B1i_rod","A3_nmb, A2b, B1i_rod, B2i_rod, D3_nmb","RLE not adjusted"
"31","AT45","LC",38,"LC",7,"LC","LC",0.1,"LC",0,1,"LC","","A3_nat, A2b, B1i_rod, B1i_inv, B1iii_sp, B2i_rod, B2i_inv, B2iii_sp, D3_step","RLE not adjusted"
"32","AT46","LC",3,"LC",1,"LC","LC",0,"LC",0,0,"LC","","A3_nat, A3_wc, A2b, B1i_rod, B1i_inv, B1iii_sp, B2i_rod, B2i_inv, B2iii_sp, D3_step","RLE not adjusted"
"33","AT47","LC",3,"LC",1,"LC","LC",0,"LC",2,0,"LC","","A3_nat, A2b, B1i_rod, B1i_inv, B1iii_sp, B2i_rod, B2i_inv, B2iii_sp, D3_step","RLE not adjusted"
"34","AT48","VU",63,"LC",8,"LC","LC",0.2,"LC",4,1,"VU","A3_nmb","A3_nmb, A2b, B1i_rod, B1i_inv, B1iii_sp, B2i_rod, B2i_inv, B2iii_sp, D3_nmb","RLE not adjusted"
"35","AT49","LC",2,"LC",1,"LC","LC",0,"EN",71,0,"VU","D3_step","A3_nat, A2b, B1i_rod, B1i_inv, B1iii_sp, B2i_rod, B2i_inv, B2iii_sp, D3_step","RLE adjusted"
"36","AT50","LC",11,"LC",3,"LC","LC",0.1,"LC",5,3,"LC","","A3_nat, A2b, B1i_rod, B1i_inv, B1iii_sp, B2i_rod, B2i_inv, B2iii_sp, D3_step","RLE not adjusted"
"37","AT51","LC",14,"LC",8,"LC","LC",0.2,"LC",20,1,"LC","","A3_nat, A2b, B1i_rod, B1i_inv, B1iii_sp, B2i_rod, B2i_inv, B2iii_sp, D3_step","RLE not adjusted"
"38","AT52","LC",31,"LC",8,"LC","LC",0.2,"LC",0,0,"LC","","A3_nat, A2b, B1i_rod, B1i_inv, B1iii_sp, B2i_rod, B2i_inv, B2iii_sp, D3_step","RLE not adjusted"
"39","AT53","LC",39,"LC",24,"CR","EN",0.5,"LC",0,11,"CR","B1i_rod","A3_nat, A2b, B1i_rod, B2i_rod, D3_step","RLE not adjusted"
"40","AT54","LC",2,"LC",1,"LC","LC",0,"LC",0,10,"LC","","A3_nat, A2b, B1i_rod, B1i_inv, B1iii_sp, B2i_rod, B2i_inv, B2iii_sp, D3_step","RLE not adjusted"
"41","AT55","LC",3,"LC",2,"LC","LC",0,"LC",13,0,"LC","","A3_nat, A3_wc, A2b, B1i_rod, B1i_inv, B1iii_sp, B2i_rod, B2i_inv, B2iii_sp, D3_lk","RLE not adjusted"
"42","AT56","LC",34,"LC",10,"LC","LC",0.2,"LC",0,4,"LC","","A3_nat, A2b, B1i_rod, B1i_inv, B1iii_sp, B2i_rod, B2i_inv, B2iii_sp, D3_step","RLE not adjusted"
"43","AT57","LC",23,"LC",9,"EN","EN",0.2,"LC",2,10,"EN","B1iii_sp, B2iii_sp","A3_nat, A2b, B1iii_sp, B2iii_sp, D3_step","RLE not adjusted"
"44","AT58","LC",1,"LC",1,"LC","LC",0,"LC",0,0,"LC","","A3_nat, A2b, B1i_rod, B1i_inv, B1iii_sp, B2i_rod, B2i_inv, B2iii_sp, D3_step","RLE not adjusted"
"45","AZa1","LC",1,"LC",1,"LC","LC",0,"LC",0,12,"LC","","A3_nat, A3_wc, A2b, B1i_rod, B1i_inv, B1iii_sp, B2i_rod, B2i_inv, B2iii_sp, ","RLE not adjusted"
"46","AZa2","VU",62,"VU",41,"EN","VU",0.8,"LC",0,28,"EN","B1i_rod","A3_nat, A3_wc, A2b, B1i_rod, B2i_rod, ","RLE not adjusted"
"47","AZa3","LC",39,"LC",16,"LC","LC",0.3,"LC",0,5,"LC","","A3_nat, A2b, B1i_rod, B1i_inv, B1iii_sp, B2i_rod, B2i_inv, B2iii_sp, ","RLE not adjusted"
"48","AZa4","LC",30,"LC",13,"LC","LC",0.3,"LC",0,8,"LC","","A3_nat, A2b, B1i_rod, B1i_inv, B1iii_sp, B2i_rod, B2i_inv, B2iii_sp, ","RLE not adjusted"
"49","AZa5","LC",35,"LC",12,"LC","LC",0.2,"LC",0,1,"LC","","A3_nat, A2b, B1i_rod, B1i_inv, B1iii_sp, B2i_rod, B2i_inv, B2iii_sp, ","RLE not adjusted"
"50","AZa6","VU",56,"LC",24,"EN","LC",0.5,"LC",0,2,"EN","B1i_rod","A3_nat, A2b, B1i_rod, B2i_rod, B2i_inv, B2iii_sp, D3_step","RLE not adjusted"
"51","AZa7","LC",33,"LC",16,"LC","LC",0.3,"LC",0,1,"LC","","A3_nat, A2b, B1i_rod, B1i_inv, B1iii_sp, B2i_rod, B2i_inv, B2iii_sp, ","RLE not adjusted"
"52","AZd1","CR",95,"EN",75,"CR","CR",1.5,"LC",0,0,"CR","A3_nat, B1i_rod, B2i_rod","A3_nat, A2b, B1i_rod, B2i_rod, ","RLE not adjusted"
"53","AZd2","LC",28,"LC",20,"EN","CR",0.4,"LC",0,0,"CR","B2i_rod","A3_nat, A2b, B1i_rod, B2i_rod, ","RLE not adjusted"
"54","AZd3","LC",2,"LC",1,"LC","LC",0,"LC",0,0,"LC","","A3_nat, A2b, B1i_rod, B1i_inv, B1iii_sp, B2i_rod, B2i_inv, B2iii_sp, ","RLE not adjusted"
"55","AZd4","LC",6,"LC",3,"LC","LC",0.1,"LC",0,0,"LC","","A3_nat, A2b, B1i_rod, B1i_inv, B1iii_sp, B2i_rod, B2i_inv, B2iii_sp, ","RLE not adjusted"
"56","AZi1","LC",12,"LC",4,"LC","LC",0.1,"LC",0,2,"LC","","A3_nat, A2b, B1i_rod, B1i_inv, B1iii_sp, B2i_rod, B2i_inv, B2iii_sp, ","RLE not adjusted"
"57","AZi3","LC",0,"LC",0,"LC","LC",0,"LC",0,0,"LC","","A3_nat, A2b, B1i_rod, B1i_inv, B1iii_sp, B2i_rod, B2i_inv, B2iii_sp, ","RLE not adjusted"
"58","AZi5","LC",7,"LC",2,"LC","LC",0,"LC",0,0,"LC","","A3_nat, A2b, B1i_rod, B1i_inv, B1iii_sp, B2i_rod, B2i_inv, B2iii_sp, ","RLE not adjusted"
"59","AZi6","LC",14,"LC",5,"LC","LC",0.1,"LC",0,0,"LC","","A3_nat, A2b, B1i_rod, B1i_inv, B1iii_sp, B2i_rod, B2i_inv, B2iii_sp, ","RLE not adjusted"
"60","AZi7","LC",7,"LC",1,"LC","LC",0,"LC",0,0,"LC","","A3_nat, A2b, B1i_rod, B1i_inv, B1iii_sp, B2i_rod, B2i_inv, B2iii_sp, ","RLE not adjusted"
"61","AZi8","VU",61,"VU",33,"EN","VU",0.7,"LC",0,5,"EN","B1i_rod","A3_nat, A3_wc, A2b, B1i_rod, B2i_rod, ","RLE not adjusted"
"62","AZs3","LC",20,"LC",1,"LC","LC",0,"LC",0,0,"LC","","A3_nat, A3_kzn, A2b, B1i_rod, B1i_inv, B1iii_sp, B2i_rod, B2i_inv, B2iii_sp, ","RLE not adjusted"
"63","CB1","VU",64,"VU",32,"EN","LC",0.6,"LC",0,1,"EN","B1i_rod","A3_nat, A3_kzn, A2b, B1i_rod, B2i_rod, B2i_inv, B2iii_sp, ","RLE not adjusted"
"64","CB2","VU",65,"VU",31,"EN","VU",0.6,"LC",0,2,"EN","B1i_rod","A3_nat, A3_kzn, A2b, B1i_rod, B2i_rod, ","RLE not adjusted"
"65","CB3","EN",82,"EN",63,"EN","LC",1.3,"LC",0,17,"EN","A3_nat, A3_kzn, A2b, B1i_rod","A3_nat, A3_kzn, A2b, B1i_rod, B2i_rod, B2i_inv, B2iii_sp, ","RLE not adjusted"
"66","CB4","VU",51,"LC",15,"LC","LC",0.3,"LC",0,4,"VU","A3_nat","A3_nat, A2b, B1i_rod, B1i_inv, B1iii_sp, B2i_rod, B2i_inv, B2iii_sp, ","RLE not adjusted"
"67","CB5","LC",46,"LC",18,"EN","VU",0.4,"LC",0,7,"EN","B1i_rod","A3_nat, A2b, B1i_rod, B2i_rod, ","RLE not adjusted"
"68","CB6","VU",60,"LC",23,"EN","VU",0.5,"LC",0,21,"EN","B1i_rod","A3_nat, A3_kzn, A2b, B1i_rod, B2i_rod, ","RLE not adjusted"
"69","Dg1","LC",1,"LC",1,"LC","LC",0,"LC",0,0,"LC","","A3_nat, A2b, B1i_rod, B1i_inv, B1iii_sp, B2i_rod, B2i_inv, B2iii_sp, ","RLE not adjusted"
"70","Dg10","LC",0,"LC",1,"LC","LC",0,"LC",0,0,"LC","","A3_nat, A2b, B1i_rod, B1i_inv, B1iii_sp, B2i_rod, B2i_inv, B2iii_sp, ","RLE not adjusted"
"71","Dg2","LC",0,"LC",0,"LC","LC",0,"LC",0,0,"LC","","A3_nat, A2b, B1i_rod, B1i_inv, B1iii_sp, B2i_rod, B2i_inv, B2iii_sp, ","RLE not adjusted"
"72","Dg3","LC",2,"LC",3,"LC","LC",0.1,"LC",0,0,"LC","","A3_nat, A2b, B1i_rod, B1i_inv, B1iii_sp, B2i_rod, B2i_inv, B2iii_sp, ","RLE not adjusted"
"73","Dg4","LC",1,"LC",0,"LC","LC",0,"LC",0,0,"LC","","A3_nat, A2b, B1i_rod, B1i_inv, B1iii_sp, B2i_rod, B2i_inv, B2iii_sp, ","RLE not adjusted"
"74","Dg5","LC",0,"LC",0,"LC","LC",0,"LC",0,0,"LC","","A3_nat, A2b, B1i_rod, B1i_inv, B1iii_sp, B2i_rod, B2i_inv, B2iii_sp, ","RLE not adjusted"
"75","Dg6","LC",1,"LC",2,"LC","LC",0,"LC",0,0,"LC","","A3_nat, A2b, B1i_rod, B1i_inv, B1iii_sp, B2i_rod, B2i_inv, B2iii_sp, ","RLE not adjusted"
"76","Dg7","LC",1,"LC",1,"LC","LC",0,"LC",0,0,"LC","","A3_nat, A2b, B1i_rod, B1i_inv, B1iii_sp, B2i_rod, B2i_inv, B2iii_sp, ","RLE not adjusted"
"77","Dg8","LC",0,"LC",0,"LC","LC",0,"LC",0,0,"LC","","A3_nat, A2b, B1i_rod, B1i_inv, B1iii_sp, B2i_rod, B2i_inv, B2iii_sp, ","RLE not adjusted"
"78","Dg9","LC",2,"LC",2,"LC","LC",0,"LC",0,0,"LC","","A3_nat, A2b, B1i_rod, B1i_inv, B1iii_sp, B2i_rod, B2i_inv, B2iii_sp, ","RLE not adjusted"
"79","Dn1","CR",92,"EN",61,"CR","CR",1.2,"LC",0,0,"CR","A3_nat, B1i_rod, B2i_rod","A3_nat, A2b, B1i_rod, B2i_rod, ","RLE not adjusted"
"80","Dn2","LC",35,"VU",30,"CR","CR",0.6,"LC",0,0,"CR","B1i_rod, B2i_rod","A3_nat, A2b, B1i_rod, B2i_rod, ","RLE not adjusted"
"81","Dn3","LC",12,"LC",6,"LC","LC",0.1,"LC",0,0,"LC","","A3_nat, A2b, B1i_rod, B1i_inv, B1iii_sp, B2i_rod, B2i_inv, B2iii_sp, ","RLE not adjusted"
"82","Dn4","LC",10,"LC",5,"CR","EN",0.1,"LC",0,0,"CR","B1iii_sp","A3_nat, A2b, B1iii_sp, B2iii_sp, ","RLE not adjusted"
"83","Dn5","LC",8,"LC",3,"LC","LC",0.1,"LC",0,0,"LC","","A3_nat, A2b, B1i_rod, B1i_inv, B1iii_sp, B2i_rod, B2i_inv, B2iii_sp, ","RLE not adjusted"
"84","FFa1","EN",71,"VU",42,"CR","EN",0.8,"LC",0,4,"CR","B1i_rod","A3_nat, A2b, B1i_rod, B2i_rod, ","RLE not adjusted"
"85","FFa2","VU",62,"VU",44,"EN","EN",0.9,"LC",0,23,"EN","B1i_rod, B1iii_sp, B2i_rod, B2iii_sp","A3_nat, A3_wc, A2b, B1i_rod, B1iii_sp, B2i_rod, B2iii_sp, ","RLE not adjusted"
"86","FFa3","EN",71,"VU",43,"EN","VU",0.9,"LC",0,21,"EN","A3_nat, B1i_rod, B1iii_sp","A3_nat, A2b, B1i_rod, B1iii_sp, B2i_rod, B2iii_sp, ","RLE not adjusted"
"87","FFa4","CR",96,"CR",95,"CR","EN",1.9,"LC",21,32,"CR","A3_coct, A2b, B1i_rod, B1i_inv, B1iii_sp","A3_coct, A2b, B1i_rod, B1i_inv, B1iii_sp, B2i_rod, B2i_inv, B2iii_sp, D3_coct","RLE not adjusted"
"88","FFb1","LC",6,"LC",3,"LC","LC",0.1,"LC",0,2,"LC","","A3_nat, A3_wc, A2b, B1i_rod, B1i_inv, B1iii_sp, B2i_rod, B2i_inv, B2iii_sp, ","RLE not adjusted"
"89","FFb2","LC",2,"LC",1,"EN","VU",0,"LC",0,14,"EN","B1iii_sp","A3_nat, A3_wc, A2b, B1iii_sp, B2iii_sp, ","RLE not adjusted"
"90","FFb3","LC",1,"LC",0,"LC","LC",0,"LC",0,1,"LC","","A3_nat, A3_wc, A2b, B1i_rod, B1i_inv, B1iii_sp, B2i_rod, B2i_inv, B2iii_sp, D3_step","RLE not adjusted"
"91","FFb4","LC",12,"LC",4,"LC","LC",0.1,"LC",0,19,"LC","","A3_nat, A3_wc, A2b, B1i_rod, B1i_inv, B1iii_sp, B2i_rod, B2i_inv, B2iii_sp, ","RLE not adjusted"
"92","FFb5","LC",12,"LC",3,"LC","LC",0.1,"LC",0,6,"LC","","A3_nat, A2b, B1i_rod, B1i_inv, B1iii_sp, B2i_rod, B2i_inv, B2iii_sp, D3_step","RLE not adjusted"
"93","FFb6","VU",62,"LC",24,"EN","EN",0.5,"LC",0,37,"EN","B1i_rod, B1i_inv, B2i_rod, B2i_inv","A3_nat, A2b, B1i_rod, B1i_inv, B2i_rod, B2i_inv, D3_step","RLE not adjusted"
"94","FFc1","VU",50,"LC",28,"EN","VU",0.6,"LC",0,32,"EN","B1i_rod, B1i_inv, B1iii_sp","A3_nat, A3_wc, A2b, B1i_rod, B1i_inv, B1iii_sp, B2i_rod, B2i_inv, B2iii_sp, ","RLE not adjusted"
"95","FFd1","LC",15,"LC",3,"LC","LC",0.1,"LC",0,0,"LC","","A3_nat, A2b, B1i_rod, B1i_inv, B1iii_sp, B2i_rod, B2i_inv, B2iii_sp, ","RLE not adjusted"
"96","FFd10","EN",70,"VU",33,"CR","EN",0.7,"VU",0,56,"CR","B1i_rod, B1i_inv","A3_nat, A3_wc, A2b, B1i_rod, B1i_inv, B2i_rod, B2i_inv, D3_inv","RLE not adjusted"
"97","FFd11","LC",22,"LC",12,"CR","EN",0.2,"VU",0,55,"CR","B1i_inv","A3_nat, A2b, B1i_inv, B2i_inv, D3_inv","RLE not adjusted"
"98","FFd2","VU",57,"VU",41,"EN","VU",0.8,"LC",0,2,"EN","B1i_rod","A3_nat, A3_wc, A2b, B1i_rod, B2i_rod, ","RLE not adjusted"
"99","FFd3","LC",30,"LC",15,"EN","VU",0.3,"LC",0,6,"EN","B1iii_sp","A3_nat, A3_wc, A2b, B1iii_sp, B2iii_sp, ","RLE not adjusted"
"100","FFd4","VU",52,"LC",18,"EN","VU",0.4,"LC",0,38,"EN","B1i_rod, B1i_inv, B1iii_sp","A3_nat, A2b, B1i_rod, B1i_inv, B1iii_sp, B2i_rod, B2i_inv, B2iii_sp, ","RLE not adjusted"
"101","FFd5","CR",70,"EN",76,"CR","EN",1.5,"LC",44,33,"CR","A3_nat, A3_wc, B1i_rod, B1i_inv, B1iii_sp","A3_nat, A3_wc, A2b, B1i_rod, B1i_inv, B1iii_sp, B2i_rod, B2i_inv, B2iii_sp, D3_coct","RLE not adjusted"
"102","FFd6","LC",36,"LC",23,"CR","EN",0.5,"LC",0,32,"CR","B1i_rod, B1i_inv, B1iii_sp","A3_nat, A3_wc, A2b, B1i_rod, B1i_inv, B1iii_sp, B2i_rod, B2i_inv, B2iii_sp, ","RLE not adjusted"
"103","FFd7","VU",52,"LC",16,"CR","EN",0.3,"LC",0,20,"CR","B1iii_sp","A3_nat, A2b, B1iii_sp, B2iii_sp, ","RLE not adjusted"
"104","FFd8","VU",51,"LC",12,"CR","EN",0.2,"LC",0,7,"CR","B1iii_sp","A3_nat, A3_wc, A2b, B1iii_sp, B2iii_sp, ","RLE not adjusted"
"105","FFd9","LC",41,"LC",17,"EN","VU",0.3,"LC",0,15,"EN","B1iii_sp","A3_nat, A3_wc, A2b, B1iii_sp, B2iii_sp, ","RLE not adjusted"
"106","FFf1","VU",57,"LC",26,"EN","VU",0.5,"LC",0,35,"EN","B1i_rod, B1i_inv, B1iii_sp","A3_nat, A3_wc, A2b, B1i_rod, B1i_inv, B1iii_sp, B2i_rod, B2i_inv, B2iii_sp, ","RLE not adjusted"
"107","FFf2","VU",52,"LC",13,"CR","EN",0.3,"LC",0,29,"CR","B1iii_sp","A3_nat, A2b, B1iii_sp, B2iii_sp, ","RLE not adjusted"
"108","FFg1","LC",1,"LC",0,"LC","LC",0,"LC",0,0,"LC","","A3_nat, A2b, B1i_rod, B1i_inv, B1iii_sp, B2i_rod, B2i_inv, B2iii_sp, ","RLE not adjusted"
"109","FFg2","LC",36,"LC",21,"EN","VU",0.4,"LC",0,33,"EN","B1i_rod, B1i_inv, B1iii_sp","A3_nat, A3_wc, A2b, B1i_rod, B1i_inv, B1iii_sp, B2i_rod, B2i_inv, B2iii_sp, ","RLE not adjusted"
"110","FFg3","VU",59,"LC",27,"CR","EN",0.5,"LC",13,34,"CR","B1i_rod, B1i_inv, B1iii_sp","A3_nat, A3_coct, A2b, B1i_rod, B1i_inv, B1iii_sp, B2i_rod, B2i_inv, B2iii_sp, D3_coct","RLE not adjusted"
"111","FFg4","LC",14,"LC",6,"LC","LC",0.1,"LC",0,22,"LC","","A3_nat, A3_wc, A2b, B1i_rod, B1i_inv, B1iii_sp, B2i_rod, B2i_inv, B2iii_sp, ","RLE not adjusted"
"112","FFg5","VU",56,"VU",38,"CR","EN",0.8,"LC",0,49,"CR","B1i_rod, B1i_inv","A3_nat, A3_wc, A2b, B1i_rod, B1i_inv, B2i_rod, B2i_inv, D3_step","RLE not adjusted"
"113","FFh1","VU",54,"LC",21,"CR","EN",0.4,"LC",0,3,"CR","B1i_rod","A3_nat, A2b, B1i_rod, B2i_rod, ","RLE not adjusted"
"114","FFh10","LC",2,"LC",1,"LC","LC",0,"LC",0,14,"LC","","A3_nat, A2b, B1i_rod, B1i_inv, B1iii_sp, B2i_rod, B2i_inv, B2iii_sp, D3_step","RLE not adjusted"
"115","FFh11","VU",58,"LC",19,"CR","CR",0.4,"LC",0,35,"CR","B1i_rod, B1i_inv, B2i_rod, B2i_inv","A3_nat, A2b, B1i_rod, B1i_inv, B2i_rod, B2i_inv, D3_coct","RLE not adjusted"
"116","FFh2","LC",3,"LC",1,"LC","LC",0,"LC",0,0,"LC","","A3_nat, A3_wc, A2b, B1i_rod, B1i_inv, B1iii_sp, B2i_rod, B2i_inv, B2iii_sp, ","RLE not adjusted"
"117","FFh3","LC",9,"LC",5,"LC","LC",0.1,"LC",0,3,"LC","","A3_nat, A3_wc, A2b, B1i_rod, B1i_inv, B1iii_sp, B2i_rod, B2i_inv, B2iii_sp, D3_step","RLE not adjusted"
"118","FFh4","LC",31,"LC",18,"EN","VU",0.4,"LC",0,19,"EN","B1i_rod, B1iii_sp","A3_nat, A3_wc, A2b, B1i_rod, B1iii_sp, B2i_rod, B2iii_sp, ","RLE not adjusted"
"119","FFh5","VU",57,"LC",22,"EN","EN",0.4,"LC",0,29,"CR","B1i_rod, B2i_rod, B1iii_sp, B2iii_sp","A3_nat, A2b, B1i_rod, B1iii_sp, B2i_rod, B2iii_sp, ","RLE adjusted"
"120","FFh6","EN",76,"EN",50,"CR","EN",1,"LC",0,36,"CR","B1i_rod, B1i_inv, B1iii_sp","A3_nat, A2b, B1i_rod, B1i_inv, B1iii_sp, B2i_rod, B2i_inv, B2iii_sp, ","RLE not adjusted"
"121","FFh7","LC",40,"LC",16,"CR","EN",0.3,"LC",0,15,"CR","B1iii_sp","A3_nat, A3_wc, A2b, B1iii_sp, B2iii_sp, ","RLE not adjusted"
"122","FFh8","LC",15,"LC",7,"LC","LC",0.1,"LC",0,3,"LC","","A3_nat, A3_wc, A2b, B1i_rod, B1i_inv, B1iii_sp, B2i_rod, B2i_inv, B2iii_sp, ","RLE not adjusted"
"123","FFh9","VU",57,"LC",28,"EN","VU",0.6,"VU",0,55,"EN","B1i_rod, B1i_inv","A3_nat, A2b, B1i_rod, B1i_inv, B2i_rod, B2i_inv, D3_inv","RLE not adjusted"
"124","FFl1","LC",9,"LC",4,"CR","EN",0.1,"LC",0,45,"CR","B1i_inv, B1iii_sp","A3_nat, A3_wc, A2b, B1i_inv, B1iii_sp, B2i_inv, B2iii_sp, ","RLE not adjusted"
"125","FFl2","LC",4,"LC",2,"LC","LC",0,"LC",0,22,"LC","","A3_nat, A3_wc, A2b, B1i_rod, B1i_inv, B1iii_sp, B2i_rod, B2i_inv, B2iii_sp, ","RLE not adjusted"
"126","FFl3","LC",20,"LC",7,"LC","LC",0.1,"LC",0,16,"LC","","A3_nat, A3_wc, A2b, B1i_rod, B1i_inv, B1iii_sp, B2i_rod, B2i_inv, B2iii_sp, ","RLE not adjusted"
"127","FFq1","LC",0,"LC",0,"LC","LC",0,"LC",0,0,"LC","","A3_nat, A2b, B1i_rod, B1i_inv, B1iii_sp, B2i_rod, B2i_inv, B2iii_sp, ","RLE not adjusted"
"128","FFq2","LC",1,"LC",1,"LC","LC",0,"LC",0,0,"LC","","A3_nat, A3_wc, A2b, B1i_rod, B1i_inv, B1iii_sp, B2i_rod, B2i_inv, B2iii_sp, ","RLE not adjusted"
"129","FFq3","LC",1,"LC",0,"LC","LC",0,"LC",0,0,"LC","","A3_nat, A3_wc, A2b, B1i_rod, B1i_inv, B1iii_sp, B2i_rod, B2i_inv, B2iii_sp, ","RLE not adjusted"
"130","FFq4","LC",6,"LC",2,"LC","LC",0,"LC",0,1,"LC","","A3_nat, A3_wc, A2b, B1i_rod, B1i_inv, B1iii_sp, B2i_rod, B2i_inv, B2iii_sp, ","RLE not adjusted"
"131","FFq5","LC",0,"LC",0,"LC","LC",0,"LC",1,0,"LC","","A3_nat, A2b, B1i_rod, B1i_inv, B1iii_sp, B2i_rod, B2i_inv, B2iii_sp, D3_step","RLE not adjusted"
"132","FFq6","LC",2,"LC",1,"LC","LC",0,"LC",0,12,"LC","","A3_nat, A2b, B1i_rod, B1i_inv, B1iii_sp, B2i_rod, B2i_inv, B2iii_sp, D3_step","RLE not adjusted"
"133","FFs1","LC",21,"LC",9,"LC","LC",0.2,"LC",0,1,"LC","","A3_nat, A2b, B1i_rod, B1i_inv, B1iii_sp, B2i_rod, B2i_inv, B2iii_sp, ","RLE not adjusted"
"134","FFs10","LC",3,"LC",1,"LC","LC",0,"LC",0,10,"LC","","A3_nat, A3_wc, A2b, B1i_rod, B1i_inv, B1iii_sp, B2i_rod, B2i_inv, B2iii_sp, ","RLE not adjusted"
"135","FFs11","LC",9,"LC",3,"CR","VU",0.1,"LC",0,6,"CR","B1iii_sp","A3_nat, A3_wc, A2b, B1iii_sp, B2iii_sp, ","RLE not adjusted"
"136","FFs12","LC",7,"LC",4,"EN","VU",0.1,"LC",0,15,"EN","B1iii_sp","A3_nat, A3_wc, A2b, B1iii_sp, B2iii_sp, ","RLE not adjusted"
"137","FFs13","LC",2,"LC",1,"LC","LC",0,"LC",0,2,"LC","","A3_nat, A3_wc, A2b, B1i_rod, B1i_inv, B1iii_sp, B2i_rod, B2i_inv, B2iii_sp, ","RLE not adjusted"
"138","FFs14","LC",6,"LC",3,"CR","EN",0.1,"LC",0,16,"CR","B1iii_sp","A3_nat, A3_wc, A2b, B1iii_sp, B2iii_sp, ","RLE not adjusted"
"139","FFs15","LC",7,"LC",3,"LC","LC",0.1,"LC",0,4,"LC","","A3_nat, A3_wc, A2b, B1i_rod, B1i_inv, B1iii_sp, B2i_rod, B2i_inv, B2iii_sp, ","RLE not adjusted"
"140","FFs16","LC",2,"LC",1,"LC","LC",0,"LC",0,13,"LC","","A3_nat, A3_wc, A2b, B1i_rod, B1i_inv, B1iii_sp, B2i_rod, B2i_inv, B2iii_sp, ","RLE not adjusted"
"141","FFs17","LC",5,"LC",2,"CR","EN",0,"LC",0,9,"CR","B1iii_sp","A3_nat, A3_wc, A2b, B1iii_sp, B2iii_sp, ","RLE not adjusted"
"142","FFs18","LC",13,"LC",4,"LC","LC",0.1,"LC",0,8,"LC","","A3_nat, A3_wc, A2b, B1i_rod, B1i_inv, B1iii_sp, B2i_rod, B2i_inv, B2iii_sp, D3_step","RLE not adjusted"
"143","FFs19","LC",23,"LC",8,"EN","VU",0.2,"LC",0,35,"EN","B1i_inv","A3_nat, A3_wc, A2b, B1i_inv, B2i_inv, D3_step","RLE not adjusted"
"144","FFs2","LC",27,"LC",14,"LC","LC",0.3,"LC",0,2,"LC","","A3_nat, A3_wc, A2b, B1i_rod, B1i_inv, B1iii_sp, B2i_rod, B2i_inv, B2iii_sp, ","RLE not adjusted"
"145","FFs20","LC",32,"LC",9,"EN","VU",0.2,"LC",0,35,"EN","B1i_inv","A3_nat, A2b, B1i_inv, B2i_inv, D3_step","RLE not adjusted"
"146","FFs21","LC",0,"LC",0,"LC","LC",0,"LC",3,0,"LC","","A3_nat, A3_wc, A2b, B1i_rod, B1i_inv, B1iii_sp, B2i_rod, B2i_inv, B2iii_sp, D3_lk","RLE not adjusted"
"147","FFs22","LC",0,"LC",0,"LC","LC",0,"LC",1,1,"LC","","A3_nat, A3_wc, A2b, B1i_rod, B1i_inv, B1iii_sp, B2i_rod, B2i_inv, B2iii_sp, D3_lk","RLE not adjusted"
"148","FFs23","LC",1,"LC",0,"LC","LC",0,"LC",0,0,"LC","","A3_nat, A3_wc, A2b, B1i_rod, B1i_inv, B1iii_sp, B2i_rod, B2i_inv, B2iii_sp, ","RLE not adjusted"
"149","FFs24","LC",0,"LC",0,"LC","LC",0,"LC",0,1,"LC","","A3_nat, A3_wc, A2b, B1i_rod, B1i_inv, B1iii_sp, B2i_rod, B2i_inv, B2iii_sp, ","RLE not adjusted"
"150","FFs25","LC",0,"LC",0,"LC","LC",0,"LC",0,0,"LC","","A3_nat, A3_wc, A2b, B1i_rod, B1i_inv, B1iii_sp, B2i_rod, B2i_inv, B2iii_sp, D3_lk","RLE not adjusted"
"151","FFs26","LC",5,"LC",2,"LC","LC",0,"LC",0,3,"LC","","A3_nat, A3_wc, A2b, B1i_rod, B1i_inv, B1iii_sp, B2i_rod, B2i_inv, B2iii_sp, D3_lk","RLE not adjusted"
"152","FFs27","LC",10,"LC",3,"LC","LC",0.1,"LC",0,5,"LC","","A3_nat, A2b, B1i_rod, B1i_inv, B1iii_sp, B2i_rod, B2i_inv, B2iii_sp, D3_step","RLE not adjusted"
"153","FFs28","LC",9,"LC",2,"LC","LC",0,"LC",0,7,"LC","","A3_nat, A2b, B1i_rod, B1i_inv, B1iii_sp, B2i_rod, B2i_inv, B2iii_sp, D3_step","RLE not adjusted"
"154","FFs29","VU",65,"VU",31,"CR","EN",0.6,"LC",31,34,"CR","B1i_rod, B1i_inv, B1iii_sp","A3_nat, A3_nmb, A2b, B1i_rod, B1i_inv, B1iii_sp, B2i_rod, B2i_inv, B2iii_sp, D3_nmb","RLE not adjusted"
"155","FFs3","LC",3,"LC",2,"LC","LC",0,"LC",0,4,"LC","","A3_nat, A3_wc, A2b, B1i_rod, B1i_inv, B1iii_sp, B2i_rod, B2i_inv, B2iii_sp, ","RLE not adjusted"
"156","FFs30","LC",0,"LC",0,"LC","LC",0,"LC",0,0,"LC","","A3_nat, A3_wc, A2b, B1i_rod, B1i_inv, B1iii_sp, B2i_rod, B2i_inv, B2iii_sp, ","RLE not adjusted"
"157","FFs31","LC",0,"LC",0,"LC","LC",0,"LC",0,0,"LC","","A3_nat, A3_wc, A2b, B1i_rod, B1i_inv, B1iii_sp, B2i_rod, B2i_inv, B2iii_sp, D3_step","RLE not adjusted"
"158","FFs32","LC",35,"LC",22,"CR","EN",0.4,"LC",0,0,"CR","B1i_rod","A3_nat, A2b, B1i_rod, B2i_rod, ","RLE not adjusted"
"159","FFs4","LC",10,"LC",4,"LC","LC",0.1,"LC",0,1,"LC","","A3_nat, A3_wc, A2b, B1i_rod, B1i_inv, B1iii_sp, B2i_rod, B2i_inv, B2iii_sp, ","RLE not adjusted"
"160","FFs5","LC",5,"LC",2,"LC","LC",0,"LC",0,2,"LC","","A3_nat, A3_wc, A2b, B1i_rod, B1i_inv, B1iii_sp, B2i_rod, B2i_inv, B2iii_sp, ","RLE not adjusted"
"161","FFs6","LC",10,"LC",5,"CR","EN",0.1,"LC",0,6,"CR","B1iii_sp","A3_nat, A3_wc, A2b, B1iii_sp, B2iii_sp, ","RLE not adjusted"
"162","FFs7","LC",5,"LC",2,"LC","LC",0,"LC",0,1,"LC","","A3_nat, A3_wc, A2b, B1i_rod, B1i_inv, B1iii_sp, B2i_rod, B2i_inv, B2iii_sp, ","RLE not adjusted"
"163","FFs8","LC",1,"LC",1,"LC","LC",0,"LC",0,2,"LC","","A3_nat, A3_wc, A2b, B1i_rod, B1i_inv, B1iii_sp, B2i_rod, B2i_inv, B2iii_sp, ","RLE not adjusted"
"164","FFs9","LC",6,"LC",2,"CR","EN",0,"LC",1,11,"CR","B1iii_sp","A3_nat, A3_coct, A2b, B1iii_sp, B2iii_sp, D3_coct","RLE not adjusted"
"165","FFt1","LC",2,"LC",1,"LC","LC",0,"LC",0,3,"LC","","A3_nat, A3_wc, A2b, B1i_rod, B1i_inv, B1iii_sp, B2i_rod, B2i_inv, B2iii_sp, D3_step","RLE not adjusted"
"166","FFt2","LC",14,"LC",2,"LC","LC",0,"LC",0,19,"LC","","A3_nat, A2b, B1i_rod, B1i_inv, B1iii_sp, B2i_rod, B2i_inv, B2iii_sp, D3_step","RLE not adjusted"
"167","FOa1","LC",24,"LC",17,"LC","LC",0.3,"LC",0,0,"VU","B2i_rod","A3_nat, A2b, B1i_rod, B1i_inv, B1iii_sp, B2i_rod, B2i_inv, B2iii_sp, ","RLE adjusted"
"168","FOa2","LC",23,"LC",11,"LC","LC",0.2,"LC",0,0,"LC","","A3_nat, A3_kzn, A2b, B1i_rod, B1i_inv, B1iii_sp, B2i_rod, B2i_inv, B2iii_sp, ","RLE not adjusted"
"169","FOa3","LC",14,"LC",8,"LC","LC",0.2,"LC",0,0,"LC","","A3_nat, A2b, B1i_rod, B1i_inv, B1iii_sp, B2i_rod, B2i_inv, B2iii_sp, ","RLE not adjusted"
"170","FOz1","LC",20,"LC",2,"LC","LC",0,"LC",0,6,"LC","","A3_nat, A2b, B1i_rod, B1i_inv, B1iii_sp, B2i_rod, B2i_inv, B2iii_sp, D3_step","RLE not adjusted"
"171","FOz2","LC",15,"LC",3,"LC","LC",0.1,"LC",0,3,"LC","","A3_nat, A2b, B1i_rod, B1i_inv, B1iii_sp, B2i_rod, B2i_inv, B2iii_sp, ","RLE not adjusted"
"172","FOz3","LC",17,"LC",2,"LC","LC",0,"LC",0,5,"LC","","A3_nat, A2b, B1i_rod, B1i_inv, B1iii_sp, B2i_rod, B2i_inv, B2iii_sp, ","RLE not adjusted"
"173","FOz4","LC",26,"LC",1,"LC","LC",0,"LC",0,5,"LC","","A3_nat, A2b, B1i_rod, B1i_inv, B1iii_sp, B2i_rod, B2i_inv, B2iii_sp, ","RLE not adjusted"
"174","FOz5","LC",8,"LC",1,"LC","LC",0,"LC",0,2,"LC","","A3_nat, A2b, B1i_rod, B1i_inv, B1iii_sp, B2i_rod, B2i_inv, B2iii_sp, ","RLE not adjusted"
"175","FOz6","LC",19,"LC",3,"LC","LC",0.1,"LC",0,2,"LC","","A3_nat, A2b, B1i_rod, B1i_inv, B1iii_sp, B2i_rod, B2i_inv, B2iii_sp, ","RLE not adjusted"
"176","FOz7","LC",25,"LC",13,"LC","LC",0.3,"LC",0,0,"LC","","A3_nat, A3_kzn, A2b, B1i_rod, B1i_inv, B1iii_sp, B2i_rod, B2i_inv, B2iii_sp, ","RLE not adjusted"
"177","FOz8","LC",9,"LC",4,"LC","LC",0.1,"LC",0,0,"LC","","A3_nat, A3_kzn, A2b, B1i_rod, B1i_inv, B1iii_sp, B2i_rod, B2i_inv, B2iii_sp, ","RLE not adjusted"
"178","FOz9","LC",0,"LC",0,"LC","LC",0,"LC",0,2,"LC","","A3_nat, A2b, B1i_rod, B1i_inv, B1iii_sp, B2i_rod, B2i_inv, B2iii_sp, ","RLE not adjusted"
"179","FRa1","VU",57,"VU",41,"EN","VU",0.8,"LC",0,14,"EN","B1i_rod","A3_nat, A3_wc, A2b, B1i_rod, B2i_rod, ","RLE not adjusted"
"180","FRa2","LC",35,"LC",17,"CR","EN",0.3,"LC",0,12,"CR","B1iii_sp","A3_nat, A3_wc, A2b, B1iii_sp, B2iii_sp, ","RLE not adjusted"
"181","FRc1","EN",80,"EN",60,"EN","CR",1.2,"LC",0,13,"CR","B2i_rod, B2iii_sp","A3_nat, A3_wc, A2b, B1i_rod, B1iii_sp, B2i_rod, B2iii_sp, ","RLE not adjusted"
"182","FRc2","EN",81,"EN",51,"EN","EN",1,"LC",0,11,"EN","A3_nat, A3_wc, A2b, B1i_rod, B1iii_sp, B2i_rod, B2iii_sp","A3_nat, A3_wc, A2b, B1i_rod, B1iii_sp, B2i_rod, B2iii_sp, ","RLE not adjusted"
"183","FRd1","LC",10,"LC",4,"LC","LC",0.1,"LC",0,6,"LC","","A3_nat, A2b, B1i_rod, B1i_inv, B1iii_sp, B2i_rod, B2i_inv, B2iii_sp, ","RLE not adjusted"
"184","FRd2","LC",2,"LC",0,"LC","LC",0,"LC",0,0,"LC","","A3_nat, A2b, B1i_rod, B1i_inv, B1iii_sp, B2i_rod, B2i_inv, B2iii_sp, ","RLE not adjusted"
"185","FRg1","LC",17,"LC",6,"LC","LC",0.1,"LC",0,0,"LC","","A3_nat, A2b, B1i_rod, B1i_inv, B1iii_sp, B2i_rod, B2i_inv, B2iii_sp, ","RLE not adjusted"
"186","FRg2","EN",77,"EN",53,"EN","VU",1.1,"LC",0,25,"EN","A3_nat, A3_wc, A2b, B1i_rod, B1iii_sp","A3_nat, A3_wc, A2b, B1i_rod, B1iii_sp, B2i_rod, B2iii_sp, ","RLE not adjusted"
"187","FRg3","LC",2,"LC",1,"LC","LC",0,"LC",0,15,"LC","","A3_nat, A3_wc, A2b, B1i_rod, B1i_inv, B1iii_sp, B2i_rod, B2i_inv, B2iii_sp, ","RLE not adjusted"
"188","FRl1","LC",11,"LC",5,"LC","LC",0.1,"LC",21,5,"LC","","A3_nat, A3_wc, A2b, B1i_rod, B1i_inv, B1iii_sp, B2i_rod, B2i_inv, B2iii_sp, D3_lk","RLE not adjusted"
"189","FRs1","LC",5,"LC",3,"LC","LC",0.1,"LC",0,3,"LC","","A3_nat, A2b, B1i_rod, B1i_inv, B1iii_sp, B2i_rod, B2i_inv, B2iii_sp, ","RLE not adjusted"
"190","FRs10","CR",90,"EN",61,"CR","CR",1.2,"LC",7,21,"CR","A3_nat, A3_coct, B1i_rod, B1iii_sp, B2i_rod, B2iii_sp","A3_nat, A3_coct, A2b, B1i_rod, B1iii_sp, B2i_rod, B2iii_sp, D3_coct","RLE not adjusted"
"191","FRs11","EN",84,"EN",54,"CR","VU",1.1,"LC",0,23,"CR","B1i_rod, B1iii_sp","A3_nat, A3_wc, A2b, B1i_rod, B1iii_sp, B2i_rod, B2iii_sp, ","RLE not adjusted"
"192","FRs12","CR",90,"EN",58,"EN","VU",1.2,"LC",0,17,"CR","A3_nat","A3_nat, A2b, B1i_rod, B1iii_sp, B2i_rod, B2iii_sp, ","RLE not adjusted"
"193","FRs13","EN",82,"EN",54,"EN","VU",1.1,"LC",0,16,"EN","A3_nat, A3_wc, A2b, B1i_rod, B1iii_sp","A3_nat, A3_wc, A2b, B1i_rod, B1iii_sp, B2i_rod, B2iii_sp, ","RLE not adjusted"
"194","FRs14","VU",58,"LC",29,"CR","VU",0.6,"LC",0,27,"CR","B1i_rod","A3_nat, A3_wc, A2b, B1i_rod, B2i_rod, D3_step","RLE not adjusted"
"195","FRs15","LC",4,"LC",1,"LC","LC",0,"LC",0,0,"LC","","A3_nat, A2b, B1i_rod, B1i_inv, B1iii_sp, B2i_rod, B2i_inv, B2iii_sp, D3_step","RLE not adjusted"
"196","FRs16","LC",18,"LC",5,"LC","LC",0.1,"LC",0,1,"LC","","A3_nat, A2b, B1i_rod, B1i_inv, B1iii_sp, B2i_rod, B2i_inv, B2iii_sp, D3_step","RLE not adjusted"
"197","FRs17","VU",69,"VU",34,"EN","VU",0.7,"LC",0,28,"EN","B1i_rod","A3_nat, A2b, B1i_rod, B2i_rod, D3_step","RLE not adjusted"
"198","FRs18","LC",0,"LC",0,"LC","LC",0,"LC",0,0,"LC","","A3_nat, A2b, B1i_rod, B1i_inv, B1iii_sp, B2i_rod, B2i_inv, B2iii_sp, D3_step","RLE not adjusted"
"199","FRs19","VU",58,"LC",19,"EN","EN",0.4,"LC",0,25,"EN","B1i_rod, B2i_rod","A3_nat, A2b, B1i_rod, B2i_rod, D3_step","RLE not adjusted"
"200","FRs2","VU",52,"LC",18,"CR","EN",0.4,"LC",0,1,"CR","B1i_rod","A3_nat, A2b, B1i_rod, B2i_rod, ","RLE not adjusted"
"201","FRs20","EN",76,"VU",45,"CR","EN",0.9,"LC",0,9,"CR","B1i_rod","A3_nat, A2b, B1i_rod, B2i_rod, ","RLE not adjusted"
"202","FRs3","LC",2,"LC",1,"LC","LC",0,"LC",0,0,"LC","","A3_nat, A2b, B1i_rod, B1i_inv, B1iii_sp, B2i_rod, B2i_inv, B2iii_sp, ","RLE not adjusted"
"203","FRs4","VU",57,"LC",26,"CR","EN",0.5,"LC",0,3,"CR","B1i_rod","A3_nat, A2b, B1i_rod, B2i_rod, ","RLE not adjusted"
"204","FRs5","LC",3,"LC",0,"LC","LC",0,"LC",0,0,"LC","","A3_nat, A2b, B1i_rod, B1i_inv, B1iii_sp, B2i_rod, B2i_inv, B2iii_sp, ","RLE not adjusted"
"205","FRs6","LC",9,"LC",3,"LC","LC",0.1,"LC",0,0,"LC","","A3_nat, A3_wc, A2b, B1i_rod, B1i_inv, B1iii_sp, B2i_rod, B2i_inv, B2iii_sp, ","RLE not adjusted"
"206","FRs7","LC",15,"LC",6,"LC","LC",0.1,"LC",0,1,"LC","","A3_nat, A3_wc, A2b, B1i_rod, B1i_inv, B1iii_sp, B2i_rod, B2i_inv, B2iii_sp, ","RLE not adjusted"
"207","FRs8","LC",34,"LC",14,"EN","VU",0.3,"LC",0,5,"EN","B1iii_sp","A3_nat, A3_wc, A2b, B1iii_sp, B2iii_sp, ","RLE not adjusted"
"208","FRs9","CR",90,"EN",62,"EN","LC",1.2,"LC",0,18,"CR","A3_nat","A3_nat, A2b, B1i_rod, B1iii_sp, B2i_rod, B2i_inv, B2iii_sp, ","RLE not adjusted"
"209","FS1","LC",25,"LC",20,"CR","EN",0.4,"LC",0,1,"CR","B1i_rod","A3_nat, A3_wc, A2b, B1i_rod, B2i_rod, ","RLE not adjusted"
"210","FS10","LC",6,"LC",3,"EN","VU",0.1,"LC",0,38,"EN","B1i_inv","A3_nat, A3_wc, A2b, B1i_inv, B2i_inv, ","RLE not adjusted"
"211","FS11","LC",4,"LC",1,"CR","EN",0,"LC",0,42,"CR","B1i_inv","A3_nat, A3_wc, A2b, B1i_inv, B2i_inv, ","RLE not adjusted"
"212","FS12","LC",24,"LC",12,"LC","LC",0.2,"LC",0,24,"LC","","A3_nat, A2b, B1i_rod, B1i_inv, B1iii_sp, B2i_rod, B2i_inv, B2iii_sp, D3_step","RLE not adjusted"
"213","FS13","LC",14,"LC",6,"LC","LC",0.1,"LC",2,16,"LC","","A3_nat, A3_wc, A2b, B1i_rod, B1i_inv, B1iii_sp, B2i_rod, B2i_inv, B2iii_sp, D3_step","RLE not adjusted"
"214","FS14","LC",12,"LC",10,"CR","EN",0.2,"LC",3,48,"CR","B1i_inv","A3_nat, A2b, B1i_inv, B2i_inv, D3_step","RLE not adjusted"
"215","FS2","EN",74,"VU",30,"CR","EN",0.6,"LC",0,3,"CR","B1i_rod, B1iii_sp","A3_nat, A2b, B1i_rod, B1iii_sp, B2i_rod, B2iii_sp, ","RLE not adjusted"
"216","FS3","VU",55,"LC",23,"EN","VU",0.5,"LC",0,4,"EN","B1i_rod, B1iii_sp","A3_nat, A3_wc, A2b, B1i_rod, B1iii_sp, B2i_rod, B2iii_sp, ","RLE not adjusted"
"217","FS4","LC",12,"LC",5,"LC","LC",0.1,"LC",0,2,"CR","B1iii_sp","A3_nat, A3_wc, A2b, B1i_rod, B1i_inv, B1iii_sp, B2i_rod, B2i_inv, B2iii_sp, ","RLE adjusted"
"218","FS5","LC",11,"LC",7,"EN","VU",0.1,"LC",0,12,"EN","B1iii_sp","A3_nat, A3_wc, A2b, B1iii_sp, B2iii_sp, ","RLE not adjusted"
"219","FS6","VU",63,"VU",48,"EN","EN",1,"LC",20,40,"EN","B1i_rod, B1i_inv, B1iii_sp, B2i_rod, B2i_inv, B2iii_sp","A3_nat, A3_coct, A2b, B1i_rod, B1i_inv, B1iii_sp, B2i_rod, B2i_inv, B2iii_sp, D3_coct","RLE not adjusted"
"220","FS7","LC",19,"LC",8,"EN","EN",0.2,"LC",0,40,"EN","B1i_inv, B1iii_sp, B2i_inv, B2iii_sp","A3_nat, A3_wc, A2b, B1i_inv, B1iii_sp, B2i_inv, B2iii_sp, ","RLE not adjusted"
"221","FS9","VU",56,"LC",26,"CR","CR",0.5,"VU",0,62,"CR","B1i_rod, B1i_inv, B2i_rod, B2i_inv","A3_nat, A2b, B1i_rod, B1i_inv, B2i_rod, B2i_inv, D3_inv","RLE not adjusted"
"222","Gd1","LC",16,"LC",7,"LC","LC",0.1,"LC",0,6,"LC","","A3_nat, A2b, B1i_rod, B1i_inv, B1iii_sp, B2i_rod, B2i_inv, B2iii_sp, ","RLE not adjusted"
"223","Gd10","LC",3,"LC",0,"LC","LC",0,"LC",0,0,"LC","","A3_nat, A2b, B1i_rod, B1i_inv, B1iii_sp, B2i_rod, B2i_inv, B2iii_sp, ","RLE not adjusted"
"224","Gd2","LC",3,"LC",3,"LC","LC",0.1,"LC",0,2,"LC","","A3_nat, A2b, B1i_rod, B1i_inv, B1iii_sp, B2i_rod, B2i_inv, B2iii_sp, ","RLE not adjusted"
"225","Gd3","LC",19,"LC",4,"LC","LC",0.1,"LC",0,0,"LC","","A3_nat, A2b, B1i_rod, B1i_inv, B1iii_sp, B2i_rod, B2i_inv, B2iii_sp, ","RLE not adjusted"
"226","Gd4","LC",10,"LC",4,"LC","LC",0.1,"LC",0,2,"LC","","A3_nat, A2b, B1i_rod, B1i_inv, B1iii_sp, B2i_rod, B2i_inv, B2iii_sp, ","RLE not adjusted"
"227","Gd5","LC",10,"LC",2,"LC","LC",0,"LC",0,1,"LC","","A3_nat, A2b, B1i_rod, B1i_inv, B1iii_sp, B2i_rod, B2i_inv, B2iii_sp, ","RLE not adjusted"
"228","Gd6","LC",0,"LC",0,"LC","LC",0,"LC",0,2,"LC","","A3_nat, A2b, B1i_rod, B1i_inv, B1iii_sp, B2i_rod, B2i_inv, B2iii_sp, ","RLE not adjusted"
"229","Gd7","LC",0,"LC",0,"LC","LC",0,"LC",0,0,"LC","","A3_nat, A2b, B1i_rod, B1i_inv, B1iii_sp, B2i_rod, B2i_inv, B2iii_sp, ","RLE not adjusted"
"230","Gd8","LC",14,"LC",0,"LC","LC",0,"LC",0,0,"LC","","A3_nat, A2b, B1i_rod, B1i_inv, B1iii_sp, B2i_rod, B2i_inv, B2iii_sp, ","RLE not adjusted"
"231","Gd9","LC",16,"LC",0,"LC","LC",0,"LC",0,0,"LC","","A3_nat, A2b, B1i_rod, B1i_inv, B1iii_sp, B2i_rod, B2i_inv, B2iii_sp, ","RLE not adjusted"
"232","Gh1","LC",3,"LC",1,"LC","LC",0,"LC",0,0,"LC","","A3_nat, A2b, B1i_rod, B1i_inv, B1iii_sp, B2i_rod, B2i_inv, B2iii_sp, ","RLE not adjusted"
"233","Gh10","EN",78,"VU",31,"LC","LC",0.6,"LC",0,0,"EN","A3_nat","A3_nat, A2b, B1i_rod, B1i_inv, B1iii_sp, B2i_rod, B2i_inv, B2iii_sp, ","RLE not adjusted"
"234","Gh11","VU",55,"LC",20,"CR","EN",0.4,"LC",0,1,"CR","B1i_rod","A3_nat, A2b, B1i_rod, B2i_rod, ","RLE not adjusted"
"235","Gh12","LC",33,"LC",16,"LC","LC",0.3,"LC",0,0,"LC","","A3_nat, A2b, B1i_rod, B1i_inv, B1iii_sp, B2i_rod, B2i_inv, B2iii_sp, ","RLE not adjusted"
"236","Gh13","LC",44,"LC",12,"LC","LC",0.2,"LC",0,0,"LC","","A3_nat, A2b, B1i_rod, B1i_inv, B1iii_sp, B2i_rod, B2i_inv, B2iii_sp, ","RLE not adjusted"
"237","Gh14","VU",60,"LC",19,"VU","LC",0.4,"LC",0,0,"EN","B1i_rod","A3_nat, A2b, B1i_rod, B2i_rod, B2i_inv, B2iii_sp, ","RLE adjusted"
"238","Gh15","LC",36,"LC",13,"LC","LC",0.3,"LC",0,0,"LC","","A3_nat, A2b, B1i_rod, B1i_inv, B1iii_sp, B2i_rod, B2i_inv, B2iii_sp, ","RLE not adjusted"
"239","Gh2","LC",21,"LC",6,"LC","LC",0.1,"LC",0,0,"LC","","A3_nat, A2b, B1i_rod, B1i_inv, B1iii_sp, B2i_rod, B2i_inv, B2iii_sp, ","RLE not adjusted"
"240","Gh3","LC",8,"LC",3,"LC","LC",0.1,"LC",0,0,"LC","","A3_nat, A2b, B1i_rod, B1i_inv, B1iii_sp, B2i_rod, B2i_inv, B2iii_sp, ","RLE not adjusted"
"241","Gh4","LC",4,"LC",1,"LC","LC",0,"LC",0,0,"LC","","A3_nat, A2b, B1i_rod, B1i_inv, B1iii_sp, B2i_rod, B2i_inv, B2iii_sp, ","RLE not adjusted"
"242","Gh5","LC",48,"LC",14,"LC","LC",0.3,"LC",0,0,"LC","","A3_nat, A2b, B1i_rod, B1i_inv, B1iii_sp, B2i_rod, B2i_inv, B2iii_sp, ","RLE not adjusted"
"243","Gh6","LC",35,"LC",11,"LC","LC",0.2,"LC",0,0,"LC","","A3_nat, A2b, B1i_rod, B1i_inv, B1iii_sp, B2i_rod, B2i_inv, B2iii_sp, ","RLE not adjusted"
"244","Gh7","LC",18,"LC",6,"LC","LC",0.1,"LC",0,0,"LC","","A3_nat, A2b, B1i_rod, B1i_inv, B1iii_sp, B2i_rod, B2i_inv, B2iii_sp, ","RLE not adjusted"
"245","Gh8","LC",18,"LC",10,"LC","LC",0.2,"LC",0,1,"LC","","A3_nat, A2b, B1i_rod, B1i_inv, B1iii_sp, B2i_rod, B2i_inv, B2iii_sp, ","RLE not adjusted"
"246","Gh9","LC",25,"LC",6,"LC","LC",0.1,"LC",0,0,"LC","","A3_nat, A2b, B1i_rod, B1i_inv, B1iii_sp, B2i_rod, B2i_inv, B2iii_sp, ","RLE not adjusted"
"247","Gm1","LC",34,"LC",8,"LC","LC",0.2,"LC",0,0,"LC","","A3_nat, A2b, B1i_rod, B1i_inv, B1iii_sp, B2i_rod, B2i_inv, B2iii_sp, ","RLE not adjusted"
"248","Gm10","EN",83,"EN",67,"CR","EN",1.3,"LC",0,4,"CR","B1i_rod","A3_nat, A2b, B1i_rod, B2i_rod, ","RLE not adjusted"
"249","Gm11","VU",60,"LC",25,"LC","LC",0.5,"LC",0,2,"VU","A3_nat","A3_nat, A2b, B1i_rod, B1i_inv, B1iii_sp, B2i_rod, B2i_inv, B2iii_sp, ","RLE not adjusted"
"250","Gm12","EN",71,"VU",35,"VU","LC",0.7,"LC",0,2,"EN","A3_nat","A3_nat, A2b, B1i_rod, B2i_rod, B2i_inv, B2iii_sp, ","RLE not adjusted"
"251","Gm13","LC",46,"LC",13,"LC","LC",0.3,"LC",0,0,"LC","","A3_nat, A2b, B1i_rod, B1i_inv, B1iii_sp, B2i_rod, B2i_inv, B2iii_sp, ","RLE not adjusted"
"252","Gm14","LC",21,"LC",10,"LC","LC",0.2,"LC",0,2,"LC","","A3_nat, A2b, B1i_rod, B1i_inv, B1iii_sp, B2i_rod, B2i_inv, B2iii_sp, ","RLE not adjusted"
"253","Gm15","VU",53,"VU",39,"EN","LC",0.8,"LC",0,3,"EN","B1i_rod","A3_nat, A2b, B1i_rod, B2i_rod, B2i_inv, B2iii_sp, ","RLE not adjusted"
"254","Gm16","LC",45,"LC",17,"LC","LC",0.3,"LC",0,2,"EN","B1i_rod","A3_nat, A2b, B1i_rod, B1i_inv, B1iii_sp, B2i_rod, B2i_inv, B2iii_sp, ","RLE adjusted"
"255","Gm17","LC",38,"LC",11,"LC","LC",0.2,"LC",0,1,"LC","","A3_nat, A2b, B1i_rod, B1i_inv, B1iii_sp, B2i_rod, B2i_inv, B2iii_sp, ","RLE not adjusted"
"256","Gm19","LC",39,"LC",8,"LC","LC",0.2,"LC",0,2,"LC","","A3_nat, A2b, B1i_rod, B1i_inv, B1iii_sp, B2i_rod, B2i_inv, B2iii_sp, ","RLE not adjusted"
"257","Gm2","LC",25,"LC",1,"LC","LC",0,"LC",0,0,"LC","","A3_nat, A2b, B1i_rod, B1i_inv, B1iii_sp, B2i_rod, B2i_inv, B2iii_sp, ","RLE not adjusted"
"258","Gm20","LC",10,"LC",8,"LC","LC",0.2,"LC",0,0,"LC","","A3_nat, A2b, B1i_rod, B1i_inv, B1iii_sp, B2i_rod, B2i_inv, B2iii_sp, ","RLE not adjusted"
"259","Gm21","LC",23,"LC",7,"LC","LC",0.1,"LC",0,1,"LC","","A3_nat, A2b, B1i_rod, B1i_inv, B1iii_sp, B2i_rod, B2i_inv, B2iii_sp, ","RLE not adjusted"
"260","Gm22","VU",50,"LC",17,"LC","LC",0.3,"LC",0,4,"EN","B1i_rod","A3_nat, A3_mpl, A2b, B1i_rod, B1i_inv, B1iii_sp, B2i_rod, B2i_inv, B2iii_sp, ","RLE adjusted"
"261","Gm23","LC",45,"LC",7,"LC","LC",0.1,"LC",0,4,"LC","","A3_nat, A2b, B1i_rod, B1i_inv, B1iii_sp, B2i_rod, B2i_inv, B2iii_sp, ","RLE not adjusted"
"262","Gm24","LC",7,"LC",1,"LC","LC",0,"LC",0,2,"LC","","A3_nat, A2b, B1i_rod, B1i_inv, B1iii_sp, B2i_rod, B2i_inv, B2iii_sp, ","RLE not adjusted"
"263","Gm25","EN",76,"VU",32,"CR","EN",0.6,"LC",0,9,"CR","B1i_rod","A3_nat, A2b, B1i_rod, B2i_rod, ","RLE not adjusted"
"264","Gm26","LC",7,"LC",2,"LC","LC",0,"LC",0,3,"LC","","A3_nat, A2b, B1i_rod, B1i_inv, B1iii_sp, B2i_rod, B2i_inv, B2iii_sp, ","RLE not adjusted"
"265","Gm27","LC",3,"LC",1,"LC","LC",0,"LC",0,1,"LC","","A3_nat, A2b, B1i_rod, B1i_inv, B1iii_sp, B2i_rod, B2i_inv, B2iii_sp, ","RLE not adjusted"
"266","Gm28","LC",2,"LC",1,"LC","LC",0,"LC",0,5,"LC","","A3_nat, A2b, B1i_rod, B1i_inv, B1iii_sp, B2i_rod, B2i_inv, B2iii_sp, ","RLE not adjusted"
"267","Gm29","LC",4,"LC",1,"LC","LC",0,"LC",0,0,"LC","","A3_nat, A2b, B1i_rod, B1i_inv, B1iii_sp, B2i_rod, B2i_inv, B2iii_sp, ","RLE not adjusted"
"268","Gm3","VU",60,"LC",21,"VU","LC",0.4,"LC",0,1,"VU","A3_nat, B1i_rod","A3_nat, A2b, B1i_rod, B2i_rod, B2i_inv, B2iii_sp, ","RLE not adjusted"
"269","Gm30","LC",22,"LC",17,"LC","LC",0.3,"LC",0,3,"LC","","A3_nat, A3_mpl, A2b, B1i_rod, B1i_inv, B1iii_sp, B2i_rod, B2i_inv, B2iii_sp, ","RLE not adjusted"
"270","Gm31","LC",39,"LC",12,"LC","LC",0.2,"LC",0,2,"LC","","A3_nat, A3_mpl, A2b, B1i_rod, B1i_inv, B1iii_sp, B2i_rod, B2i_inv, B2iii_sp, ","RLE not adjusted"
"271","Gm4","LC",48,"LC",13,"LC","LC",0.3,"LC",0,1,"LC","","A3_nat, A2b, B1i_rod, B1i_inv, B1iii_sp, B2i_rod, B2i_inv, B2iii_sp, ","RLE not adjusted"
"272","Gm5","LC",29,"LC",4,"LC","LC",0.1,"LC",0,2,"LC","","A3_nat, A2b, B1i_rod, B1i_inv, B1iii_sp, B2i_rod, B2i_inv, B2iii_sp, ","RLE not adjusted"
"273","Gm6","LC",45,"LC",15,"LC","LC",0.3,"LC",0,0,"LC","","A3_nat, A2b, B1i_rod, B1i_inv, B1iii_sp, B2i_rod, B2i_inv, B2iii_sp, ","RLE not adjusted"
"274","Gm7","LC",8,"LC",3,"LC","LC",0.1,"LC",0,0,"LC","","A3_nat, A2b, B1i_rod, B1i_inv, B1iii_sp, B2i_rod, B2i_inv, B2iii_sp, ","RLE not adjusted"
"275","Gm8","VU",62,"LC",23,"VU","LC",0.5,"LC",0,1,"VU","A3_nat, B1i_rod","A3_nat, A2b, B1i_rod, B2i_rod, B2i_inv, B2iii_sp, ","RLE not adjusted"
"276","Gm9","VU",67,"VU",33,"EN","VU",0.7,"LC",0,0,"EN","B1i_rod","A3_nat, A2b, B1i_rod, B2i_rod, ","RLE not adjusted"
"277","Gs1","LC",44,"LC",27,"EN","VU",0.5,"LC",0,3,"EN","B1i_rod","A3_nat, A3_kzn, A2b, B1i_rod, B2i_rod, ","RLE not adjusted"
"278","Gs10","LC",31,"LC",13,"LC","LC",0.3,"LC",0,8,"LC","","A3_nat, A2b, B1i_rod, B1i_inv, B1iii_sp, B2i_rod, B2i_inv, B2iii_sp, ","RLE not adjusted"
"279","Gs11","VU",56,"LC",25,"EN","VU",0.5,"LC",0,6,"EN","B1i_rod","A3_nat, A2b, B1i_rod, B2i_rod, ","RLE not adjusted"
"280","Gs12","LC",46,"LC",17,"LC","LC",0.3,"LC",0,9,"EN","B1i_rod","A3_nat, A2b, B1i_rod, B1i_inv, B1iii_sp, B2i_rod, B2i_inv, B2iii_sp, ","RLE adjusted"
"281","Gs13","EN",70,"VU",32,"CR","EN",0.6,"LC",0,1,"CR","B1i_rod","A3_nat, A2b, B1i_rod, B2i_rod, ","RLE not adjusted"
"282","Gs14","VU",60,"LC",22,"EN","LC",0.4,"LC",0,3,"EN","B1i_rod","A3_nat, A2b, B1i_rod, B2i_rod, B2i_inv, B2iii_sp, ","RLE not adjusted"
"283","Gs15","LC",40,"LC",10,"LC","LC",0.2,"LC",0,2,"LC","","A3_nat, A2b, B1i_rod, B1i_inv, B1iii_sp, B2i_rod, B2i_inv, B2iii_sp, ","RLE not adjusted"
"284","Gs16","LC",17,"LC",6,"LC","LC",0.1,"LC",0,0,"LC","","A3_nat, A2b, B1i_rod, B1i_inv, B1iii_sp, B2i_rod, B2i_inv, B2iii_sp, ","RLE not adjusted"
"285","Gs17","LC",2,"LC",1,"LC","LC",0,"LC",0,1,"LC","","A3_nat, A2b, B1i_rod, B1i_inv, B1iii_sp, B2i_rod, B2i_inv, B2iii_sp, ","RLE not adjusted"
"286","Gs18","LC",2,"LC",1,"LC","LC",0,"LC",0,0,"LC","","A3_nat, A2b, B1i_rod, B1i_inv, B1iii_sp, B2i_rod, B2i_inv, B2iii_sp, D3_step","RLE not adjusted"
"287","Gs19","VU",56,"LC",22,"VU","LC",0.4,"LC",0,9,"VU","A3_nat, B1i_rod","A3_nat, A2b, B1i_rod, B2i_rod, B2i_inv, B2iii_sp, ","RLE not adjusted"
"288","Gs2","LC",20,"LC",7,"LC","LC",0.1,"LC",0,1,"LC","","A3_nat, A2b, B1i_rod, B1i_inv, B1iii_sp, B2i_rod, B2i_inv, B2iii_sp, ","RLE not adjusted"
"289","Gs20","VU",64,"LC",23,"VU","LC",0.5,"LC",0,10,"VU","A3_nat, B1i_rod","A3_nat, A2b, B1i_rod, B2i_rod, B2i_inv, B2iii_sp, ","RLE not adjusted"
"290","Gs3","LC",10,"LC",4,"LC","LC",0.1,"LC",0,6,"LC","","A3_nat, A2b, B1i_rod, B1i_inv, B1iii_sp, B2i_rod, B2i_inv, B2iii_sp, ","RLE not adjusted"
"291","Gs4","LC",40,"LC",18,"VU","LC",0.4,"LC",0,3,"VU","B1i_rod","A3_nat, A3_kzn, A2b, B1i_rod, B2i_rod, B2i_inv, B2iii_sp, ","RLE not adjusted"
"292","Gs6","LC",37,"LC",14,"LC","LC",0.3,"LC",0,2,"LC","","A3_nat, A3_kzn, A2b, B1i_rod, B1i_inv, B1iii_sp, B2i_rod, B2i_inv, B2iii_sp, ","RLE not adjusted"
"293","Gs7","VU",54,"LC",19,"EN","LC",0.4,"LC",0,0,"EN","B1i_rod","A3_kzn, A2b, B1i_rod, B2i_rod, B2i_inv, B2iii_sp, ","RLE not adjusted"
"294","Gs8","LC",36,"LC",25,"EN","LC",0.5,"LC",0,2,"EN","B1i_rod","A3_nat, A3_kzn, A2b, B1i_rod, B2i_rod, B2i_inv, B2iii_sp, ","RLE not adjusted"
"295","Gs9","EN",71,"VU",35,"VU","LC",0.7,"LC",0,7,"EN","A3_nat","A3_nat, A2b, B1i_rod, B2i_rod, B2i_inv, B2iii_sp, ","RLE not adjusted"
"296","NKb1","LC",1,"LC",1,"LC","LC",0,"LC",0,0,"LC","","A3_nat, A2b, B1i_rod, B1i_inv, B1iii_sp, B2i_rod, B2i_inv, B2iii_sp, ","RLE not adjusted"
"297","NKb2","LC",1,"LC",1,"LC","LC",0,"LC",0,0,"LC","","A3_nat, A2b, B1i_rod, B1i_inv, B1iii_sp, B2i_rod, B2i_inv, B2iii_sp, ","RLE not adjusted"
"298","NKb3","LC",1,"LC",1,"LC","LC",0,"LC",0,0,"LC","","A3_nat, A2b, B1i_rod, B1i_inv, B1iii_sp, B2i_rod, B2i_inv, B2iii_sp, ","RLE not adjusted"
"299","NKb4","LC",0,"LC",0,"LC","LC",0,"LC",0,0,"LC","","A3_nat, A2b, B1i_rod, B1i_inv, B1iii_sp, B2i_rod, B2i_inv, B2iii_sp, ","RLE not adjusted"
"300","NKb5","LC",1,"LC",1,"LC","LC",0,"LC",0,0,"LC","","A3_nat, A2b, B1i_rod, B1i_inv, B1iii_sp, B2i_rod, B2i_inv, B2iii_sp, ","RLE not adjusted"
"301","NKb6","LC",1,"LC",1,"LC","LC",0,"LC",0,0,"LC","","A3_nat, A2b, B1i_rod, B1i_inv, B1iii_sp, B2i_rod, B2i_inv, B2iii_sp, ","RLE not adjusted"
"302","NKl1","LC",1,"LC",1,"LC","LC",0,"LC",0,0,"LC","","A3_nat, A2b, B1i_rod, B1i_inv, B1iii_sp, B2i_rod, B2i_inv, B2iii_sp, ","RLE not adjusted"
"303","NKl2","LC",2,"LC",1,"LC","LC",0,"LC",0,0,"LC","","A3_nat, A2b, B1i_rod, B1i_inv, B1iii_sp, B2i_rod, B2i_inv, B2iii_sp, ","RLE not adjusted"
"304","NKl4","LC",8,"LC",4,"LC","LC",0.1,"LC",0,0,"LC","","A3_nat, A2b, B1i_rod, B1i_inv, B1iii_sp, B2i_rod, B2i_inv, B2iii_sp, D3_step","RLE not adjusted"
"305","NKu1","LC",1,"LC",1,"LC","LC",0,"LC",0,0,"LC","","A3_nat, A2b, B1i_rod, B1i_inv, B1iii_sp, B2i_rod, B2i_inv, B2iii_sp, ","RLE not adjusted"
"306","NKu2","LC",0,"LC",0,"LC","LC",0,"LC",0,0,"LC","","A3_nat, A2b, B1i_rod, B1i_inv, B1iii_sp, B2i_rod, B2i_inv, B2iii_sp, ","RLE not adjusted"
"307","NKu3","LC",5,"LC",2,"LC","LC",0,"LC",0,0,"LC","","A3_nat, A2b, B1i_rod, B1i_inv, B1iii_sp, B2i_rod, B2i_inv, B2iii_sp, ","RLE not adjusted"
"308","NKu4","LC",4,"LC",1,"LC","LC",0,"LC",0,0,"LC","","A3_nat, A2b, B1i_rod, B1i_inv, B1iii_sp, B2i_rod, B2i_inv, B2iii_sp, ","RLE not adjusted"
"309","SKk1","LC",0,"LC",0,"LC","LC",0,"LC",0,0,"LC","","A3_nat, A2b, B1i_rod, B1i_inv, B1iii_sp, B2i_rod, B2i_inv, B2iii_sp, ","RLE not adjusted"
"310","SKk2","LC",1,"LC",0,"LC","LC",0,"LC",0,0,"LC","","A3_nat, A3_wc, A2b, B1i_rod, B1i_inv, B1iii_sp, B2i_rod, B2i_inv, B2iii_sp, ","RLE not adjusted"
"311","SKk3","LC",3,"LC",1,"LC","LC",0,"LC",0,0,"LC","","A3_nat, A3_wc, A2b, B1i_rod, B1i_inv, B1iii_sp, B2i_rod, B2i_inv, B2iii_sp, ","RLE not adjusted"
"312","SKk4","LC",0,"LC",0,"LC","LC",0,"LC",0,0,"LC","","A3_nat, A2b, B1i_rod, B1i_inv, B1iii_sp, B2i_rod, B2i_inv, B2iii_sp, ","RLE not adjusted"
"313","SKk5","LC",15,"LC",5,"LC","LC",0.1,"LC",0,1,"LC","","A3_nat, A3_wc, A2b, B1i_rod, B1i_inv, B1iii_sp, B2i_rod, B2i_inv, B2iii_sp, ","RLE not adjusted"
"314","SKk6","LC",6,"LC",3,"LC","LC",0.1,"LC",0,0,"LC","","A3_nat, A3_wc, A2b, B1i_rod, B1i_inv, B1iii_sp, B2i_rod, B2i_inv, B2iii_sp, ","RLE not adjusted"
"315","SKk7","LC",28,"LC",14,"LC","LC",0.3,"LC",0,2,"LC","","A3_nat, A3_wc, A2b, B1i_rod, B1i_inv, B1iii_sp, B2i_rod, B2i_inv, B2iii_sp, ","RLE not adjusted"
"316","SKk8","EN",76,"VU",43,"CR","CR",0.9,"LC",0,0,"CR","B1i_rod, B2i_rod","A3_nat, A3_wc, A2b, B1i_rod, B2i_rod, ","RLE not adjusted"
"317","SKk9","LC",2,"LC",2,"LC","LC",0,"LC",0,0,"LC","","A3_nat, A2b, B1i_rod, B1i_inv, B1iii_sp, B2i_rod, B2i_inv, B2iii_sp, ","RLE not adjusted"
"318","SKn1","LC",3,"LC",1,"LC","LC",0,"LC",0,0,"LC","","A3_nat, A2b, B1i_rod, B1i_inv, B1iii_sp, B2i_rod, B2i_inv, B2iii_sp, ","RLE not adjusted"
"319","SKn2","LC",1,"LC",0,"LC","LC",0,"LC",0,0,"LC","","A3_nat, A2b, B1i_rod, B1i_inv, B1iii_sp, B2i_rod, B2i_inv, B2iii_sp, ","RLE not adjusted"
"320","SKn3","LC",7,"LC",1,"LC","LC",0,"LC",0,0,"LC","","A3_nat, A2b, B1i_rod, B1i_inv, B1iii_sp, B2i_rod, B2i_inv, B2iii_sp, ","RLE not adjusted"
"321","SKn4","LC",9,"LC",2,"LC","LC",0,"LC",0,0,"LC","","A3_nat, A2b, B1i_rod, B1i_inv, B1iii_sp, B2i_rod, B2i_inv, B2iii_sp, ","RLE not adjusted"
"322","SKn5","LC",0,"LC",1,"LC","LC",0,"LC",0,0,"LC","","A3_nat, A2b, B1i_rod, B1i_inv, B1iii_sp, B2i_rod, B2i_inv, B2iii_sp, ","RLE not adjusted"
"323","SKn6","LC",1,"LC",0,"LC","LC",0,"LC",0,0,"LC","","A3_nat, A2b, B1i_rod, B1i_inv, B1iii_sp, B2i_rod, B2i_inv, B2iii_sp, ","RLE not adjusted"
"324","SKn7","LC",8,"LC",2,"LC","LC",0,"LC",0,0,"LC","","A3_nat, A3_wc, A2b, B1i_rod, B1i_inv, B1iii_sp, B2i_rod, B2i_inv, B2iii_sp, ","RLE not adjusted"
"325","SKr1","LC",0,"LC",0,"LC","LC",0,"LC",0,0,"LC","","A3_nat, A2b, B1i_rod, B1i_inv, B1iii_sp, B2i_rod, B2i_inv, B2iii_sp, ","RLE not adjusted"
"326","SKr10","LC",0,"LC",0,"LC","LC",0,"LC",0,0,"LC","","A3_nat, A2b, B1i_rod, B1i_inv, B1iii_sp, B2i_rod, B2i_inv, B2iii_sp, ","RLE not adjusted"
"327","SKr11","LC",1,"LC",1,"LC","LC",0,"LC",0,0,"LC","","A3_nat, A2b, B1i_rod, B1i_inv, B1iii_sp, B2i_rod, B2i_inv, B2iii_sp, ","RLE not adjusted"
"328","SKr12","LC",0,"LC",0,"LC","LC",0,"LC",0,0,"LC","","A3_nat, A2b, B1i_rod, B1i_inv, B1iii_sp, B2i_rod, B2i_inv, B2iii_sp, ","RLE not adjusted"
"329","SKr13","LC",0,"LC",0,"LC","LC",0,"LC",0,0,"LC","","A3_nat, A2b, B1i_rod, B1i_inv, B1iii_sp, B2i_rod, B2i_inv, B2iii_sp, ","RLE not adjusted"
"330","SKr14","LC",0,"LC",0,"LC","LC",0,"LC",0,0,"LC","","A3_nat, A2b, B1i_rod, B1i_inv, B1iii_sp, B2i_rod, B2i_inv, B2iii_sp, ","RLE not adjusted"
"331","SKr15","LC",17,"LC",2,"LC","LC",0,"LC",0,0,"LC","","A3_nat, A2b, B1i_rod, B1i_inv, B1iii_sp, B2i_rod, B2i_inv, B2iii_sp, ","RLE not adjusted"
"332","SKr16","LC",0,"LC",0,"LC","LC",0,"LC",0,0,"LC","","A3_nat, A2b, B1i_rod, B1i_inv, B1iii_sp, B2i_rod, B2i_inv, B2iii_sp, ","RLE not adjusted"
"333","SKr17","LC",0,"LC",0,"LC","LC",0,"LC",0,0,"LC","","A3_nat, A2b, B1i_rod, B1i_inv, B1iii_sp, B2i_rod, B2i_inv, B2iii_sp, ","RLE not adjusted"
"334","SKr18","LC",1,"LC",1,"LC","LC",0,"LC",0,0,"LC","","A3_nat, A2b, B1i_rod, B1i_inv, B1iii_sp, B2i_rod, B2i_inv, B2iii_sp, ","RLE not adjusted"
"335","SKr19","LC",1,"LC",1,"LC","LC",0,"LC",0,0,"LC","","A3_nat, A2b, B1i_rod, B1i_inv, B1iii_sp, B2i_rod, B2i_inv, B2iii_sp, ","RLE not adjusted"
"336","SKr2","LC",0,"LC",0,"LC","LC",0,"LC",0,0,"LC","","A3_nat, A2b, B1i_rod, B1i_inv, B1iii_sp, B2i_rod, B2i_inv, B2iii_sp, ","RLE not adjusted"
"337","SKr3","LC",0,"LC",0,"LC","LC",0,"LC",0,0,"LC","","A3_nat, A2b, B1i_rod, B1i_inv, B1iii_sp, B2i_rod, B2i_inv, B2iii_sp, ","RLE not adjusted"
"338","SKr4","LC",1,"LC",0,"LC","LC",0,"LC",0,0,"LC","","A3_nat, A2b, B1i_rod, B1i_inv, B1iii_sp, B2i_rod, B2i_inv, B2iii_sp, ","RLE not adjusted"
"339","SKr5","LC",0,"LC",0,"LC","LC",0,"LC",0,0,"LC","","A3_nat, A2b, B1i_rod, B1i_inv, B1iii_sp, B2i_rod, B2i_inv, B2iii_sp, ","RLE not adjusted"
"340","SKr6","LC",0,"LC",0,"LC","LC",0,"LC",0,0,"LC","","A3_nat, A2b, B1i_rod, B1i_inv, B1iii_sp, B2i_rod, B2i_inv, B2iii_sp, ","RLE not adjusted"
"341","SKr7","LC",0,"LC",0,"LC","LC",0,"LC",0,0,"LC","","A3_nat, A2b, B1i_rod, B1i_inv, B1iii_sp, B2i_rod, B2i_inv, B2iii_sp, ","RLE not adjusted"
"342","SKr8","LC",0,"LC",0,"LC","LC",0,"LC",0,0,"LC","","A3_nat, A2b, B1i_rod, B1i_inv, B1iii_sp, B2i_rod, B2i_inv, B2iii_sp, ","RLE not adjusted"
"343","SKr9","LC",0,"LC",0,"LC","LC",0,"LC",0,0,"LC","","A3_nat, A2b, B1i_rod, B1i_inv, B1iii_sp, B2i_rod, B2i_inv, B2iii_sp, ","RLE not adjusted"
"344","SKs1","LC",39,"LC",18,"CR","EN",0.4,"LC",0,0,"CR","B1i_rod","A3_nat, A2b, B1i_rod, B2i_rod, ","RLE not adjusted"
"345","SKs10","LC",2,"LC",0,"LC","LC",0,"LC",0,0,"LC","","A3_nat, A2b, B1i_rod, B1i_inv, B1iii_sp, B2i_rod, B2i_inv, B2iii_sp, ","RLE not adjusted"
"346","SKs11","LC",0,"LC",0,"LC","LC",0,"LC",0,0,"LC","","A3_nat, A2b, B1i_rod, B1i_inv, B1iii_sp, B2i_rod, B2i_inv, B2iii_sp, ","RLE not adjusted"
"347","SKs12","LC",5,"LC",2,"LC","LC",0,"LC",0,0,"LC","","A3_nat, A3_wc, A2b, B1i_rod, B1i_inv, B1iii_sp, B2i_rod, B2i_inv, B2iii_sp, ","RLE not adjusted"
"348","SKs13","LC",44,"LC",27,"CR","EN",0.5,"LC",0,1,"CR","B1i_rod","A3_nat, A3_wc, A2b, B1i_rod, B2i_rod, ","RLE not adjusted"
"349","SKs14","LC",23,"LC",5,"LC","LC",0.1,"LC",0,0,"LC","","A3_nat, A2b, B1i_rod, B1i_inv, B1iii_sp, B2i_rod, B2i_inv, B2iii_sp, ","RLE not adjusted"
"350","SKs2","LC",2,"LC",1,"LC","LC",0,"LC",0,0,"LC","","A3_nat, A2b, B1i_rod, B1i_inv, B1iii_sp, B2i_rod, B2i_inv, B2iii_sp, ","RLE not adjusted"
"351","SKs3","LC",9,"LC",3,"LC","LC",0.1,"LC",0,0,"LC","","A3_nat, A2b, B1i_rod, B1i_inv, B1iii_sp, B2i_rod, B2i_inv, B2iii_sp, ","RLE not adjusted"
"352","SKs4","LC",2,"LC",1,"LC","LC",0,"LC",0,0,"LC","","A3_nat, A2b, B1i_rod, B1i_inv, B1iii_sp, B2i_rod, B2i_inv, B2iii_sp, ","RLE not adjusted"
"353","SKs5","LC",0,"LC",0,"LC","LC",0,"LC",0,0,"LC","","A3_nat, A2b, B1i_rod, B1i_inv, B1iii_sp, B2i_rod, B2i_inv, B2iii_sp, ","RLE not adjusted"
"354","SKs6","LC",0,"LC",0,"LC","LC",0,"LC",0,0,"LC","","A3_nat, A2b, B1i_rod, B1i_inv, B1iii_sp, B2i_rod, B2i_inv, B2iii_sp, ","RLE not adjusted"
"355","SKs7","LC",19,"LC",4,"LC","LC",0.1,"LC",0,0,"LC","","A3_nat, A2b, B1i_rod, B1i_inv, B1iii_sp, B2i_rod, B2i_inv, B2iii_sp, ","RLE not adjusted"
"356","SKs8","LC",16,"LC",6,"LC","LC",0.1,"LC",0,0,"LC","","A3_nat, A2b, B1i_rod, B1i_inv, B1iii_sp, B2i_rod, B2i_inv, B2iii_sp, ","RLE not adjusted"
"357","SKs9","LC",4,"LC",4,"LC","LC",0.1,"LC",0,0,"LC","","A3_nat, A2b, B1i_rod, B1i_inv, B1iii_sp, B2i_rod, B2i_inv, B2iii_sp, ","RLE not adjusted"
"358","SKt1","LC",0,"LC",1,"LC","LC",0,"LC",0,0,"LC","","A3_nat, A2b, B1i_rod, B1i_inv, B1iii_sp, B2i_rod, B2i_inv, B2iii_sp, ","RLE not adjusted"
"359","SKt2","LC",4,"LC",1,"LC","LC",0,"LC",0,0,"LC","","A3_nat, A2b, B1i_rod, B1i_inv, B1iii_sp, B2i_rod, B2i_inv, B2iii_sp, ","RLE not adjusted"
"360","SKt3","LC",3,"LC",1,"LC","LC",0,"LC",0,0,"LC","","A3_nat, A2b, B1i_rod, B1i_inv, B1iii_sp, B2i_rod, B2i_inv, B2iii_sp, ","RLE not adjusted"
"361","SKv1","LC",17,"LC",7,"LC","LC",0.1,"LC",0,0,"LC","","A3_nat, A2b, B1i_rod, B1i_inv, B1iii_sp, B2i_rod, B2i_inv, B2iii_sp, ","RLE not adjusted"
"362","SKv10","LC",6,"LC",3,"LC","LC",0.1,"LC",19,0,"LC","","A3_nat, A3_wc, A2b, B1i_rod, B1i_inv, B1iii_sp, B2i_rod, B2i_inv, B2iii_sp, D3_lk","RLE not adjusted"
"363","SKv11","LC",12,"LC",5,"LC","LC",0.1,"LC",24,0,"EN","D1_elk","A3_nat, A3_wc, A2b, B1i_rod, B1i_inv, B1iii_sp, B2i_rod, B2i_inv, B2iii_sp, D3_lk","RLE adjusted"
"364","SKv13","LC",2,"LC",1,"LC","LC",0,"LC",0,0,"LC","","A3_nat, A2b, B1i_rod, B1i_inv, B1iii_sp, B2i_rod, B2i_inv, B2iii_sp, D3_step","RLE not adjusted"
"365","SKv14","LC",3,"LC",1,"LC","LC",0,"LC",0,0,"LC","","A3_nat, A2b, B1i_rod, B1i_inv, B1iii_sp, B2i_rod, B2i_inv, B2iii_sp, D3_step","RLE not adjusted"
"366","SKv2","LC",0,"LC",1,"LC","LC",0,"LC",0,0,"LC","","A3_nat, A2b, B1i_rod, B1i_inv, B1iii_sp, B2i_rod, B2i_inv, B2iii_sp, ","RLE not adjusted"
"367","SKv3","LC",3,"LC",1,"LC","LC",0,"LC",0,0,"LC","","A3_nat, A2b, B1i_rod, B1i_inv, B1iii_sp, B2i_rod, B2i_inv, B2iii_sp, ","RLE not adjusted"
"368","SKv4","LC",0,"LC",0,"LC","LC",0,"LC",0,0,"LC","","A3_nat, A2b, B1i_rod, B1i_inv, B1iii_sp, B2i_rod, B2i_inv, B2iii_sp, ","RLE not adjusted"
"369","SKv5","LC",1,"LC",0,"LC","LC",0,"LC",0,0,"LC","","A3_nat, A2b, B1i_rod, B1i_inv, B1iii_sp, B2i_rod, B2i_inv, B2iii_sp, ","RLE not adjusted"
"370","SKv6","LC",1,"LC",1,"LC","LC",0,"LC",0,0,"LC","","A3_nat, A2b, B1i_rod, B1i_inv, B1iii_sp, B2i_rod, B2i_inv, B2iii_sp, ","RLE not adjusted"
"371","SKv7","LC",21,"LC",10,"LC","LC",0.2,"LC",0,0,"LC","","A3_nat, A3_wc, A2b, B1i_rod, B1i_inv, B1iii_sp, B2i_rod, B2i_inv, B2iii_sp, ","RLE not adjusted"
"372","SKv8","LC",4,"LC",2,"LC","LC",0,"LC",0,0,"LC","","A3_nat, A3_wc, A2b, B1i_rod, B1i_inv, B1iii_sp, B2i_rod, B2i_inv, B2iii_sp, ","RLE not adjusted"
"373","SVcb1","LC",23,"LC",9,"LC","LC",0.2,"LC",0,0,"LC","","A3_nat, A2b, B1i_rod, B1i_inv, B1iii_sp, B2i_rod, B2i_inv, B2iii_sp, ","RLE not adjusted"
"374","SVcb10","LC",36,"LC",20,"EN","LC",0.4,"LC",0,2,"EN","B1i_rod","A3_nat, A2b, B1i_rod, B2i_rod, B2i_inv, B2iii_sp, ","RLE not adjusted"
"375","SVcb11","LC",24,"LC",9,"LC","LC",0.2,"LC",0,1,"LC","","A3_nat, A2b, B1i_rod, B1i_inv, B1iii_sp, B2i_rod, B2i_inv, B2iii_sp, ","RLE not adjusted"
"376","SVcb12","LC",38,"LC",16,"LC","LC",0.3,"LC",0,0,"LC","","A3_nat, A2b, B1i_rod, B1i_inv, B1iii_sp, B2i_rod, B2i_inv, B2iii_sp, ","RLE not adjusted"
"377","SVcb13","LC",7,"LC",3,"LC","LC",0.1,"LC",0,0,"LC","","A3_nat, A2b, B1i_rod, B1i_inv, B1iii_sp, B2i_rod, B2i_inv, B2iii_sp, ","RLE not adjusted"
"378","SVcb14","LC",42,"LC",7,"LC","LC",0.1,"LC",0,0,"LC","","A3_nat, A2b, B1i_rod, B1i_inv, B1iii_sp, B2i_rod, B2i_inv, B2iii_sp, ","RLE not adjusted"
"379","SVcb15","VU",60,"LC",22,"EN","LC",0.4,"LC",0,0,"EN","B1i_rod","A3_nat, A2b, B1i_rod, B2i_rod, B2i_inv, B2iii_sp, ","RLE not adjusted"
"380","SVcb16","LC",18,"LC",5,"LC","LC",0.1,"LC",0,0,"LC","","A3_nat, A2b, B1i_rod, B1i_inv, B1iii_sp, B2i_rod, B2i_inv, B2iii_sp, ","RLE not adjusted"
"381","SVcb17","LC",8,"LC",2,"LC","LC",0,"LC",0,0,"LC","","A3_nat, A2b, B1i_rod, B1i_inv, B1iii_sp, B2i_rod, B2i_inv, B2iii_sp, ","RLE not adjusted"
"382","SVcb18","LC",21,"LC",8,"LC","LC",0.2,"LC",0,0,"LC","","A3_nat, A2b, B1i_rod, B1i_inv, B1iii_sp, B2i_rod, B2i_inv, B2iii_sp, ","RLE not adjusted"
"383","SVcb19","LC",11,"LC",7,"LC","LC",0.1,"LC",0,0,"LC","","A3_nat, A2b, B1i_rod, B1i_inv, B1iii_sp, B2i_rod, B2i_inv, B2iii_sp, ","RLE not adjusted"
"384","SVcb2","LC",3,"LC",1,"LC","LC",0,"LC",0,0,"LC","","A3_nat, A2b, B1i_rod, B1i_inv, B1iii_sp, B2i_rod, B2i_inv, B2iii_sp, ","RLE not adjusted"
"385","SVcb20","LC",38,"LC",18,"EN","LC",0.4,"LC",0,0,"EN","B1i_rod","A3_nat, A2b, B1i_rod, B2i_rod, B2i_inv, B2iii_sp, ","RLE not adjusted"
"386","SVcb21","LC",27,"LC",10,"LC","LC",0.2,"LC",0,5,"LC","","A3_nat, A2b, B1i_rod, B1i_inv, B1iii_sp, B2i_rod, B2i_inv, B2iii_sp, ","RLE not adjusted"
"387","SVcb22","LC",12,"LC",13,"LC","LC",0.3,"LC",0,11,"LC","","A3_nat, A2b, B1i_rod, B1i_inv, B1iii_sp, B2i_rod, B2i_inv, B2iii_sp, ","RLE not adjusted"
"388","SVcb23","LC",43,"LC",20,"EN","LC",0.4,"LC",0,0,"EN","B1i_rod","A3_nat, A2b, B1i_rod, B2i_rod, B2i_inv, B2iii_sp, ","RLE not adjusted"
"389","SVcb24","LC",11,"LC",3,"LC","LC",0.1,"LC",0,1,"LC","","A3_nat, A2b, B1i_rod, B1i_inv, B1iii_sp, B2i_rod, B2i_inv, B2iii_sp, ","RLE not adjusted"
"390","SVcb25","LC",8,"LC",4,"LC","LC",0.1,"LC",0,0,"LC","","A3_nat, A2b, B1i_rod, B1i_inv, B1iii_sp, B2i_rod, B2i_inv, B2iii_sp, ","RLE not adjusted"
"391","SVcb26","LC",13,"LC",6,"LC","LC",0.1,"LC",0,1,"LC","","A3_nat, A2b, B1i_rod, B1i_inv, B1iii_sp, B2i_rod, B2i_inv, B2iii_sp, ","RLE not adjusted"
"392","SVcb27","VU",52,"VU",39,"EN","VU",0.8,"LC",0,0,"EN","B1i_rod","A3_nat, A2b, B1i_rod, B2i_rod, ","RLE not adjusted"
"393","SVcb28","LC",22,"LC",13,"LC","LC",0.3,"LC",0,0,"LC","","A3_nat, A2b, B1i_rod, B1i_inv, B1iii_sp, B2i_rod, B2i_inv, B2iii_sp, ","RLE not adjusted"
"394","SVcb29","LC",4,"LC",1,"LC","LC",0,"LC",0,0,"LC","","A3_nat, A2b, B1i_rod, B1i_inv, B1iii_sp, B2i_rod, B2i_inv, B2iii_sp, ","RLE not adjusted"
"395","SVcb3","LC",33,"LC",10,"LC","LC",0.2,"LC",0,0,"LC","","A3_nat, A2b, B1i_rod, B1i_inv, B1iii_sp, B2i_rod, B2i_inv, B2iii_sp, ","RLE not adjusted"
"396","SVcb4","LC",11,"LC",4,"LC","LC",0.1,"LC",0,0,"LC","","A3_nat, A2b, B1i_rod, B1i_inv, B1iii_sp, B2i_rod, B2i_inv, B2iii_sp, ","RLE not adjusted"
"397","SVcb5","LC",2,"LC",0,"LC","LC",0,"LC",0,0,"LC","","A3_nat, A2b, B1i_rod, B1i_inv, B1iii_sp, B2i_rod, B2i_inv, B2iii_sp, ","RLE not adjusted"
"398","SVcb6","VU",69,"VU",43,"EN","VU",0.9,"LC",0,1,"EN","B1i_rod","A3_nat, A2b, B1i_rod, B2i_rod, ","RLE not adjusted"
"399","SVcb7","LC",27,"LC",20,"EN","VU",0.4,"LC",0,0,"EN","B1i_rod","A3_nat, A2b, B1i_rod, B2i_rod, ","RLE not adjusted"
"400","SVcb8","VU",54,"LC",28,"EN","LC",0.6,"LC",0,1,"EN","B1i_rod","A3_nat, A2b, B1i_rod, B2i_rod, B2i_inv, B2iii_sp, ","RLE not adjusted"
"401","SVcb9","LC",16,"LC",7,"LC","LC",0.1,"LC",0,1,"LC","","A3_nat, A2b, B1i_rod, B1i_inv, B1iii_sp, B2i_rod, B2i_inv, B2iii_sp, ","RLE not adjusted"
"402","SVk1","LC",22,"LC",4,"LC","LC",0.1,"LC",0,0,"LC","","A3_nat, A2b, B1i_rod, B1i_inv, B1iii_sp, B2i_rod, B2i_inv, B2iii_sp, ","RLE not adjusted"
"403","SVk10","LC",5,"LC",2,"LC","LC",0,"LC",0,0,"LC","","A3_nat, A2b, B1i_rod, B1i_inv, B1iii_sp, B2i_rod, B2i_inv, B2iii_sp, ","RLE not adjusted"
"404","SVk11","LC",2,"LC",0,"LC","LC",0,"LC",0,0,"LC","","A3_nat, A2b, B1i_rod, B1i_inv, B1iii_sp, B2i_rod, B2i_inv, B2iii_sp, ","RLE not adjusted"
"405","SVk12","LC",3,"LC",2,"LC","LC",0,"LC",0,0,"LC","","A3_nat, A2b, B1i_rod, B1i_inv, B1iii_sp, B2i_rod, B2i_inv, B2iii_sp, ","RLE not adjusted"
"406","SVk13","LC",1,"LC",1,"LC","LC",0,"LC",0,0,"LC","","A3_nat, A2b, B1i_rod, B1i_inv, B1iii_sp, B2i_rod, B2i_inv, B2iii_sp, ","RLE not adjusted"
"407","SVk14","LC",5,"LC",3,"LC","LC",0.1,"LC",0,0,"LC","","A3_nat, A2b, B1i_rod, B1i_inv, B1iii_sp, B2i_rod, B2i_inv, B2iii_sp, ","RLE not adjusted"
"408","SVk15","LC",0,"LC",0,"LC","LC",0,"LC",0,0,"LC","","A3_nat, A2b, B1i_rod, B1i_inv, B1iii_sp, B2i_rod, B2i_inv, B2iii_sp, ","RLE not adjusted"
"409","SVk16","LC",0,"LC",0,"LC","LC",0,"LC",0,0,"LC","","A3_nat, A2b, B1i_rod, B1i_inv, B1iii_sp, B2i_rod, B2i_inv, B2iii_sp, ","RLE not adjusted"
"410","SVk17","LC",48,"LC",12,"LC","LC",0.2,"LC",0,0,"LC","","A3_nat, A2b, B1i_rod, B1i_inv, B1iii_sp, B2i_rod, B2i_inv, B2iii_sp, ","RLE not adjusted"
"411","SVk18","LC",5,"LC",2,"LC","LC",0,"LC",0,0,"LC","","A3_nat, A2b, B1i_rod, B1i_inv, B1iii_sp, B2i_rod, B2i_inv, B2iii_sp, ","RLE not adjusted"
"412","SVk2","LC",23,"LC",6,"LC","LC",0.1,"LC",0,0,"LC","","A3_nat, A2b, B1i_rod, B1i_inv, B1iii_sp, B2i_rod, B2i_inv, B2iii_sp, ","RLE not adjusted"
"413","SVk3","VU",58,"LC",14,"LC","LC",0.3,"LC",0,0,"VU","A3_nat","A3_nat, A2b, B1i_rod, B1i_inv, B1iii_sp, B2i_rod, B2i_inv, B2iii_sp, ","RLE not adjusted"
"414","SVk4","LC",25,"LC",8,"LC","LC",0.2,"LC",0,0,"LC","","A3_nat, A2b, B1i_rod, B1i_inv, B1iii_sp, B2i_rod, B2i_inv, B2iii_sp, ","RLE not adjusted"
"415","SVk5","LC",3,"LC",2,"LC","LC",0,"LC",0,0,"LC","","A3_nat, A2b, B1i_rod, B1i_inv, B1iii_sp, B2i_rod, B2i_inv, B2iii_sp, ","RLE not adjusted"
"416","SVk6","LC",21,"LC",6,"LC","LC",0.1,"LC",0,0,"LC","","A3_nat, A2b, B1i_rod, B1i_inv, B1iii_sp, B2i_rod, B2i_inv, B2iii_sp, ","RLE not adjusted"
"417","SVk7","LC",2,"LC",1,"LC","LC",0,"LC",0,0,"LC","","A3_nat, A2b, B1i_rod, B1i_inv, B1iii_sp, B2i_rod, B2i_inv, B2iii_sp, ","RLE not adjusted"
"418","SVk8","LC",4,"LC",1,"LC","LC",0,"LC",0,0,"LC","","A3_nat, A2b, B1i_rod, B1i_inv, B1iii_sp, B2i_rod, B2i_inv, B2iii_sp, ","RLE not adjusted"
"419","SVk9","LC",5,"LC",3,"LC","LC",0.1,"LC",0,0,"LC","","A3_nat, A2b, B1i_rod, B1i_inv, B1iii_sp, B2i_rod, B2i_inv, B2iii_sp, ","RLE not adjusted"
"420","SVkd1","LC",0,"LC",0,"LC","LC",0,"LC",0,0,"LC","","A3_nat, A2b, B1i_rod, B1i_inv, B1iii_sp, B2i_rod, B2i_inv, B2iii_sp, ","RLE not adjusted"
"421","SVkd2","LC",0,"LC",0,"LC","LC",0,"LC",0,0,"LC","","A3_nat, A2b, B1i_rod, B1i_inv, B1iii_sp, B2i_rod, B2i_inv, B2iii_sp, ","RLE not adjusted"
"422","SVkd3","LC",0,"LC",0,"LC","LC",0,"LC",0,0,"LC","","A3_nat, A2b, B1i_rod, B1i_inv, B1iii_sp, B2i_rod, B2i_inv, B2iii_sp, ","RLE not adjusted"
"423","SVkd4","LC",0,"LC",0,"LC","LC",0,"LC",0,0,"LC","","A3_nat, A2b, B1i_rod, B1i_inv, B1iii_sp, B2i_rod, B2i_inv, B2iii_sp, ","RLE not adjusted"
"424","SVl1","LC",24,"LC",11,"LC","LC",0.2,"LC",0,2,"LC","","A3_nat, A2b, B1i_rod, B1i_inv, B1iii_sp, B2i_rod, B2i_inv, B2iii_sp, ","RLE not adjusted"
"425","SVl10","LC",25,"LC",13,"LC","LC",0.3,"LC",0,1,"LC","","A3_nat, A3_mpl, A2b, B1i_rod, B1i_inv, B1iii_sp, B2i_rod, B2i_inv, B2iii_sp, ","RLE not adjusted"
"426","SVl11","LC",4,"LC",4,"LC","LC",0.1,"LC",0,0,"LC","","A3_nat, A3_mpl, A2b, B1i_rod, B1i_inv, B1iii_sp, B2i_rod, B2i_inv, B2iii_sp, ","RLE not adjusted"
"427","SVl12","LC",16,"LC",7,"LC","LC",0.1,"LC",0,3,"LC","","A3_nat, A3_mpl, A2b, B1i_rod, B1i_inv, B1iii_sp, B2i_rod, B2i_inv, B2iii_sp, ","RLE not adjusted"
"428","SVl13","LC",26,"LC",8,"LC","LC",0.2,"LC",0,3,"LC","","A3_nat, A3_mpl, A2b, B1i_rod, B1i_inv, B1iii_sp, B2i_rod, B2i_inv, B2iii_sp, ","RLE not adjusted"
"429","SVl14","LC",23,"LC",4,"LC","LC",0.1,"LC",0,0,"LC","","A3_nat, A2b, B1i_rod, B1i_inv, B1iii_sp, B2i_rod, B2i_inv, B2iii_sp, ","RLE not adjusted"
"430","SVl15","LC",0,"LC",0,"LC","LC",0,"LC",0,0,"LC","","A3_nat, A2b, B1i_rod, B1i_inv, B1iii_sp, B2i_rod, B2i_inv, B2iii_sp, ","RLE not adjusted"
"431","SVl16","LC",13,"LC",5,"LC","LC",0.1,"LC",0,1,"LC","","A3_nat, A2b, B1i_rod, B1i_inv, B1iii_sp, B2i_rod, B2i_inv, B2iii_sp, ","RLE not adjusted"
"432","SVl17","VU",68,"VU",39,"EN","EN",0.8,"LC",0,0,"EN","B1i_rod, B2i_rod","A3_nat, A2b, B1i_rod, B2i_rod, ","RLE not adjusted"
"433","SVl18","LC",20,"LC",11,"LC","LC",0.2,"LC",0,0,"LC","","A3_nat, A3_kzn, A2b, B1i_rod, B1i_inv, B1iii_sp, B2i_rod, B2i_inv, B2iii_sp, ","RLE not adjusted"
"434","SVl19","LC",24,"LC",27,"CR","EN",0.5,"LC",0,0,"CR","B1i_rod","A3_nat, A3_kzn, A2b, B1i_rod, B2i_rod, ","RLE not adjusted"
"435","SVl2","LC",0,"LC",0,"LC","LC",0,"LC",0,0,"LC","","A3_nat, A2b, B1i_rod, B1i_inv, B1iii_sp, B2i_rod, B2i_inv, B2iii_sp, ","RLE not adjusted"
"436","SVl20","VU",52,"VU",41,"EN","VU",0.8,"LC",0,1,"EN","B1i_rod","A3_nat, A3_kzn, A2b, B1i_rod, B2i_rod, ","RLE not adjusted"
"437","SVl21","LC",15,"LC",11,"LC","LC",0.2,"LC",0,1,"LC","","A3_nat, A3_kzn, A2b, B1i_rod, B1i_inv, B1iii_sp, B2i_rod, B2i_inv, B2iii_sp, ","RLE not adjusted"
"438","SVl22","LC",29,"LC",8,"LC","LC",0.2,"LC",0,2,"LC","","A3_nat, A2b, B1i_rod, B1i_inv, B1iii_sp, B2i_rod, B2i_inv, B2iii_sp, ","RLE not adjusted"
"439","SVl23","LC",33,"LC",10,"LC","LC",0.2,"LC",0,1,"LC","","A3_nat, A2b, B1i_rod, B1i_inv, B1iii_sp, B2i_rod, B2i_inv, B2iii_sp, ","RLE not adjusted"
"440","SVl24","EN",74,"VU",35,"CR","EN",0.7,"LC",0,0,"CR","B1i_rod","A3_nat, A2b, B1i_rod, B2i_rod, ","RLE not adjusted"
"441","SVl25","LC",26,"LC",14,"LC","LC",0.3,"LC",0,1,"LC","","A3_nat, A3_kzn, A2b, B1i_rod, B1i_inv, B1iii_sp, B2i_rod, B2i_inv, B2iii_sp, ","RLE not adjusted"
"442","SVl26","VU",52,"LC",24,"CR","VU",0.5,"LC",0,0,"CR","B1i_rod","A3_kzn, A2b, B1i_rod, B2i_rod, ","RLE not adjusted"
"443","SVl27","LC",14,"LC",5,"LC","LC",0.1,"LC",0,4,"LC","","A3_nat, A3_mpl, A2b, B1i_rod, B1i_inv, B1iii_sp, B2i_rod, B2i_inv, B2iii_sp, ","RLE not adjusted"
"444","SVl3","LC",25,"LC",9,"LC","LC",0.2,"LC",0,0,"LC","","A3_nat, A2b, B1i_rod, B1i_inv, B1iii_sp, B2i_rod, B2i_inv, B2iii_sp, ","RLE not adjusted"
"445","SVl4","LC",28,"LC",5,"LC","LC",0.1,"LC",0,0,"LC","","A3_nat, A2b, B1i_rod, B1i_inv, B1iii_sp, B2i_rod, B2i_inv, B2iii_sp, ","RLE not adjusted"
"446","SVl5","LC",17,"LC",6,"LC","LC",0.1,"LC",0,0,"LC","","A3_nat, A2b, B1i_rod, B1i_inv, B1iii_sp, B2i_rod, B2i_inv, B2iii_sp, ","RLE not adjusted"
"447","SVl6","LC",0,"LC",0,"LC","LC",0,"LC",0,0,"LC","","A3_nat, A3_mpl, A2b, B1i_rod, B1i_inv, B1iii_sp, B2i_rod, B2i_inv, B2iii_sp, ","RLE not adjusted"
"448","SVl7","LC",12,"LC",4,"LC","LC",0.1,"LC",0,1,"LC","","A3_nat, A2b, B1i_rod, B1i_inv, B1iii_sp, B2i_rod, B2i_inv, B2iii_sp, ","RLE not adjusted"
"449","SVl8","LC",49,"LC",19,"EN","LC",0.4,"LC",0,2,"EN","B1i_rod","A3_nat, A2b, B1i_rod, B2i_rod, B2i_inv, B2iii_sp, ","RLE not adjusted"
"450","SVl9","VU",52,"LC",26,"EN","LC",0.5,"LC",0,8,"EN","B1i_rod","A3_nat, A3_mpl, A2b, B1i_rod, B2i_rod, B2i_inv, B2iii_sp, ","RLE not adjusted"
"451","SVmp1","LC",8,"LC",5,"LC","LC",0.1,"LC",0,0,"LC","","A3_nat, A2b, B1i_rod, B1i_inv, B1iii_sp, B2i_rod, B2i_inv, B2iii_sp, ","RLE not adjusted"
"452","SVmp2","LC",2,"LC",1,"LC","LC",0,"LC",0,0,"LC","","A3_nat, A2b, B1i_rod, B1i_inv, B1iii_sp, B2i_rod, B2i_inv, B2iii_sp, ","RLE not adjusted"
"453","SVmp3","LC",0,"LC",0,"LC","LC",0,"LC",0,0,"LC","","A3_nat, A2b, B1i_rod, B1i_inv, B1iii_sp, B2i_rod, B2i_inv, B2iii_sp, ","RLE not adjusted"
"454","SVmp4","LC",0,"LC",0,"LC","LC",0,"LC",0,0,"LC","","A3_nat, A2b, B1i_rod, B1i_inv, B1iii_sp, B2i_rod, B2i_inv, B2iii_sp, ","RLE not adjusted"
"455","SVmp5","LC",11,"LC",4,"LC","LC",0.1,"LC",0,0,"LC","","A3_nat, A2b, B1i_rod, B1i_inv, B1iii_sp, B2i_rod, B2i_inv, B2iii_sp, ","RLE not adjusted"
"456","SVmp6","LC",23,"LC",8,"LC","LC",0.2,"LC",0,0,"LC","","A3_nat, A2b, B1i_rod, B1i_inv, B1iii_sp, B2i_rod, B2i_inv, B2iii_sp, ","RLE not adjusted"
"457","SVmp7","LC",9,"LC",5,"LC","LC",0.1,"LC",0,0,"LC","","A3_nat, A2b, B1i_rod, B1i_inv, B1iii_sp, B2i_rod, B2i_inv, B2iii_sp, ","RLE not adjusted"
"458","SVmp8","LC",0,"LC",0,"LC","LC",0,"LC",0,0,"LC","","A3_nat, A2b, B1i_rod, B1i_inv, B1iii_sp, B2i_rod, B2i_inv, B2iii_sp, ","RLE not adjusted"
"459","SVs1","LC",31,"LC",8,"LC","LC",0.2,"LC",0,0,"LC","","A3_nat, A3_kzn, A2b, B1i_rod, B1i_inv, B1iii_sp, B2i_rod, B2i_inv, B2iii_sp, ","RLE not adjusted"
"460","SVs2","LC",27,"LC",8,"LC","LC",0.2,"LC",0,1,"LC","","A3_nat, A3_kzn, A2b, B1i_rod, B1i_inv, B1iii_sp, B2i_rod, B2i_inv, B2iii_sp, ","RLE not adjusted"
"461","SVs3","LC",26,"LC",13,"LC","LC",0.3,"LC",0,6,"LC","","A3_nat, A3_kzn, A2b, B1i_rod, B1i_inv, B1iii_sp, B2i_rod, B2i_inv, B2iii_sp, ","RLE not adjusted"
"462","SVs4","VU",59,"LC",18,"EN","VU",0.4,"LC",0,5,"EN","B1i_rod","A3_nat, A2b, B1i_rod, B2i_rod, ","RLE not adjusted"
"463","SVs5","EN",76,"EN",52,"EN","LC",1,"LC",0,12,"EN","A3_nat, A3_kzn, A2b, B1i_rod","A3_nat, A3_kzn, A2b, B1i_rod, B2i_rod, B2i_inv, B2iii_sp, ","RLE not adjusted"
"464","SVs6","LC",31,"LC",6,"LC","LC",0.1,"LC",0,6,"LC","","A3_nat, A2b, B1i_rod, B1i_inv, B1iii_sp, B2i_rod, B2i_inv, B2iii_sp, ","RLE not adjusted"
"465","SVs7","LC",38,"LC",13,"LC","LC",0.3,"LC",0,7,"LC","","A3_nat, A2b, B1i_rod, B1i_inv, B1iii_sp, B2i_rod, B2i_inv, B2iii_sp, ","RLE not adjusted"
"466","SVs8","LC",44,"LC",18,"EN","LC",0.4,"LC",0,4,"EN","B1i_rod","A3_nat, A2b, B1i_rod, B2i_rod, B2i_inv, B2iii_sp, D3_step","RLE not adjusted"
