"","T_MAPCODE","T_BIOME","T_Name","get","extent","RLE_EPL","RLE","Criteria_triggered","EPL"
"1","FFd7","Fynbos","Agulhas Sand Fynbos","T3.2",119.5484,"CR_PP","CR","B1iii_sp","PP"
"2","AT34","Albany Thicket","Gamka Valley Thicket","T1.2",161.674,"LC_NP","LC","","NP"
"3","AT50","Albany Thicket","Sundays Mesic Thicket","T1.2",515.4424,"LC_WP","LC","","WP"
"4","AT51","Albany Thicket","Sundays Valley Thicket","T1.2",1693.7084,"LC_MP","LC","","MP"
"5","AT36","Albany Thicket","Goukamma Dune Thicket","MT2.1",29.7644,"CR_WP","CR","B1i_rod","WP"
"6","FS13","Fynbos","Goukamma Strandveld",NA,35.1444,"LC_WP","LC","","WP"
"7","AT40","Albany Thicket","Hartenbos Dune Thicket","MT2.1",463.16,"EN_PP","EN","B1iii_sp","PP"
"8","FFl3","Fynbos","Canca Limestone Fynbos","T3.2",622.3644,"LC_NP","LC","","NP"
"9","FFd9","Fynbos","Albertinia Sand Fynbos","T3.2",264.1432,"EN_PP","EN","B1iii_sp","PP"
"10","FFd11","Fynbos","Southern Cape Dune Fynbos","T3.2",60.0188,"CR_PP","CR","B1i_inv","PP"
"11","FFs20","Fynbos","Tsitsikamma Sandstone Fynbos","T3.2",1567.7116,"LC_WP","LC","","WP"
"12","AT57","Albany Thicket","St Francis Dune Thicket","MT2.1",105.5096,"EN_PP","EN","B1iii_sp, B2iii_sp","PP"
"13","AT54","Albany Thicket","Vanstadens Forest Thicket","T1.2",184.8992,"LC_WP","LC","","WP"
"14","AT19","Albany Thicket","Baviaans Valley Thicket","T1.2",1061.8264,"LC_WP","LC","","WP"
"15","AT25","Albany Thicket","Eastern Gwarrieveld","T1.2",2109.2204,"LC_MP","LC","","MP"
"16","AT27","Albany Thicket","Escarpment Arid Thicket","T1.2",1230.8536,"LC_WP","LC","","WP"
"17","AT29","Albany Thicket","Escarpment Valley Thicket","T1.2",768.056,"LC_WP","LC","","WP"
"18","AT33","Albany Thicket","Gamka Arid Thicket","T1.2",484.0704,"LC_PP","LC","","PP"
"19","AT43","Albany Thicket","Mons Ruber Fynbos Thicket","T3.2",265.86,"LC_NP","LC","","NP"
"20","AT46","Albany Thicket","Oudtshoorn Karroid Thicket","T1.2",552.0688,"LC_WP","LC","","WP"
"21","AT49","Albany Thicket","Sundays Arid Thicket","T1.2",5524.0148,"VU_MP","VU","D3_step; D3_inv","MP"
"22","AT55","Albany Thicket","Western Gwarrieveld","T1.2",741.5976,"LC_PP","LC","","PP"
"23","AT58","Albany Thicket","Willowmore Gwarrieveld","T1.2",2221.2952,"LC_NP","LC","","NP"
"24","AT26","Albany Thicket","Elands Forest Thicket","T1.2",30.174,"LC_PP","LC","","PP"
"25","AT37","Albany Thicket","Gouritz Valley Thicket","T1.2",106.1272,"CR_NP","CR","B1i_rod","NP"
"26","FS14","Fynbos","St Francis Strandveld",NA,84.9324,"CR_PP","CR","B1i_inv","PP"
"27","FRs19","Fynbos","Humansdorp Shale Renosterveld","T3.2",155.8908,"EN_NP","EN","B1i_rod, B2i_rod","NP"
"28","AZa6","Azonal Vegetation","Albany Alluvial Vegetation","T4.1",286.0296,"EN_PP","EN","B1i_rod","PP"
"29","AZd2","Azonal Vegetation","Namaqualand Seashore Vegetation","MT2.1",9.5168,"CR_PP","CR","B2i_rod","PP"
"30","AZd3","Azonal Vegetation","Cape Seashore Vegetation","MT2.1",215.2172,"LC_WP","LC","","WP"
"31","AZa2","Azonal Vegetation","Cape Lowland Alluvial Vegetation","T3.2",116.1724,"EN_NP","EN","B1i_rod, B1i_inv","NP"
"32","AZi1","Azonal Vegetation","Namaqualand Riviere","T5.2",1200.1276,"LC_PP","LC","","PP"
"33","AZa1","Azonal Vegetation","Fynbos Riparian Vegetation","T3.2",18.1868,"LC_WP","LC","","WP"
"34","AZi5","Azonal Vegetation","Bushmanland Vloere","T5.1",4815.0392,"LC_PP","LC","","PP"
"35","AZi6","Azonal Vegetation","Southern Karoo Riviere","T5.2",4534.9768,"LC_PP","LC","","PP"
"36","AZi7","Azonal Vegetation","Tanqua Wash Riviere","T5.2",1983.6596,"LC_MP","LC","","MP"
"37","AZi8","Azonal Vegetation","Muscadel Riviere","T5.2",143.7668,"EN_NP","EN","B1i_rod","NP"
"38","FOz6","Forests","Southern Coastal Forest","T1.2",150.9288,"LC_WP","LC","","WP"
"39","FOz1","Forests","Southern Afrotemperate Forest","T2.4",632.212,"LC_WP","LC","","WP"
"40","FFs19","Fynbos","South Outeniqua Sandstone Fynbos","T3.2",1047.7296,"LC_WP","LC","","WP"
"41","FFt2","Fynbos","Loerie Conglomerate Fynbos","T3.2",181.5708,"LC_PP","LC","","PP"
"42","FFd2","Fynbos","Leipoldtville Sand Fynbos","T3.2",756.9556,"EN_NP","EN","B1i_rod","NP"
"43","FFb4","Fynbos","Central Coastal Shale Band Vegetation","T3.2",54.0568,"LC_WP","LC","","WP"
"44","FFs15","Fynbos","North Langeberg Sandstone Fynbos","T3.2",906.3568,"LC_WP","LC","","WP"
"45","FFb2","Fynbos","Western Coastal Shale Band Vegetation","T3.2",128.2068,"EN_WP","EN","B1iii_sp","WP"
"46","FFg2","Fynbos","Boland Granite Fynbos","T3.2",279.5672,"EN_MP","EN","B1i_rod, B1iii_sp","MP"
"47","FRg2","Fynbos","Swartland Granite Renosterveld","T3.2",153.8836,"EN_NP","EN","A3_nat, A3_wc, A2b, B1i_rod, B1iii_sp","NP"
"48","FFg5","Fynbos","Garden Route Granite Fynbos","T3.2",177.678,"CR_NP","CR","B1i_rod, B1i_inv","NP"
"49","FFd1","Fynbos","Namaqualand Sand Fynbos","T3.2",1106.6752,"LC_PP","LC","","PP"
"50","FFl1","Fynbos","Agulhas Limestone Fynbos","T3.2",257.4524,"CR_PP","CR","B1i_inv, B1iii_sp","PP"
"51","FS7","Fynbos","Overberg Dune Strandveld","T3.2",37.4948,"EN_MP","EN","B1i_inv, B1iii_sp, B2i_inv, B2iii_sp","MP"
"52","FFl2","Fynbos","De Hoop Limestone Fynbos","T3.2",661.6104,"LC_MP","LC","","MP"
"53","FFs17","Fynbos","Potberg Sandstone Fynbos","T3.2",100.296,"CR_WP","CR","B1iii_sp","WP"
"54","FS9","Fynbos","Groot Brak Dune Strandveld","T3.2",12.3604,"CR_NP","CR","B1i_rod, B1i_inv, B2i_rod, B2i_inv","NP"
"55","FFd6","Fynbos","Hangklip Sand Fynbos","T3.2",51.4168,"CR_MP","CR","B1i_rod, B1iii_sp","MP"
"56","FFf1","Fynbos","Elim Ferricrete Fynbos","T3.2",233.5072,"EN_PP","EN","B1i_rod, B1iii_sp","PP"
"57","FFg3","Fynbos","Peninsula Granite Fynbos","T3.2",31.2132,"CR_MP","CR","B1i_rod, B1iii_sp","MP"
"58","FRs10","Fynbos","Peninsula Shale Renosterveld","T3.2",2.5132,"CR_PP","CR","A3_nat, A3_coct, B1i_rod, B1iii_sp, B2i_rod, B2iii_sp","PP"
"59","FS1","Fynbos","Lambert's Bay Strandveld","T3.2",235.792,"CR_PP","CR","B1i_rod","PP"
"60","FS2","Fynbos","Saldanha Granite Strandveld","T3.2",78.3044,"CR_PP","CR","B1i_rod, B1iii_sp","PP"
"61","FS3","Fynbos","Saldanha Flats Strandveld","T3.2",580.8488,"EN_PP","EN","B1i_rod, B1iii_sp","PP"
"62","FS4","Fynbos","Saldanha Limestone Strandveld","T3.2",49.5296,"CR_MP","CR","B1iii_sp","MP"
"63","FS5","Fynbos","Langebaan Dune Strandveld","T3.2",293.0008,"EN_WP","EN","B1iii_sp","WP"
"64","FS6","Fynbos","Cape Flats Dune Strandveld","T3.2",183.1524,"EN_MP","EN","B1i_rod, B1i_inv, B1iii_sp, B2i_rod, B2i_inv, B2iii_sp","MP"
"65","FRc2","Fynbos","Ruens Silcrete Renosterveld","T3.2",28.494,"EN_NP","EN","A3_nat, A3_wc, A2b, B1i_rod, B1iii_sp, B2i_rod, B2iii_sp","NP"
"66","FRs12","Fynbos","Central Ruens Shale Renosterveld","T3.2",195.7052,"CR_NP","CR","A3_nat","NP"
"67","FRs13","Fynbos","Eastern Ruens Shale Renosterveld","T3.2",397.7656,"EN_NP","EN","A3_nat, A3_wc, A2b, B1i_rod, B1iii_sp","NP"
"68","FFs27","Fynbos","Kouga Sandstone Fynbos","T3.2",2155.9756,"LC_WP","LC","","WP"
"69","FFs28","Fynbos","Kouga Grassy Sandstone Fynbos","T3.2",3696.5036,"LC_WP","LC","","WP"
"70","FFs2","Fynbos","Graafwater Sandstone Fynbos","T3.2",937.778,"LC_PP","LC","","PP"
"71","FFh6","Fynbos","Elgin Shale Fynbos","T3.2",67.108,"CR_PP","CR","B1i_rod, B1iii_sp","PP"
"72","FRc1","Fynbos","Swartland Silcrete Renosterveld","T3.2",12.802,"CR_NP","CR","B2i_rod, B2iii_sp","NP"
"73","FRs9","Fynbos","Swartland Shale Renosterveld","T3.2",486.2376,"CR_NP","CR","A3_nat","NP"
"74","FRa1","Fynbos","Breede Alluvium Renosterveld","T3.2",174.4068,"EN_NP","EN","B1i_rod","NP"
"75","FRg3","Fynbos","Robertson Granite Renosterveld","T3.2",18.8332,"LC_MP","LC","","MP"
"76","FRs11","Fynbos","Western Ruens Shale Renosterveld","T3.2",153.0492,"CR_NP","CR","B1i_rod, B1iii_sp","NP"
"77","FRs8","Fynbos","Breede Shale Renosterveld","T3.2",616.4812,"EN_PP","EN","B1iii_sp","PP"
"78","FFb5","Fynbos","Eastern Inland Shale Band Vegetation","T3.2",95.8256,"LC_WP","LC","","WP"
"79","FFh10","Fynbos","Suurberg Shale Fynbos","T3.2",277.9484,"LC_WP","LC","","WP"
"80","FFq5","Fynbos","Grootrivier Quartzite Fynbos","T3.2",388.316,"LC_NP","LC","","NP"
"81","FFq6","Fynbos","Suurberg Quartzite Fynbos","T3.2",668.574,"LC_MP","LC","","MP"
"82","FFs18","Fynbos","North Outeniqua Sandstone Fynbos","T3.2",732.3164,"LC_PP","LC","","PP"
"83","FRs16","Fynbos","Uniondale Shale Renosterveld","T3.2",1104.1168,"LC_PP","LC","","PP"
"84","FRs17","Fynbos","Langkloof Shale Renosterveld","T3.2",64.1688,"EN_NP","EN","B1i_rod","NP"
"85","FRs18","Fynbos","Baviaanskloof Shale Renosterveld","T3.2",118.6764,"LC_WP","LC","","WP"
"86","FRs20","Fynbos","Citrusdal Shale Renosterveld","T3.2",11.4372,"CR_NP","CR","B1i_rod","NP"
"87","FRd1","Fynbos","Nieuwoudtville-Roggeveld Dolerite Renosterveld","T3.2",197.2376,"LC_PP","LC","","PP"
"88","FRd2","Fynbos","Hantam Plateau Dolerite Renosterveld","T3.2",565.3256,"LC_NP","LC","","NP"
"89","FRs1","Fynbos","Vanrhynsdorp Shale Renosterveld","T3.2",196.0464,"LC_PP","LC","","PP"
"90","FRs2","Fynbos","Nieuwoudtville Shale Renosterveld","T3.2",104.3384,"CR_NP","CR","B1i_rod","NP"
"91","FRs3","Fynbos","Roggeveld Shale Renosterveld","T3.2",3148.2664,"LC_PP","LC","","PP"
"92","FRs5","Fynbos","Central Mountain Shale Renosterveld","T3.2",1199.1376,"LC_NP","LC","","NP"
"93","FFg1","Fynbos","Kamiesberg Granite Fynbos","T3.2",64.0224,"LC_NP","LC","","NP"
"94","FRg1","Fynbos","Namaqualand Granite Renosterveld","T3.2",252.788,"LC_NP","LC","","NP"
"95","FFa1","Fynbos","Kouebokkeveld Alluvium Fynbos","T3.2",52.9628,"CR_PP","CR","B1i_rod","PP"
"96","FFb1","Fynbos","Northern Inland Shale Band Vegetation","T3.2",258.2252,"LC_WP","LC","","WP"
"97","FFh1","Fynbos","Kouebokkeveld Shale Fynbos","T3.2",198.7996,"CR_MP","CR","B1i_rod","MP"
"98","FFq2","Fynbos","Swartruggens Quartzite Fynbos","T3.2",1617.4104,"LC_MP","LC","","MP"
"99","FFs1","Fynbos","Bokkeveld Sandstone Fynbos","T3.2",800.52,"LC_PP","LC","","PP"
"100","FFs3","Fynbos","Olifants Sandstone Fynbos","T3.2",469.3428,"LC_WP","LC","","WP"
"101","FFs30","Fynbos","Western Altimontane Sandstone Fynbos","T3.2",37.4804,"LC_WP","LC","","WP"
"102","FFs4","Fynbos","Cederberg Sandstone Fynbos","T3.2",2232.7588,"LC_WP","LC","","WP"
"103","FFs5","Fynbos","Winterhoek Sandstone Fynbos","T3.2",1051.0576,"LC_WP","LC","","WP"
"104","FFs6","Fynbos","Piketberg Sandstone Fynbos","T3.2",370.706,"CR_PP","CR","B1iii_sp","PP"
"105","FFs7","Fynbos","North Hex Sandstone Fynbos","T3.2",371.0828,"LC_WP","LC","","WP"
"106","FFs8","Fynbos","South Hex Sandstone Fynbos","T3.2",315.7336,"LC_WP","LC","","WP"
"107","FFc1","Fynbos","Swellendam Silcrete Fynbos","T3.2",388.6148,"EN_PP","EN","B1i_rod, B1iii_sp","PP"
"108","FFh8","Fynbos","Montagu Shale Fynbos","T3.2",144.4432,"LC_PP","LC","","PP"
"109","FFs16","Fynbos","South Langeberg Sandstone Fynbos","T3.2",1173.312,"LC_WP","LC","","WP"
"110","FFa2","Fynbos","Breede Alluvium Fynbos","T3.2",168.948,"EN_PP","EN","B1i_rod, B1iii_sp, B2i_rod, B2iii_sp","PP"
"111","FFa3","Fynbos","Swartland Alluvium Fynbos","T3.2",136.9996,"EN_PP","EN","A3_nat, B1i_rod, B1iii_sp","PP"
"112","FFd8","Fynbos","Breede Sand Fynbos","T3.2",43.4192,"CR_PP","CR","B1iii_sp","PP"
"113","FFg4","Fynbos","Robertson Granite Fynbos","T3.2",14.1344,"LC_WP","LC","","WP"
"114","FFh4","Fynbos","Breede Shale Fynbos","T3.2",203.6124,"EN_MP","EN","B1i_rod, B1iii_sp","MP"
"115","FFh7","Fynbos","Greyton Shale Fynbos","T3.2",148.176,"CR_PP","CR","B1iii_sp","PP"
"116","FFq4","Fynbos","Breede Quartzite Fynbos","T3.2",91.3208,"LC_PP","LC","","PP"
"117","FFs10","Fynbos","Hawequas Sandstone Fynbos","T3.2",1008.654,"LC_WP","LC","","WP"
"118","FFs13","Fynbos","North Sonderend Sandstone Fynbos","T3.2",520.876,"LC_WP","LC","","WP"
"119","FFs14","Fynbos","South Sonderend Sandstone Fynbos","T3.2",333.1052,"CR_WP","CR","B1iii_sp","WP"
"120","FRa2","Fynbos","Swartland Alluvium Renosterveld","T3.2",36.5332,"CR_NP","CR","B1iii_sp","NP"
"121","FFb3","Fynbos","Central Inland Shale Band Vegetation","T3.2",97.7068,"LC_WP","LC","","WP"
"122","FFh2","Fynbos","Matjiesfontein Shale Fynbos","T3.2",101.2808,"LC_WP","LC","","WP"
"123","FFh3","Fynbos","Swartberg Shale Fynbos","T3.2",63.6852,"LC_PP","LC","","PP"
"124","FFq3","Fynbos","Matjiesfontein Quartzite Fynbos","T3.2",1249.804,"LC_PP","LC","","PP"
"125","FFs21","Fynbos","North Rooiberg Sandstone Fynbos","T3.2",318.0388,"LC_WP","LC","","WP"
"126","FFs22","Fynbos","South Rooiberg Sandstone Fynbos","T3.2",385.3768,"LC_WP","LC","","WP"
"127","FFs23","Fynbos","North Swartberg Sandstone Fynbos","T3.2",846.108,"LC_WP","LC","","WP"
"128","FFs24","Fynbos","South Swartberg Sandstone Fynbos","T3.2",1082.2572,"LC_WP","LC","","WP"
"129","FFs25","Fynbos","North Kammanassie Sandstone Fynbos","T3.2",330.9052,"LC_WP","LC","","WP"
"130","FFs26","Fynbos","South Kammanassie Sandstone Fynbos","T3.2",287.084,"LC_WP","LC","","WP"
"131","FFs31","Fynbos","Swartberg Altimontane Sandstone Fynbos","T3.2",50.79,"LC_WP","LC","","WP"
"132","FFs32","Fynbos","Nardouw Sandstone Fynbos","T3.2",354.3128,"CR_NP","CR","B1i_rod","NP"
"133","FFt1","Fynbos","Kango Conglomerate Fynbos","T3.2",395.7416,"LC_PP","LC","","PP"
"134","FRl1","Fynbos","Kango Limestone Renosterveld","T3.2",432.6812,"LC_PP","LC","","PP"
"135","FRs15","Fynbos","Swartberg Shale Renosterveld","T3.2",264.244,"LC_PP","LC","","PP"
"136","FRs4","Fynbos","Ceres Shale Renosterveld","T3.2",211.3784,"CR_PP","CR","B1i_rod","PP"
"137","FRs6","Fynbos","Matjiesfontein Shale Renosterveld","T3.2",1809.988,"LC_PP","LC","","PP"
"138","FRs7","Fynbos","Montagu Shale Renosterveld","T3.2",1293.4608,"LC_PP","LC","","PP"
"139","FRs14","Fynbos","Mossel Bay Shale Renosterveld","T3.2",326.5452,"CR_NP","CR","B1i_rod","NP"
"140","FFb6","Fynbos","Eastern Coastal Shale Band Vegetation","T3.2",29.268,"EN_PP","EN","B1i_rod, B2i_rod","PP"
"141","FFd10","Fynbos","Knysna Sand Fynbos","T3.2",29.776,"CR_PP","CR","B1i_rod","PP"
"142","FFh9","Fynbos","Garden Route Shale Fynbos","T3.2",243.7668,"EN_PP","EN","B1i_rod, B1i_inv","PP"
"143","FFa4","Fynbos","Lourensford Alluvium Fynbos","T3.2",5.122,"CR_PP","CR","A3_coct, A2b, B1i_rod, B1iii_sp","PP"
"144","FFd3","Fynbos","Hopefield Sand Fynbos","T3.2",638.2968,"EN_PP","EN","B1iii_sp","PP"
"145","FFd4","Fynbos","Atlantis Sand Fynbos","T3.2",330.844,"EN_PP","EN","B1i_rod, B1i_inv, B1iii_sp","PP"
"146","FFd5","Fynbos","Cape Flats Sand Fynbos","T3.2",88.866,"CR_NP","CR","A3_nat, A3_wc, B1i_rod, B1i_inv, B1iii_sp","NP"
"147","FFf2","Fynbos","Potberg Ferricrete Fynbos","T3.2",19.376,"CR_PP","CR","B1iii_sp","PP"
"148","FFh11","Fynbos","Peninsula Shale Fynbos","T3.2",5.3668,"CR_WP","CR","B1i_rod, B2i_rod","WP"
"149","FFh5","Fynbos","Cape Winelands Shale Fynbos","T3.2",35.8028,"CR_MP","CR","B1i_rod, B2i_rod, B1iii_sp, B2iii_sp","MP"
"150","FFs11","Fynbos","Kogelberg Sandstone Fynbos","T3.2",763.5196,"CR_WP","CR","B1iii_sp","WP"
"151","FFs12","Fynbos","Overberg Sandstone Fynbos","T3.2",1049.864,"EN_PP","EN","B1iii_sp","PP"
"152","FFs9","Fynbos","Peninsula Sandstone Fynbos","T3.2",203.276,"CR_WP","CR","B1iii_sp","WP"
"153","FS10","Fynbos","Southwestern Strandveld",NA,305.542,"EN_MP","EN","B1i_inv","MP"
"154","Gh1","Grassland","Karoo Escarpment Grassland","T4.5",8138.5332,"LC_WP","LC","","WP"
"155","Gh4","Grassland","Besemkaree Koppies Shrubland","T4.5",9249.242,"LC_PP","LC","","PP"
"156","Gs17","Grassland","Tarkastad Montane Shrubland","T4.5",4170.7988,"LC_PP","LC","","PP"
"157","NKb3","Nama-Karoo","Bushmanland Arid Grassland","T5.1",40919.9956,"LC_PP","LC","","PP"
"158","NKb4","Nama-Karoo","Bushmanland Sandy Grassland","T5.1",2670.3192,"LC_NP","LC","","NP"
"159","NKb6","Nama-Karoo","Bushmanland Basin Shrubland","T5.1",40909.9712,"LC_PP","LC","","PP"
"160","NKl1","Nama-Karoo","Gamka Karoo","T5.1",20074.7364,"LC_PP","LC","","PP"
"161","NKl2","Nama-Karoo","Eastern Lower Karoo","T5.1",8164.2908,"LC_MP","LC","","MP"
"162","NKu1","Nama-Karoo","Western Upper Karoo","T5.1",16965.0208,"LC_NP","LC","","NP"
"163","NKu2","Nama-Karoo","Upper Karoo Hardeveld","T5.1",11706.3608,"LC_MP","LC","","MP"
"164","NKu3","Nama-Karoo","Northern Upper Karoo","T5.1",40004.2396,"LC_NP","LC","","NP"
"165","NKu4","Nama-Karoo","Eastern Upper Karoo","T5.1",48084.2452,"LC_PP","LC","","PP"
"166","SKs14","Succulent Karoo","Namaqualand Heuweltjie Strandveld","T5.2",644.0144,"LC_PP","LC","","PP"
"167","SKs7","Succulent Karoo","Namaqualand Strandveld","MT2.1",2540.0112,"LC_PP","LC","","PP"
"168","SKs8","Succulent Karoo","Namaqualand Coastal Duneveld","T5.2",727.288,"LC_MP","LC","","MP"
"169","SKs9","Succulent Karoo","Namaqualand Inland Duneveld","T5.2",884.7432,"LC_PP","LC","","PP"
"170","SKk3","Succulent Karoo","Knersvlakte Quartz Vygieveld","T5.2",1298.8296,"LC_WP","LC","","WP"
"171","SKs12","Succulent Karoo","Namaqualand Spinescent Grassland","T5.2",423.524,"LC_PP","LC","","PP"
"172","SKk1","Succulent Karoo","Northern Knersvlakte Vygieveld","T5.2",1666.85,"LC_MP","LC","","MP"
"173","SKk2","Succulent Karoo","Central Knersvlakte Vygieveld","T5.2",129.1548,"LC_WP","LC","","WP"
"174","SKk4","Succulent Karoo","Knersvlakte Shale Vygieveld","T5.2",979.3724,"LC_PP","LC","","PP"
"175","SKk5","Succulent Karoo","Vanrhynsdorp Gannabosveld","T3.2",829.1768,"LC_NP","LC","","NP"
"176","SKk6","Succulent Karoo","Knersvlakte Dolomite Vygieveld","T5.2",57.032,"LC_MP","LC","","MP"
"177","SKk7","Succulent Karoo","Citrusdal Vygieveld","T5.2",130.8612,"LC_PP","LC","","PP"
"178","SKk8","Succulent Karoo","Piketberg Quartz Succulent Shrubland","T5.2",0.6144,"CR_NP","CR","B1i_rod, B2i_rod","NP"
"179","SKk9","Succulent Karoo","Kobee Succulent Shrubland","T5.2",140.2268,"LC_NP","LC","","NP"
"180","SKn1","Succulent Karoo","Namaqualand Klipkoppe Shrubland","T5.2",7342.0048,"LC_PP","LC","","PP"
"181","SKn3","Succulent Karoo","Namaqualand Blomveld","T5.2",2891.024,"LC_PP","LC","","PP"
"182","SKn4","Succulent Karoo","Namaqualand Heuweltjieveld","T5.2",4581.266,"LC_PP","LC","","PP"
"183","SKn5","Succulent Karoo","Platbakkies Succulent Shrubland","T5.2",650.5384,"LC_NP","LC","","NP"
"184","SKn6","Succulent Karoo","Kamiesberg Mountains Shrubland","T3.2",391.506,"LC_NP","LC","","NP"
"185","SKn7","Succulent Karoo","Southern Namaqualand Quartzite Klipkoppe Shrubland","T5.2",907.9312,"LC_PP","LC","","PP"
"186","SKs10","Succulent Karoo","Riethuis-Wallekraal Quartz Vygieveld","T5.2",133.9984,"LC_WP","LC","","WP"
"187","SKs11","Succulent Karoo","Namaqualand Arid Grassland","T4.5",286.6852,"LC_WP","LC","","WP"
"188","SKs13","Succulent Karoo","Klawer Sandy Shrubland","T5.2",108.1508,"CR_NP","CR","B1i_rod","NP"
"189","SKv1","Succulent Karoo","Doringrivier Quartzite Karoo","T5.2",447.9824,"LC_NP","LC","","NP"
"190","SKv10","Succulent Karoo","Little Karoo Quartz Vygieveld","T5.2",226.2656,"LC_PP","LC","","PP"
"191","SKv11","Succulent Karoo","Eastern Little Karoo","T5.2",1369.166,"EN_PP","EN","D1_elk","PP"
"192","SKv13","Succulent Karoo","Prince Albert Succulent Karoo","T5.2",2513.968,"LC_PP","LC","","PP"
"193","SKv14","Succulent Karoo","Steytlerville Karoo","T5.2",769.2448,"LC_NP","LC","","NP"
"194","SKv2","Succulent Karoo","Swartruggens Quartzite Karoo","T5.2",557.15,"LC_MP","LC","","MP"
"195","SKv3","Succulent Karoo","Agter-Sederberg Shrubland","T5.2",902.9904,"LC_PP","LC","","PP"
"196","SKv4","Succulent Karoo","Tanqua Escarpment Shrubland","T5.2",1313.5804,"LC_MP","LC","","MP"
"197","SKv5","Succulent Karoo","Tanqua Karoo","T5.2",6923.8212,"LC_MP","LC","","MP"
"198","SKv6","Succulent Karoo","Koedoesberge-Moordenaars Karoo","T5.2",4674.8652,"LC_NP","LC","","NP"
"199","SKv7","Succulent Karoo","Robertson Karoo","T5.2",496.252,"LC_PP","LC","","PP"
"200","SKv8","Succulent Karoo","Western Little Karoo","T5.2",3931.7928,"LC_MP","LC","","MP"
"201","SKt1","Succulent Karoo","Western Bushmanland Klipveld","T5.2",101.3284,"LC_NP","LC","","NP"
"202","SKt2","Succulent Karoo","Hantam Karoo","T5.2",7313.0976,"LC_NP","LC","","NP"
"203","SKt3","Succulent Karoo","Roggeveld Karoo","T5.2",5222.7172,"LC_NP","LC","","NP"
"204","FS11","Fynbos","Grootbos Strandveld",NA,39.448,"CR_PP","CR","B1i_inv","PP"
"205","FS12","Fynbos","Southeastern Strandveld",NA,91.0064,"EN_PP","EN","B1i_inv, B2i_inv","PP"
"206","AT21","Albany Thicket","Buffels Mesic Thicket","T1.2",310.8976,"LC_PP","LC","","PP"
"207","AT31","Albany Thicket","Fish Mesic Thicket","T1.2",210.196,"LC_PP","LC","","PP"
"208","AT38","Albany Thicket","Grahamstown Grassland Thicket","T1.2",849.7652,"LC_MP","LC","","MP"
"209","AT45","Albany Thicket","Nanaga Savanna Thicket","T1.2",430.4944,"LC_MP","LC","","MP"
"210","AT41","Albany Thicket","Kasouga Dune Thicket","T1.2",207.8656,"LC_MP","LC","","MP"
"211","AT56","Albany Thicket","Hamburg Dune Thicket","T1.2",465.9492,"LC_PP","LC","","PP"
"212","AT18","Albany Thicket","Albany Valley Thicket","T1.2",1034.7104,"LC_MP","LC","","MP"
"213","AT24","Albany Thicket","Doubledrift Karroid Thicket","T1.2",2598.0464,"LC_PP","LC","","PP"
"214","AT15","Albany Thicket","Albany Arid Thicket","T1.2",14.5748,"LC_PP","LC","","PP"
"215","AT16","Albany Thicket","Albany Bontveld","T1.2",51.1648,"LC_PP","LC","","PP"
"216","AT22","Albany Thicket","Buffels Valley Thicket","T1.2",92.3968,"CR_NP","CR","B1i_rod","NP"
"217","AT23","Albany Thicket","Crossroads Grassland Thicket","T1.2",268.2796,"LC_MP","LC","","MP"
"218","AT28","Albany Thicket","Escarpment Mesic Thicket","T1.2",908.232,"LC_PP","LC","","PP"
"219","AT30","Albany Thicket","Fish Arid Thicket","T1.2",625.3256,"LC_WP","LC","","WP"
"220","AT32","Albany Thicket","Fish Valley Thicket","T1.2",3450.6652,"LC_MP","LC","","MP"
"221","AT35","Albany Thicket","Geluk Grassland Thicket","T1.2",18.3744,"LC_MP","LC","","MP"
"222","AT42","Albany Thicket","Koedoeskloof Karroid Thicket","T1.2",51.7304,"LC_NP","LC","","NP"
"223","AT47","Albany Thicket","Saltaire Karroid Thicket","T1.2",886.1536,"LC_PP","LC","","PP"
"224","AT52","Albany Thicket","Thorndale Forest Thicket","T1.2",30.2416,"LC_PP","LC","","PP"
"225","AT17","Albany Thicket","Albany Mesic Thicket","T1.2",576.74,"LC_MP","LC","","MP"
"226","AT20","Albany Thicket","Bethelsdorp Bontveld","T1.2",20.0016,"LC_NP","LC","","NP"
"227","AT39","Albany Thicket","Grassridge Bontveld","T1.2",216.984,"LC_PP","LC","","PP"
"228","AT44","Albany Thicket","Motherwell Karroid Thicket","T1.2",63.2552,"CR_NP","CR","B1i_rod","NP"
"229","AT48","Albany Thicket","Sardinia Forest Thicket","T1.2",11.6912,"CR_NP","CR","B1i_inv","NP"
"230","AT53","Albany Thicket","Umtiza Forest Thicket","T1.2",16.5496,"CR_WP","CR","B1i_rod","WP"
"231","AZa7","Azonal Vegetation","Subtropical Alluvial Vegetation","T3.1",859.3644,"LC_WP","LC","","WP"
"232","AZd4","Azonal Vegetation","Subtropical Seashore Vegetation","MT2.1",26.27,"LC_WP","LC","","WP"
"233","AZs3","Azonal Vegetation","Subtropical Dune Thicket","MT2.1",11.972,"LC_WP","LC","","WP"
"234","AZa4","Azonal Vegetation","Upper Gariep Alluvial Vegetation","T5.1",1248.4128,"LC_PP","LC","","PP"
"235","FOz5","Forests","Scarp Forest","T1.2",946.1864,"LC_WP","LC","","WP"
"236","SVs6","Savanna","Eastern Valley Bushveld","T4.2",7037.5756,"LC_NP","LC","","NP"
"237","FOz7","Forests","Northern Coastal Forest","T1.2",514.9484,"LC_WP","LC","","WP"
"238","FOz2","Forests","Northern Afrotemperate Forest","T2.4",182.4208,"LC_WP","LC","","WP"
"239","FOz3","Forests","Southern Mistbelt Forest","T2.4",884.3512,"LC_MP","LC","","MP"
"240","FFs29","Fynbos","Algoa Sandstone Fynbos","T3.2",131.6812,"CR_PP","CR","B1i_rod, B1iii_sp","PP"
"241","Gd1","Grassland","Amathole Montane Grassland","T4.5",4202.9276,"LC_PP","LC","","PP"
"242","Gd2","Grassland","Amathole Mistbelt Grassland","T4.5",153.586,"LC_NP","LC","","NP"
"243","Gd3","Grassland","Stormberg Plateau Grassland","T4.5",2409.262,"LC_NP","LC","","NP"
"244","Gd4","Grassland","Southern Drakensberg Highland Grassland","T4.5",5993.8588,"LC_PP","LC","","PP"
"245","Gd8","Grassland","Lesotho Highland Basalt Grassland","T4.5",17291.3664,"LC_PP","LC","","PP"
"246","Gh2","Grassland","Aliwal North Dry Grassland","T4.5",5660.4316,"LC_NP","LC","","NP"
"247","Gh3","Grassland","Xhariep Karroid Grassland","T4.5",12357.1816,"LC_PP","LC","","PP"
"248","Gm1","Grassland","Zastron Moist Grassland","T4.5",2813.2064,"LC_NP","LC","","NP"
"249","Gm5","Grassland","Basotho Montane Shrubland","T4.5",2462.3852,"LC_PP","LC","","PP"
"250","Gs10","Grassland","Drakensberg Foothill Moist Grassland","T4.5",7576.2196,"LC_PP","LC","","PP"
"251","Gs11","Grassland","Southern KwaZulu-Natal Moist Grassland","T4.5",1020.7256,"EN_PP","EN","B1i_rod","PP"
"252","Gs12","Grassland","East Griqualand Grassland","T4.5",4698.084,"EN_PP","EN","B1i_rod","PP"
"253","Gs13","Grassland","Mabela Sandy Grassland","T4.5",148.2664,"CR_PP","CR","B1i_rod","PP"
"254","Gs14","Grassland","Mthatha Moist Grassland","T4.5",2135.8588,"EN_NP","EN","B1i_rod","NP"
"255","Gs15","Grassland","Tsomo Grassland","T4.5",3708.014,"LC_NP","LC","","NP"
"256","Gs16","Grassland","Queenstown Thornveld","T4.2",2980.22,"LC_NP","LC","","NP"
"257","Gs18","Grassland","Bedford Dry Grassland","T4.5",1407.3916,"LC_NP","LC","","NP"
"258","Gs19","Grassland","Dry Coast Hinterland Grassland","T4.5",1334.6488,"VU_NP","VU","A3_nat, B1i_rod","NP"
"259","Gs20","Grassland","Moist Coast Hinterland Grassland","T4.5",2257.522,"VU_NP","VU","A3_nat, B1i_rod","NP"
"260","Gs6","Grassland","KwaZulu-Natal Highland Thornveld","T4.5",3303.6124,"LC_PP","LC","","PP"
"261","Gs9","Grassland","Midlands Mistbelt Grassland","T4.5",2020.0288,"EN_PP","EN","A3_nat","PP"
"262","CB6","Indian Ocean Coastal Belt","KwaZulu-Natal Coastal Belt Thornveld","T4.2",411.5112,"EN_NP","EN","B1i_rod, B1i_inv","NP"
"263","CB3","Indian Ocean Coastal Belt","KwaZulu-Natal Coastal Belt Grassland","T4.2",672.314,"EN_NP","EN","A3_nat, A3_kzn, A2b, B1i_rod","NP"
"264","CB4","Indian Ocean Coastal Belt","Pondoland-Ugu Sandstone Coastal Sourveld","T4.2",641.0904,"VU_PP","VU","A3_nat","PP"
"265","CB5","Indian Ocean Coastal Belt","Transkei Coastal Belt","T4.2",899.2332,"EN_PP","EN","B1i_rod","PP"
"266","NKl4","Nama-Karoo","Albany Broken Veld","T5.1",683.2128,"LC_MP","LC","","MP"
"267","SVs7","Savanna","Bhisho Thornveld","T4.2",4782.816,"LC_NP","LC","","NP"
"268","SVs4","Savanna","Ngongoni Veld","T4.2",325.9052,"EN_NP","EN","B1i_rod","NP"
"269","SVs5","Savanna","KwaZulu-Natal Sandstone Sourveld","T4.2",250.3336,"EN_NP","EN","A3_nat, A3_kzn, A2b, B1i_rod","NP"
"270","SVs8","Savanna","South Eastern Coastal Thornveld","T4.2",848.6824,"EN_PP","EN","B1i_rod","PP"
"271","AZd1","Azonal Vegetation","Namib Seashore Vegetation","MT2.1",0.3172,"CR_NP","CR","A3_nat, B1i_rod, B2i_rod","NP"
"272","AZa3","Azonal Vegetation","Lower Gariep Alluvial Vegetation","T5.2",530.9836,"LC_PP","LC","","PP"
"273","AZi3","Azonal Vegetation","Southern Kalahari Mekgacha","T5.2",1914.6164,"LC_MP","LC","","MP"
"274","Dn1","Desert","Alexander Bay Coastal Duneveld","MT2.1",1.3532,"CR_NP","CR","A3_nat, B1i_rod, B2i_rod","NP"
"275","Dn3","Desert","Western Gariep Plains Desert","T5.5",122.5984,"LC_PP","LC","","PP"
"276","Dg1","Desert","Noms Mountain Desert","T5.5",332.8976,"LC_WP","LC","","WP"
"277","Dg10","Desert","Eastern Gariep Rocky Desert","T5.5",2084.2796,"LC_NP","LC","","NP"
"278","Dg2","Desert","Richtersberg Mountain Desert","T5.5",361.3932,"LC_WP","LC","","WP"
"279","Dg3","Desert","Richtersveld Sheet Wash Desert","T5.5",156.4688,"LC_WP","LC","","WP"
"280","Dg4","Desert","Kwaggarug Mountain Desert","T5.5",107.1928,"LC_WP","LC","","WP"
"281","Dg5","Desert","Kahams Mountain Desert","T5.5",591.9344,"LC_WP","LC","","WP"
"282","Dg6","Desert","Helskloof Canyon Desert","T5.5",8.1068,"LC_WP","LC","","WP"
"283","Dg7","Desert","Northern Nababiepsberge Mountain Desert","T5.5",244.0452,"LC_NP","LC","","NP"
"284","Dg8","Desert","Southern Nababiepsberge Mountain Desert","T5.5",342.9244,"LC_NP","LC","","NP"
"285","Dg9","Desert","Eastern Gariep Plains Desert","T5.5",1198.2608,"LC_PP","LC","","PP"
"286","Dn4","Desert","Western Gariep Lowland Desert","T5.5",194.7612,"CR_NP","CR","B1iii_sp","NP"
"287","Dn5","Desert","Western Gariep Hills Desert","T5.5",384.4044,"LC_PP","LC","","PP"
"288","Dn2","Desert","Namib Lichen Fields","T5.5",1.01,"CR_WP","CR","B1i_rod, B2i_rod","WP"
"289","FFq1","Fynbos","Stinkfonteinberge Quartzite Fynbos","T3.2",49.024,"LC_WP","LC","","WP"
"290","NKb1","Nama-Karoo","Lower Gariep Broken Veld","T5.1",4637.4332,"LC_PP","LC","","PP"
"291","NKb2","Nama-Karoo","Blouputs Karroid Thornveld","T5.1",601.392,"LC_WP","LC","","WP"
"292","NKb5","Nama-Karoo","Kalahari Karroid Shrubland","T5.1",8543.5324,"LC_NP","LC","","NP"
"293","SVk10","Savanna","Kuruman Mountain Bushveld","T4.1",5539.6844,"LC_NP","LC","","NP"
"294","SVk11","Savanna","Molopo Bushveld","T4.2",13624.6808,"LC_PP","LC","","PP"
"295","SVk12","Savanna","Kathu Bushveld","T4.2",7252.688,"LC_PP","LC","","PP"
"296","SVk13","Savanna","Olifantshoek Plains Thornveld","T4.1",8409.2552,"LC_PP","LC","","PP"
"297","SVk14","Savanna","Postmasburg Thornveld","T4.1",880.8224,"LC_NP","LC","","NP"
"298","SVk15","Savanna","Koranna-Langeberg Mountain Bushveld","T4.1",1617.2148,"LC_MP","LC","","MP"
"299","SVk16","Savanna","Gordonia Plains Shrubland","T4.1",7905.7652,"LC_MP","LC","","MP"
"300","SVk4","Savanna","Kimberley Thornveld","T4.1",12455.3472,"LC_PP","LC","","PP"
"301","SVk5","Savanna","Vaalbos Rocky Shrubland","T4.1",1418.3416,"LC_PP","LC","","PP"
"302","SVk6","Savanna","Schmidtsdrif Thornveld","T4.1",4220.3792,"LC_NP","LC","","NP"
"303","SVk7","Savanna","Ghaap Plateau Vaalbosveld","T4.1",13112.6348,"LC_NP","LC","","NP"
"304","SVk8","Savanna","Kuruman Vaalbosveld","T4.1",3235.7984,"LC_NP","LC","","NP"
"305","SVk9","Savanna","Kuruman Thornveld","T4.1",5504.2496,"LC_NP","LC","","NP"
"306","SVkd1","Savanna","Gordonia Duneveld","T4.2",37004.7196,"LC_MP","LC","","MP"
"307","SVkd2","Savanna","Gordonia Kameeldoring Bushveld","T4.1",2239.5116,"LC_WP","LC","","WP"
"308","SVkd3","Savanna","Auob Duneveld","T4.1",2897.932,"LC_WP","LC","","WP"
"309","SVkd4","Savanna","Nossob Bushveld","T4.1",762.2544,"LC_WP","LC","","WP"
"310","SKs1","Succulent Karoo","Richtersveld Coastal Duneveld","T5.2",311.0076,"CR_NP","CR","B1i_rod","NP"
"311","SKs2","Succulent Karoo","Northern Richtersveld Yellow Duneveld","T5.2",524.9028,"LC_NP","LC","","NP"
"312","SKs3","Succulent Karoo","Southern Richtersveld Yellow Duneveld","T5.2",302.72,"LC_NP","LC","","NP"
"313","SKs4","Succulent Karoo","Richtersveld Sandy Coastal Scorpionstailveld","T5.2",441.4408,"LC_NP","LC","","NP"
"314","SKr14","Succulent Karoo","Southern Richtersveld Inselberg Shrubland","T5.2",365.2156,"LC_NP","LC","","NP"
"315","SKn2","Succulent Karoo","Namaqualand Shale Shrubland","T5.2",534.2036,"LC_NP","LC","","NP"
"316","SKs5","Succulent Karoo","Richtersveld Red Duneveld","T5.2",565.6908,"LC_NP","LC","","NP"
"317","SKs6","Succulent Karoo","Oograbies Plains Sandy Grassland","T4.5",122.7916,"LC_NP","LC","","NP"
"318","SKr1","Succulent Karoo","Central Richtersveld Mountain Shrubland","T3.2",1199.7416,"LC_WP","LC","","WP"
"319","SKr10","Succulent Karoo","Die Plate Succulent Shrubland","T5.2",127.1424,"LC_NP","LC","","NP"
"320","SKr11","Succulent Karoo","Rooiberg Quartz Vygieveld","T5.2",128.1204,"LC_WP","LC","","WP"
"321","SKr12","Succulent Karoo","Kosiesberg Succulent Shrubland","T5.2",611.8968,"LC_NP","LC","","NP"
"322","SKr13","Succulent Karoo","Southern Richtersveld Scorpionstailveld","T5.2",721.8316,"CR_NP","CR","B1i_sup","NP"
"323","SKr15","Succulent Karoo","Anenous Plateau Shrubland","T5.2",200.304,"LC_NP","LC","","NP"
"324","SKr16","Succulent Karoo","Umdaus Mountains Succulent Shrubland","T5.2",432.3352,"LC_NP","LC","","NP"
"325","SKr17","Succulent Karoo","Eenriet Plains Succulent Shrubland","T5.2",259.666,"LC_NP","LC","","NP"
"326","SKr18","Succulent Karoo","Bushmanland Inselberg Shrubland","T4.1",812.362,"LC_PP","LC","","PP"
"327","SKr19","Succulent Karoo","Aggeneys Gravel Vygieveld","T5.2",367.7144,"LC_WP","LC","","WP"
"328","SKr2","Succulent Karoo","Upper Annisvlakte Succulent Shrubland","T5.2",191.3312,"CR_MP","CR","B1i_sup","MP"
"329","SKr3","Succulent Karoo","Goariep Mountain Succulent Shrubland","T5.2",170.7376,"LC_WP","LC","","WP"
"330","SKr4","Succulent Karoo","Lekkersing Succulent Shrubland","T5.2",827.1612,"LC_MP","LC","","MP"
"331","SKr5","Succulent Karoo","Vyftienmyl se Berge Succulent Shrubland","T5.2",18.3652,"LC_WP","LC","","WP"
"332","SKr6","Succulent Karoo","Stinkfonteinberge Eastern Apron Shrubland","T5.2",65.8232,"LC_WP","LC","","WP"
"333","SKr7","Succulent Karoo","Northern Richtersveld Scorpionstailveld","T5.2",326.5544,"EN_WP","EN","B1i_sup","WP"
"334","SKr8","Succulent Karoo","Rosyntjieberg Succulent Shrubland","T5.2",50.5104,"LC_WP","LC","","WP"
"335","SKr9","Succulent Karoo","Tatasberg Mountain Succulent Shrubland","T5.2",3.2652,"LC_WP","LC","","WP"
"336","SVcb11","Savanna","Andesite Mountain Bushveld","T4.2",2493.6388,"LC_PP","LC","","PP"
"337","SVk1","Savanna","Mafikeng Bushveld","T4.2",12001.9708,"LC_NP","LC","","NP"
"338","SVk18","Savanna","Morokweng Thornveld",NA,953.0492,"LC_NP","LC","","NP"
"339","SVk2","Savanna","Stella Bushveld","T4.1",3227.4224,"LC_NP","LC","","NP"
"340","SVk17","Savanna","Vryburg Thornveld",NA,3751.572,"LC_NP","LC","","NP"
"341","AZa5","Azonal Vegetation","Highveld Alluvial Vegetation","T4.5",2106.648,"LC_PP","LC","","PP"
"342","FOa1","Forests","Lowveld Riverine Forest","T1.2",133.4168,"VU_WP","VU","B2i_rod","WP"
"343","FOz8","Forests","Sand Forest","T4.2",244.2452,"LC_WP","LC","","WP"
"344","FOz4","Forests","Northern Mistbelt Forest","T2.4",288.9104,"LC_WP","LC","","WP"
"345","FOz9","Forests","Ironwood Dry Forest","T4.2",81.2604,"LC_WP","LC","","WP"
"346","CB1","Indian Ocean Coastal Belt","Maputaland Coastal Belt","T4.2",832.548,"EN_MP","EN","B1i_rod","MP"
"347","Gd10","Grassland","Drakensberg Afroalpine Heathland","T4.5",2753.284,"LC_WP","LC","","WP"
"348","Gd5","Grassland","Northern Drakensberg Highland Grassland","T4.5",1116.0928,"LC_WP","LC","","WP"
"349","Gd6","Grassland","Drakensberg-Amathole Afromontane Fynbos","T4.5",21.5476,"LC_WP","LC","","WP"
"350","Gd7","Grassland","uKhahlamba Basalt Grassland","T4.5",1345.922,"LC_WP","LC","","WP"
"351","Gh10","Grassland","Vaal-Vet Sandy Grassland","T4.5",5813.4168,"EN_NP","EN","A3_nat","NP"
"352","Gh11","Grassland","Vredefort Dome Granite Grassland","T4.5",416.9716,"CR_NP","CR","B1i_rod","NP"
"353","Gh12","Grassland","Vaal Reefs Dolomite Sinkhole Woodland","T4.5",221.1288,"LC_NP","LC","","NP"
"354","Gh15","Grassland","Carletonville Dolomite Grassland","T4.5",5468.9772,"LC_PP","LC","","PP"
"355","Gh5","Grassland","Bloemfontein Dry Grassland","T4.5",2576.7764,"LC_PP","LC","","PP"
"356","Gh6","Grassland","Central Free State Grassland","T4.5",10488.0812,"LC_PP","LC","","PP"
"357","Gh7","Grassland","Winburg Grassy Shrubland","T4.5",1286.1452,"LC_PP","LC","","PP"
"358","Gh8","Grassland","Bloemfontein Karroid Shrubland","T4.5",66.1308,"LC_MP","LC","","MP"
"359","Gh9","Grassland","Western Free State Clay Grassland","T4.5",5306.9972,"LC_PP","LC","","PP"
"360","Gm10","Grassland","Egoli Granite Grassland","T4.5",183.1432,"CR_PP","CR","B1i_rod","PP"
"361","Gm11","Grassland","Rand Highveld Grassland","T4.5",4209.3672,"VU_PP","VU","A3_nat","PP"
"362","Gm12","Grassland","Eastern Highveld Grassland","T4.5",3707.4124,"EN_PP","EN","A3_nat","PP"
"363","Gm13","Grassland","Amersfoort Highveld Clay Grassland","T4.5",2126.2596,"LC_PP","LC","","PP"
"364","Gm14","Grassland","Wakkerstroom Montane Grassland","T4.5",2950.1124,"LC_PP","LC","","PP"
"365","Gm15","Grassland","Paulpietersburg Moist Grassland","T4.5",1967.0736,"EN_PP","EN","B1i_rod","PP"
"366","Gm16","Grassland","KaNgwane Montane Grassland","T4.5",5328.8756,"EN_PP","EN","B1i_rod","PP"
"367","Gm17","Grassland","Barberton Montane Grassland","T4.5",805.2008,"LC_WP","LC","","WP"
"368","Gm19","Grassland","Sekhukhune Montane Grassland","T4.5",847.0616,"LC_NP","LC","","NP"
"369","Gm20","Grassland","Leolo Summit Sourveld","T4.5",18.3784,"LC_NP","LC","","NP"
"370","Gm21","Grassland","Lydenburg Thornveld","T4.5",1192.6756,"LC_PP","LC","","PP"
"371","Gm22","Grassland","Northern Escarpment Dolomite Grassland","T4.5",352.086,"EN_PP","EN","B1i_rod","PP"
"372","Gm23","Grassland","Northern Escarpment Quartzite Sourveld","T4.5",759.7868,"LC_MP","LC","","MP"
"373","Gm24","Grassland","Northern Escarpment Afromontane Fynbos","T4.5",9.3328,"LC_WP","LC","","WP"
"374","Gm25","Grassland","Woodbush Granite Grassland","T4.5",103.7852,"CR_PP","CR","B1i_rod","PP"
"375","Gm26","Grassland","Wolkberg Dolomite Grassland","T4.5",242.2212,"LC_WP","LC","","WP"
"376","Gm27","Grassland","Strydpoort Summit Sourveld","T4.5",261.144,"LC_WP","LC","","WP"
"377","Gm28","Grassland","Soutpansberg Summit Sourveld","T4.5",91.556,"LC_WP","LC","","WP"
"378","Gm29","Grassland","Waterberg-Magaliesberg Summit Sourveld","T4.5",502.7088,"LC_WP","LC","","WP"
"379","Gm3","Grassland","Eastern Free State Clay Grassland","T4.5",6008.3952,"VU_NP","VU","A3_nat, B1i_rod","NP"
"380","Gm30","Grassland","Steenkampsberg Montane Grassland","T4.5",2611.3308,"LC_PP","LC","","PP"
"381","Gm31","Grassland","Long Tom Pass Montane Grassland","T4.5",536.1616,"LC_WP","LC","","WP"
"382","Gm4","Grassland","Eastern Free State Sandy Grassland","T4.5",7447.7704,"LC_PP","LC","","PP"
"383","Gm6","Grassland","Frankfort Highveld Grassland","T4.5",5464.9784,"LC_NP","LC","","NP"
"384","Gm7","Grassland","Northern Free State Shrubland","T4.5",27.6196,"LC_PP","LC","","PP"
"385","Gm8","Grassland","Soweto Highveld Grassland","T4.5",5504.348,"VU_NP","VU","A3_nat, B1i_rod","NP"
"386","Gm9","Grassland","Tsakane Clay Grassland","T4.5",435.8432,"EN_PP","EN","B1i_rod","PP"
"387","Gs1","Grassland","Northern Zululand Mistbelt Grassland","T4.5",281.4492,"EN_PP","EN","B1i_rod","PP"
"388","Gs2","Grassland","Ithala Quartzite Sourveld","T4.5",1242.8228,"LC_MP","LC","","MP"
"389","Gs3","Grassland","Low Escarpment Moist Grassland","T4.5",1563.8912,"LC_PP","LC","","PP"
"390","Gs4","Grassland","Northern KwaZulu-Natal Moist Grassland","T4.5",4242.93,"VU_PP","VU","B1i_rod","PP"
"391","Gs7","Grassland","Income Sandy Grassland","T4.5",2366.6848,"EN_NP","EN","B1i_rod","NP"
"392","Gs8","Grassland","Mooi River Highland Grassland","T4.5",1664.26,"EN_PP","EN","B1i_rod","PP"
"393","CB2","Indian Ocean Coastal Belt","Maputaland Wooded Grassland","T4.2",401.0516,"EN_MP","EN","B1i_rod","MP"
"394","SVcb1","Savanna","Dwaalboom Thornveld","T4.2",5108.8792,"LC_MP","LC","","MP"
"395","SVcb10","Savanna","Gauteng Shale Mountain Bushveld","T4.2",919.6632,"EN_PP","EN","B1i_rod","PP"
"396","SVcb12","Savanna","Central Sandy Bushveld","T4.2",10862.8848,"LC_PP","LC","","PP"
"397","SVcb13","Savanna","Loskop Mountain Bushveld","T4.2",1920.4356,"LC_MP","LC","","MP"
"398","SVcb14","Savanna","Loskop Thornveld","T4.2",441.2272,"LC_PP","LC","","PP"
"399","SVcb15","Savanna","Springbokvlakte Thornveld","T4.1",2856.3324,"EN_PP","EN","B1i_rod","PP"
"400","SVcb16","Savanna","Western Sandy Bushveld","T4.2",9880.8072,"LC_MP","LC","","MP"
"401","SVcb17","Savanna","Waterberg Mountain Bushveld","T4.2",8214.646,"LC_MP","LC","","MP"
"402","SVcb18","Savanna","Roodeberg Bushveld","T4.1",5101.8224,"LC_MP","LC","","MP"
"403","SVcb19","Savanna","Limpopo Sweet Bushveld","T4.1",10665.7168,"LC_PP","LC","","PP"
"404","SVcb2","Savanna","Madikwe Dolomite Bushveld","T4.1",1075.8564,"LC_WP","LC","","WP"
"405","SVcb20","Savanna","Makhado Sweet Bushveld","T4.1",6219.6988,"EN_PP","EN","B1i_rod","PP"
"406","SVcb21","Savanna","Soutpansberg Mountain Bushveld","T4.2",3045.662,"LC_MP","LC","","MP"
"407","SVcb22","Savanna","VhaVenda Miombo","T4.2",0.5316,"LC_WP","LC","","WP"
"408","SVcb23","Savanna","Polokwane Plateau Bushveld","T4.2",2519.1048,"EN_PP","EN","B1i_rod","PP"
"409","SVcb24","Savanna","Mamabolo Mountain Bushveld","T4.2",596.7168,"LC_PP","LC","","PP"
"410","SVcb25","Savanna","Poung Dolomite Mountain Bushveld","T4.2",823.9772,"LC_MP","LC","","MP"
"411","SVcb26","Savanna","Ohrigstad Mountain Bushveld","T4.2",1747.8652,"LC_MP","LC","","MP"
"412","SVcb27","Savanna","Sekhukhune Plains Bushveld","T4.1",1210.104,"EN_PP","EN","B1i_rod","PP"
"413","SVcb28","Savanna","Sekhukhune Mountain Bushveld","T4.2",1809.8568,"LC_PP","LC","","PP"
"414","SVcb6","Savanna","Marikana Thornveld","T4.2",708.9796,"EN_PP","EN","B1i_rod","PP"
"415","SVcb7","Savanna","Norite Koppies Bushveld","T4.2",360.9508,"EN_PP","EN","B1i_rod","PP"
"416","SVcb8","Savanna","Moot Plains Bushveld","T4.2",843.362,"EN_PP","EN","B1i_rod","PP"
"417","SVcb9","Savanna","Gold Reef Mountain Bushveld","T4.2",2593.0128,"LC_MP","LC","","MP"
"418","SVl1","Savanna","Makuleke Sandy Bushveld","T4.2",1579.2596,"LC_WP","LC","","WP"
"419","SVl10","Savanna","Pretoriuskop Sour Bushveld","T4.2",615.1964,"LC_WP","LC","","WP"
"420","SVl11","Savanna","Malelane Mountain Bushveld","T4.2",596.5872,"LC_WP","LC","","WP"
"421","SVl12","Savanna","Kaalrug Mountain Bushveld","T4.2",368.3856,"LC_MP","LC","","MP"
"422","SVl13","Savanna","Barberton Serpentine Sourveld","T4.2",72.4612,"LC_WP","LC","","WP"
"423","SVl14","Savanna","Swaziland Sour Bushveld","T4.2",3420.6212,"LC_WP","LC","","WP"
"424","SVl15","Savanna","Northern Lebombo Bushveld","T4.1",1334.5932,"LC_WP","LC","","WP"
"425","SVl16","Savanna","Southern Lebombo Bushveld","T4.2",2251.9056,"LC_MP","LC","","MP"
"426","SVl17","Savanna","Lebombo Summit Sourveld","T4.2",42.6524,"EN_NP","EN","B1i_rod, B2i_rod","NP"
"427","SVl18","Savanna","Tembe Sandy Bushveld","T4.2",865.0132,"LC_MP","LC","","MP"
"428","SVl19","Savanna","Western Maputaland Sandy Bushveld","T4.2",80.776,"CR_MP","CR","B1i_rod","MP"
"429","SVl2","Savanna","Nwambyia-Pumbe Sandy Bushveld","T4.1",181.6164,"LC_WP","LC","","WP"
"430","SVl20","Savanna","Western Maputaland Clay Bushveld","T4.2",648.648,"EN_MP","EN","B1i_rod","MP"
"431","SVl21","Savanna","Makatini Clay Thicket","T4.1",268.5708,"LC_WP","LC","","WP"
"432","SVl22","Savanna","Northern Zululand Sourveld","T4.2",3681.678,"LC_MP","LC","","MP"
"433","SVl23","Savanna","Zululand Lowveld","T4.2",5704.3004,"LC_WP","LC","","WP"
"434","SVl24","Savanna","Zululand Coastal Thornveld","T4.2",182.28,"CR_NP","CR","B1i_rod","NP"
"435","SVl25","Savanna","Maputaland Pallid Sandy Bushveld","T4.2",472.9328,"LC_MP","LC","","MP"
"436","SVl26","Savanna","Muzi Palm Veld and Wooded Grassland","T4.2",510.344,"CR_PP","CR","B1i_rod","PP"
"437","SVl27","Savanna","Crocodile Gorge Mountain Bushveld","T4.2",426.688,"LC_MP","LC","","MP"
"438","SVl3","Savanna","Granite Lowveld","T4.2",14882.14,"LC_WP","LC","","WP"
"439","SVl4","Savanna","Delagoa Lowveld","T4.2",1968.0536,"LC_WP","LC","","WP"
"440","SVl5","Savanna","Tshokwane-Hlane Basalt Lowveld","T4.1",2975.3692,"LC_WP","LC","","WP"
"441","SVl6","Savanna","Gabbro Grassy Bushveld","T4.2",757.7016,"LC_WP","LC","","WP"
"442","SVl7","Savanna","Gravelotte Rocky Bushveld","T4.2",286.2132,"LC_MP","LC","","MP"
"443","SVl8","Savanna","Tzaneen Sour Bushveld","T4.2",1748.3556,"EN_PP","EN","B1i_rod","PP"
"444","SVl9","Savanna","Legogote Sour Bushveld","T4.2",1115.6136,"EN_PP","EN","B1i_rod","PP"
"445","SVmp1","Savanna","Musina Mopane Bushveld","T4.1",8133.022,"LC_MP","LC","","MP"
"446","SVmp2","Savanna","Limpopo Ridge Bushveld","T4.2",2718.2392,"LC_WP","LC","","WP"
"447","SVmp3","Savanna","Cathedral Mopane Bushveld","T4.1",276.878,"LC_WP","LC","","WP"
"448","SVmp4","Savanna","Mopane Basalt Shrubland","T4.1",2800.2144,"LC_WP","LC","","WP"
"449","SVmp5","Savanna","Tsende Mopaneveld","T4.1",4722.0828,"LC_WP","LC","","WP"
"450","SVmp6","Savanna","Lowveld Rugged Mopaneveld","T4.1",2431.4684,"LC_WP","LC","","WP"
"451","SVmp7","Savanna","Phalaborwa-Timbavati Mopaneveld","T4.1",2027.626,"LC_WP","LC","","WP"
"452","SVmp8","Savanna","Mopane Gabbro Shrubland","T4.1",310.2836,"LC_WP","LC","","WP"
"453","SVs1","Savanna","Thukela Valley Bushveld","T4.2",1972.284,"LC_NP","LC","","NP"
"454","SVs2","Savanna","Thukela Thornveld","T4.2",1631.75,"LC_PP","LC","","PP"
"455","SVs3","Savanna","KwaZulu-Natal Hinterland Thornveld","T4.2",1014.296,"LC_PP","LC","","PP"
"456","SVcb29","Savanna","Central Sandy Mountain Bushveld",NA,373.6608,"LC_WP","LC","","WP"
"457","SVcb4","Savanna","Dwarsberg-Swartruggens Mountain Bushveld","T4.2",3661.8716,"LC_PP","LC","","PP"
"458","Gh13","Grassland","Klerksdorp Thornveld","T4.5",2123.7648,"LC_PP","LC","","PP"
"459","SVcb5","Savanna","Pilanesberg Mountain Bushveld","T4.2",359.8116,"LC_WP","LC","","WP"
"460","Gh14","Grassland","Western Highveld Sandy Grassland","T4.5",3675.5048,"EN_NP","EN","B1i_rod","NP"
"461","SVcb3","Savanna","Zeerust Thornveld","T4.1",889.586,"LC_PP","LC","","PP"
"462","Gm2","Grassland","Senqu Montane Shrubland","T4.5",2818.7752,"LC_NP","LC","","NP"
"463","SVk3","Savanna","Schweizer-Reneke Bushveld","T4.1",576.2632,"VU_PP","VU","A3_nat","PP"
